/usr/local/lib/python3.11/dist-packages/torch/cuda/__init__.py:58: FutureWarning: The pynvml package is deprecated. Please install nvidia-ml-py instead. If you did not install pynvml directly, please report this to the maintainers of the package that installed pynvml for you.
  import pynvml  # type: ignore[import]
[repair] legacy attrs filled: {'progressive_sparsity': 4, '_training_step': 4, 'warmup_steps': 4, 'expert_dropout_rate': 4, 'dropout_interval': 4, 'detach_routing': 4, 'last_routing_snapshot': 4, '_moe_nonfinite_events': 4, '_current_top_k': 4, 'routing.capacity_factor': 4, 'routing.noise_std': 4}
[repair] add_residual forced False on 0 blocks; property shadows stripped 5; ES_MOE dense=True
[repair] attached moe_loss_fn to model.3 (E=3)
[repair] attached moe_loss_fn to model.6 (E=3)
[repair] attached moe_loss_fn to model.9 (E=3)
[repair] attached moe_loss_fn to model.12 (E=3)
YOLO-master-n summary: 235 layers, 2,683,380 parameters, 0 gradients, 8.7 GFLOPs
[fuse] folded 0 MoE Conv+BN pairs; standalone BatchNorm2d remaining: 16
[mtq] sensitive set 'default': ('*model.0.*', '*model.1.*', '*routing*', '*router*', '*dfl*')
[calib] 1024 train images from /data/datasets/coco/images/train2017
Inserted 496 quantizers
[mtq] calibrated in 31s, 282 active quantizers, 0 uncalibrated->disabled
model.0.conv.input_quantizer                                                     TensorQuantizer(disabled)
model.0.conv.output_quantizer                                                    TensorQuantizer(disabled)
model.0.conv.weight_quantizer                                                    TensorQuantizer(disabled)
model.1.conv.input_quantizer                                                     TensorQuantizer(disabled)
model.1.conv.output_quantizer                                                    TensorQuantizer(disabled)
model.1.conv.weight_quantizer                                                    TensorQuantizer(disabled)
model.2.cv1.conv.input_quantizer                                                 TensorQuantizer(8 bit fake per-tensor amax=107.2800 calibrator=MaxCalibrator quant)
model.2.cv1.conv.output_quantizer                                                TensorQuantizer(disabled)
model.2.cv1.conv.weight_quantizer                                                TensorQuantizer(8 bit fake axis=0 amax=[0.1985, 1.4311](32) calibrator=MaxCalibrator quant)
model.2.cv2.conv.input_quantizer                                                 TensorQuantizer(8 bit fake per-tensor amax=31.6236 calibrator=MaxCalibrator quant)
model.2.cv2.conv.output_quantizer                                                TensorQuantizer(disabled)
model.2.cv2.conv.weight_quantizer                                                TensorQuantizer(8 bit fake axis=0 amax=[0.1309, 1.2108](64) calibrator=MaxCalibrator quant)
model.2.m.0.cv1.conv.input_quantizer                                             TensorQuantizer(8 bit fake per-tensor amax=22.2776 calibrator=MaxCalibrator quant)
model.2.m.0.cv1.conv.output_quantizer                                            TensorQuantizer(disabled)
model.2.m.0.cv1.conv.weight_quantizer                                            TensorQuantizer(8 bit fake axis=0 amax=[0.1851, 0.5913](8) calibrator=MaxCalibrator quant)
model.2.m.0.cv2.conv.input_quantizer                                             TensorQuantizer(8 bit fake per-tensor amax=7.0511 calibrator=MaxCalibrator quant)
model.2.m.0.cv2.conv.output_quantizer                                            TensorQuantizer(disabled)
model.2.m.0.cv2.conv.weight_quantizer                                            TensorQuantizer(8 bit fake axis=0 amax=[1.1661, 6.5090](16) calibrator=MaxCalibrator quant)
model.3.routing.global_pool.input_quantizer                                      TensorQuantizer(disabled)
model.3.routing.global_pool.output_quantizer                                     TensorQuantizer(disabled)
model.3.routing.routing_network.0.input_quantizer                                TensorQuantizer(disabled)
model.3.routing.routing_network.0.output_quantizer                               TensorQuantizer(disabled)
model.3.routing.routing_network.0.weight_quantizer                               TensorQuantizer(disabled)
model.3.routing.routing_network.2.input_quantizer                                TensorQuantizer(disabled)
model.3.routing.routing_network.2.output_quantizer                               TensorQuantizer(disabled)
model.3.routing.routing_network.2.weight_quantizer                               TensorQuantizer(disabled)
model.3.experts.0.conv.depthwise.input_quantizer                                 TensorQuantizer(8 bit fake per-tensor amax=23.2965 calibrator=MaxCalibrator quant)
model.3.experts.0.conv.depthwise.output_quantizer                                TensorQuantizer(disabled)
model.3.experts.0.conv.depthwise.weight_quantizer                                TensorQuantizer(8 bit fake axis=0 amax=[0.0197, 0.2067](64) calibrator=MaxCalibrator quant)
model.3.experts.0.conv.pointwise.input_quantizer                                 TensorQuantizer(8 bit fake per-tensor amax=2.1723 calibrator=MaxCalibrator quant)
model.3.experts.0.conv.pointwise.output_quantizer                                TensorQuantizer(disabled)
model.3.experts.0.conv.pointwise.weight_quantizer                                TensorQuantizer(8 bit fake axis=0 amax=[0.0474, 0.1676](64) calibrator=MaxCalibrator quant)
model.3.experts.0.conv.bn.input_quantizer                                        TensorQuantizer(disabled)
model.3.experts.0.conv.bn.output_quantizer                                       TensorQuantizer(disabled)
model.3.experts.1.conv.depthwise.input_quantizer                                 TensorQuantizer(8 bit fake per-tensor amax=23.2965 calibrator=MaxCalibrator quant)
model.3.experts.1.conv.depthwise.output_quantizer                                TensorQuantizer(disabled)
model.3.experts.1.conv.depthwise.weight_quantizer                                TensorQuantizer(8 bit fake axis=0 amax=[0.0228, 0.1953](64) calibrator=MaxCalibrator quant)
model.3.experts.1.conv.pointwise.input_quantizer                                 TensorQuantizer(8 bit fake per-tensor amax=2.5918 calibrator=MaxCalibrator quant)
model.3.experts.1.conv.pointwise.output_quantizer                                TensorQuantizer(disabled)
model.3.experts.1.conv.pointwise.weight_quantizer                                TensorQuantizer(8 bit fake axis=0 amax=[0.0549, 0.1936](64) calibrator=MaxCalibrator quant)
model.3.experts.1.conv.bn.input_quantizer                                        TensorQuantizer(disabled)
model.3.experts.1.conv.bn.output_quantizer                                       TensorQuantizer(disabled)
model.3.experts.2.conv.depthwise.input_quantizer                                 TensorQuantizer(8 bit fake per-tensor amax=23.2965 calibrator=MaxCalibrator quant)
model.3.experts.2.conv.depthwise.output_quantizer                                TensorQuantizer(disabled)
model.3.experts.2.conv.depthwise.weight_quantizer                                TensorQuantizer(8 bit fake axis=0 amax=[0.0409, 0.1793](64) calibrator=MaxCalibrator quant)
model.3.experts.2.conv.pointwise.input_quantizer                                 TensorQuantizer(8 bit fake per-tensor amax=4.0175 calibrator=MaxCalibrator quant)
model.3.experts.2.conv.pointwise.output_quantizer                                TensorQuantizer(disabled)
model.3.experts.2.conv.pointwise.weight_quantizer                                TensorQuantizer(8 bit fake axis=0 amax=[0.0504, 0.1862](64) calibrator=MaxCalibrator quant)
model.3.experts.2.conv.bn.input_quantizer                                        TensorQuantizer(disabled)
model.3.experts.2.conv.bn.output_quantizer                                       TensorQuantizer(disabled)
model.3.norm.0.input_quantizer                                                   TensorQuantizer(disabled)
model.3.norm.0.output_quantizer                                                  TensorQuantizer(disabled)
model.4.conv.input_quantizer                                                     TensorQuantizer(8 bit fake per-tensor amax=51.8659 calibrator=MaxCalibrator quant)
model.4.conv.output_quantizer                                                    TensorQuantizer(disabled)
model.4.conv.weight_quantizer                                                    TensorQuantizer(8 bit fake axis=0 amax=[0.0323, 0.3164](64) calibrator=MaxCalibrator quant)
model.5.cv1.conv.input_quantizer                                                 TensorQuantizer(8 bit fake per-tensor amax=8.9199 calibrator=MaxCalibrator quant)
model.5.cv1.conv.output_quantizer                                                TensorQuantizer(disabled)
model.5.cv1.conv.weight_quantizer                                                TensorQuantizer(8 bit fake axis=0 amax=[0.2449, 1.4704](64) calibrator=MaxCalibrator quant)
model.5.cv2.conv.input_quantizer                                                 TensorQuantizer(8 bit fake per-tensor amax=8.3825 calibrator=MaxCalibrator quant)
model.5.cv2.conv.output_quantizer                                                TensorQuantizer(disabled)
model.5.cv2.conv.weight_quantizer                                                TensorQuantizer(8 bit fake axis=0 amax=[0.2670, 1.3046](128) calibrator=MaxCalibrator quant)
model.5.m.0.cv1.conv.input_quantizer                                             TensorQuantizer(8 bit fake per-tensor amax=5.4576 calibrator=MaxCalibrator quant)
model.5.m.0.cv1.conv.output_quantizer                                            TensorQuantizer(disabled)
model.5.m.0.cv1.conv.weight_quantizer                                            TensorQuantizer(8 bit fake axis=0 amax=[0.1817, 0.7409](16) calibrator=MaxCalibrator quant)
model.5.m.0.cv2.conv.input_quantizer                                             TensorQuantizer(8 bit fake per-tensor amax=5.8816 calibrator=MaxCalibrator quant)
model.5.m.0.cv2.conv.output_quantizer                                            TensorQuantizer(disabled)
model.5.m.0.cv2.conv.weight_quantizer                                            TensorQuantizer(8 bit fake axis=0 amax=[0.3335, 0.9795](32) calibrator=MaxCalibrator quant)
model.6.routing.global_pool.input_quantizer                                      TensorQuantizer(disabled)
model.6.routing.global_pool.output_quantizer                                     TensorQuantizer(disabled)
model.6.routing.routing_network.0.input_quantizer                                TensorQuantizer(disabled)
model.6.routing.routing_network.0.output_quantizer                               TensorQuantizer(disabled)
model.6.routing.routing_network.0.weight_quantizer                               TensorQuantizer(disabled)
model.6.routing.routing_network.2.input_quantizer                                TensorQuantizer(disabled)
model.6.routing.routing_network.2.output_quantizer                               TensorQuantizer(disabled)
model.6.routing.routing_network.2.weight_quantizer                               TensorQuantizer(disabled)
model.6.experts.0.conv.depthwise.input_quantizer                                 TensorQuantizer(8 bit fake per-tensor amax=11.8535 calibrator=MaxCalibrator quant)
model.6.experts.0.conv.depthwise.output_quantizer                                TensorQuantizer(disabled)
model.6.experts.0.conv.depthwise.weight_quantizer                                TensorQuantizer(8 bit fake axis=0 amax=[0.0371, 0.1938](128) calibrator=MaxCalibrator quant)
model.6.experts.0.conv.pointwise.input_quantizer                                 TensorQuantizer(8 bit fake per-tensor amax=0.9774 calibrator=MaxCalibrator quant)
model.6.experts.0.conv.pointwise.output_quantizer                                TensorQuantizer(disabled)
model.6.experts.0.conv.pointwise.weight_quantizer                                TensorQuantizer(8 bit fake axis=0 amax=[0.0321, 0.2258](128) calibrator=MaxCalibrator quant)
model.6.experts.0.conv.bn.input_quantizer                                        TensorQuantizer(disabled)
model.6.experts.0.conv.bn.output_quantizer                                       TensorQuantizer(disabled)
model.6.experts.1.conv.depthwise.input_quantizer                                 TensorQuantizer(8 bit fake per-tensor amax=11.8535 calibrator=MaxCalibrator quant)
model.6.experts.1.conv.depthwise.output_quantizer                                TensorQuantizer(disabled)
model.6.experts.1.conv.depthwise.weight_quantizer                                TensorQuantizer(8 bit fake axis=0 amax=[0.0322, 0.1649](128) calibrator=MaxCalibrator quant)
model.6.experts.1.conv.pointwise.input_quantizer                                 TensorQuantizer(8 bit fake per-tensor amax=1.2040 calibrator=MaxCalibrator quant)
model.6.experts.1.conv.pointwise.output_quantizer                                TensorQuantizer(disabled)
model.6.experts.1.conv.pointwise.weight_quantizer                                TensorQuantizer(8 bit fake axis=0 amax=[0.0364, 0.1561](128) calibrator=MaxCalibrator quant)
model.6.experts.1.conv.bn.input_quantizer                                        TensorQuantizer(disabled)
model.6.experts.1.conv.bn.output_quantizer                                       TensorQuantizer(disabled)
model.6.experts.2.conv.depthwise.input_quantizer                                 TensorQuantizer(8 bit fake per-tensor amax=11.8535 calibrator=MaxCalibrator quant)
model.6.experts.2.conv.depthwise.output_quantizer                                TensorQuantizer(disabled)
model.6.experts.2.conv.depthwise.weight_quantizer                                TensorQuantizer(8 bit fake axis=0 amax=[0.0369, 0.1495](128) calibrator=MaxCalibrator quant)
model.6.experts.2.conv.pointwise.input_quantizer                                 TensorQuantizer(8 bit fake per-tensor amax=1.4615 calibrator=MaxCalibrator quant)
model.6.experts.2.conv.pointwise.output_quantizer                                TensorQuantizer(disabled)
model.6.experts.2.conv.pointwise.weight_quantizer                                TensorQuantizer(8 bit fake axis=0 amax=[0.0361, 0.1708](128) calibrator=MaxCalibrator quant)
model.6.experts.2.conv.bn.input_quantizer                                        TensorQuantizer(disabled)
model.6.experts.2.conv.bn.output_quantizer                                       TensorQuantizer(disabled)
model.6.norm.0.input_quantizer                                                   TensorQuantizer(disabled)
model.6.norm.0.output_quantizer                                                  TensorQuantizer(disabled)
model.7.conv.input_quantizer                                                     TensorQuantizer(8 bit fake per-tensor amax=24.3670 calibrator=MaxCalibrator quant)
model.7.conv.output_quantizer                                                    TensorQuantizer(disabled)
model.7.conv.weight_quantizer                                                    TensorQuantizer(8 bit fake axis=0 amax=[0.0656, 0.5639](128) calibrator=MaxCalibrator quant)
model.8.cv1.conv.input_quantizer                                                 TensorQuantizer(8 bit fake per-tensor amax=23.4989 calibrator=MaxCalibrator quant)
model.8.cv1.conv.output_quantizer                                                TensorQuantizer(disabled)
model.8.cv1.conv.weight_quantizer                                                TensorQuantizer(8 bit fake axis=0 amax=[0.4323, 1.8386](64) calibrator=MaxCalibrator quant)
model.8.cv2.conv.input_quantizer                                                 TensorQuantizer(8 bit fake per-tensor amax=22.2405 calibrator=MaxCalibrator quant)
model.8.cv2.conv.output_quantizer                                                TensorQuantizer(disabled)
model.8.cv2.conv.weight_quantizer                                                TensorQuantizer(8 bit fake axis=0 amax=[0.0479, 0.3774](128) calibrator=MaxCalibrator quant)
model.8.m.0.0.attn.qkv.conv.input_quantizer                                      TensorQuantizer(8 bit fake per-tensor amax=17.1373 calibrator=MaxCalibrator quant)
model.8.m.0.0.attn.qkv.conv.output_quantizer                                     TensorQuantizer(disabled)
model.8.m.0.0.attn.qkv.conv.weight_quantizer                                     TensorQuantizer(8 bit fake axis=0 amax=[0.0550, 1.1601](192) calibrator=MaxCalibrator quant)
model.8.m.0.0.attn.proj.conv.input_quantizer                                     TensorQuantizer(8 bit fake per-tensor amax=11.1753 calibrator=MaxCalibrator quant)
model.8.m.0.0.attn.proj.conv.output_quantizer                                    TensorQuantizer(disabled)
model.8.m.0.0.attn.proj.conv.weight_quantizer                                    TensorQuantizer(8 bit fake axis=0 amax=[0.0719, 0.6272](64) calibrator=MaxCalibrator quant)
model.8.m.0.0.attn.pe.conv.input_quantizer                                       TensorQuantizer(8 bit fake per-tensor amax=15.6852 calibrator=MaxCalibrator quant)
model.8.m.0.0.attn.pe.conv.output_quantizer                                      TensorQuantizer(disabled)
model.8.m.0.0.attn.pe.conv.weight_quantizer                                      TensorQuantizer(8 bit fake axis=0 amax=[0.0394, 2.8592](64) calibrator=MaxCalibrator quant)
model.8.m.0.0.mlp.0.conv.input_quantizer                                         TensorQuantizer(8 bit fake per-tensor amax=13.1534 calibrator=MaxCalibrator quant)
model.8.m.0.0.mlp.0.conv.output_quantizer                                        TensorQuantizer(disabled)
model.8.m.0.0.mlp.0.conv.weight_quantizer                                        TensorQuantizer(8 bit fake axis=0 amax=[0.1889, 0.5348](128) calibrator=MaxCalibrator quant)
model.8.m.0.0.mlp.1.conv.input_quantizer                                         TensorQuantizer(8 bit fake per-tensor amax=7.2952 calibrator=MaxCalibrator quant)
model.8.m.0.0.mlp.1.conv.output_quantizer                                        TensorQuantizer(disabled)
model.8.m.0.0.mlp.1.conv.weight_quantizer                                        TensorQuantizer(8 bit fake axis=0 amax=[0.2316, 1.2121](64) calibrator=MaxCalibrator quant)
model.8.m.0.1.attn.qkv.conv.input_quantizer                                      TensorQuantizer(8 bit fake per-tensor amax=12.1498 calibrator=MaxCalibrator quant)
model.8.m.0.1.attn.qkv.conv.output_quantizer                                     TensorQuantizer(disabled)
model.8.m.0.1.attn.qkv.conv.weight_quantizer                                     TensorQuantizer(8 bit fake axis=0 amax=[0.0631, 1.1845](192) calibrator=MaxCalibrator quant)
model.8.m.0.1.attn.proj.conv.input_quantizer                                     TensorQuantizer(8 bit fake per-tensor amax=8.2229 calibrator=MaxCalibrator quant)
model.8.m.0.1.attn.proj.conv.output_quantizer                                    TensorQuantizer(disabled)
model.8.m.0.1.attn.proj.conv.weight_quantizer                                    TensorQuantizer(8 bit fake axis=0 amax=[0.0737, 0.5318](64) calibrator=MaxCalibrator quant)
model.8.m.0.1.attn.pe.conv.input_quantizer                                       TensorQuantizer(8 bit fake per-tensor amax=14.6489 calibrator=MaxCalibrator quant)
model.8.m.0.1.attn.pe.conv.output_quantizer                                      TensorQuantizer(disabled)
model.8.m.0.1.attn.pe.conv.weight_quantizer                                      TensorQuantizer(8 bit fake axis=0 amax=[0.1419, 3.0638](64) calibrator=MaxCalibrator quant)
model.8.m.0.1.mlp.0.conv.input_quantizer                                         TensorQuantizer(8 bit fake per-tensor amax=14.1779 calibrator=MaxCalibrator quant)
model.8.m.0.1.mlp.0.conv.output_quantizer                                        TensorQuantizer(disabled)
model.8.m.0.1.mlp.0.conv.weight_quantizer                                        TensorQuantizer(8 bit fake axis=0 amax=[0.1900, 0.7235](128) calibrator=MaxCalibrator quant)
model.8.m.0.1.mlp.1.conv.input_quantizer                                         TensorQuantizer(8 bit fake per-tensor amax=7.8556 calibrator=MaxCalibrator quant)
model.8.m.0.1.mlp.1.conv.output_quantizer                                        TensorQuantizer(disabled)
model.8.m.0.1.mlp.1.conv.weight_quantizer                                        TensorQuantizer(8 bit fake axis=0 amax=[0.2033, 1.9202](64) calibrator=MaxCalibrator quant)
model.8.m.1.0.attn.qkv.conv.input_quantizer                                      TensorQuantizer(8 bit fake per-tensor amax=13.8292 calibrator=MaxCalibrator quant)
model.8.m.1.0.attn.qkv.conv.output_quantizer                                     TensorQuantizer(disabled)
model.8.m.1.0.attn.qkv.conv.weight_quantizer                                     TensorQuantizer(8 bit fake axis=0 amax=[0.0366, 1.3394](192) calibrator=MaxCalibrator quant)
model.8.m.1.0.attn.proj.conv.input_quantizer                                     TensorQuantizer(8 bit fake per-tensor amax=12.3862 calibrator=MaxCalibrator quant)
model.8.m.1.0.attn.proj.conv.output_quantizer                                    TensorQuantizer(disabled)
model.8.m.1.0.attn.proj.conv.weight_quantizer                                    TensorQuantizer(8 bit fake axis=0 amax=[0.0124, 0.6558](64) calibrator=MaxCalibrator quant)
model.8.m.1.0.attn.pe.conv.input_quantizer                                       TensorQuantizer(8 bit fake per-tensor amax=15.8566 calibrator=MaxCalibrator quant)
model.8.m.1.0.attn.pe.conv.output_quantizer                                      TensorQuantizer(disabled)
model.8.m.1.0.attn.pe.conv.weight_quantizer                                      TensorQuantizer(8 bit fake axis=0 amax=[0.0871, 3.1581](64) calibrator=MaxCalibrator quant)
model.8.m.1.0.mlp.0.conv.input_quantizer                                         TensorQuantizer(8 bit fake per-tensor amax=14.5521 calibrator=MaxCalibrator quant)
model.8.m.1.0.mlp.0.conv.output_quantizer                                        TensorQuantizer(disabled)
model.8.m.1.0.mlp.0.conv.weight_quantizer                                        TensorQuantizer(8 bit fake axis=0 amax=[0.1561, 0.4524](128) calibrator=MaxCalibrator quant)
model.8.m.1.0.mlp.1.conv.input_quantizer                                         TensorQuantizer(8 bit fake per-tensor amax=7.8856 calibrator=MaxCalibrator quant)
model.8.m.1.0.mlp.1.conv.output_quantizer                                        TensorQuantizer(disabled)
model.8.m.1.0.mlp.1.conv.weight_quantizer                                        TensorQuantizer(8 bit fake axis=0 amax=[0.0803, 1.2643](64) calibrator=MaxCalibrator quant)
model.8.m.1.1.attn.qkv.conv.input_quantizer                                      TensorQuantizer(8 bit fake per-tensor amax=14.6853 calibrator=MaxCalibrator quant)
model.8.m.1.1.attn.qkv.conv.output_quantizer                                     TensorQuantizer(disabled)
model.8.m.1.1.attn.qkv.conv.weight_quantizer                                     TensorQuantizer(8 bit fake axis=0 amax=[0.0263, 1.0934](192) calibrator=MaxCalibrator quant)
model.8.m.1.1.attn.proj.conv.input_quantizer                                     TensorQuantizer(8 bit fake per-tensor amax=7.2199 calibrator=MaxCalibrator quant)
model.8.m.1.1.attn.proj.conv.output_quantizer                                    TensorQuantizer(disabled)
model.8.m.1.1.attn.proj.conv.weight_quantizer                                    TensorQuantizer(8 bit fake axis=0 amax=[0.2429, 0.9722](64) calibrator=MaxCalibrator quant)
model.8.m.1.1.attn.pe.conv.input_quantizer                                       TensorQuantizer(8 bit fake per-tensor amax=14.6047 calibrator=MaxCalibrator quant)
model.8.m.1.1.attn.pe.conv.output_quantizer                                      TensorQuantizer(disabled)
model.8.m.1.1.attn.pe.conv.weight_quantizer                                      TensorQuantizer(8 bit fake axis=0 amax=[0.1568, 3.6979](64) calibrator=MaxCalibrator quant)
model.8.m.1.1.mlp.0.conv.input_quantizer                                         TensorQuantizer(8 bit fake per-tensor amax=22.8274 calibrator=MaxCalibrator quant)
model.8.m.1.1.mlp.0.conv.output_quantizer                                        TensorQuantizer(disabled)
model.8.m.1.1.mlp.0.conv.weight_quantizer                                        TensorQuantizer(8 bit fake axis=0 amax=[0.1236, 0.3220](128) calibrator=MaxCalibrator quant)
model.8.m.1.1.mlp.1.conv.input_quantizer                                         TensorQuantizer(8 bit fake per-tensor amax=6.6591 calibrator=MaxCalibrator quant)
model.8.m.1.1.mlp.1.conv.output_quantizer                                        TensorQuantizer(disabled)
model.8.m.1.1.mlp.1.conv.weight_quantizer                                        TensorQuantizer(8 bit fake axis=0 amax=[0.6263, 2.3931](64) calibrator=MaxCalibrator quant)
model.9.routing.global_pool.input_quantizer                                      TensorQuantizer(disabled)
model.9.routing.global_pool.output_quantizer                                     TensorQuantizer(disabled)
model.9.routing.routing_network.0.input_quantizer                                TensorQuantizer(disabled)
model.9.routing.routing_network.0.output_quantizer                               TensorQuantizer(disabled)
model.9.routing.routing_network.0.weight_quantizer                               TensorQuantizer(disabled)
model.9.routing.routing_network.2.input_quantizer                                TensorQuantizer(disabled)
model.9.routing.routing_network.2.output_quantizer                               TensorQuantizer(disabled)
model.9.routing.routing_network.2.weight_quantizer                               TensorQuantizer(disabled)
model.9.experts.0.conv.depthwise.input_quantizer                                 TensorQuantizer(8 bit fake per-tensor amax=10.7490 calibrator=MaxCalibrator quant)
model.9.experts.0.conv.depthwise.output_quantizer                                TensorQuantizer(disabled)
model.9.experts.0.conv.depthwise.weight_quantizer                                TensorQuantizer(8 bit fake axis=0 amax=[0.0344, 0.1659](128) calibrator=MaxCalibrator quant)
model.9.experts.0.conv.pointwise.input_quantizer                                 TensorQuantizer(8 bit fake per-tensor amax=0.9835 calibrator=MaxCalibrator quant)
model.9.experts.0.conv.pointwise.output_quantizer                                TensorQuantizer(disabled)
model.9.experts.0.conv.pointwise.weight_quantizer                                TensorQuantizer(8 bit fake axis=0 amax=[0.0352, 0.1622](128) calibrator=MaxCalibrator quant)
model.9.experts.0.conv.bn.input_quantizer                                        TensorQuantizer(disabled)
model.9.experts.0.conv.bn.output_quantizer                                       TensorQuantizer(disabled)
model.9.experts.1.conv.depthwise.input_quantizer                                 TensorQuantizer(8 bit fake per-tensor amax=10.7490 calibrator=MaxCalibrator quant)
model.9.experts.1.conv.depthwise.output_quantizer                                TensorQuantizer(disabled)
model.9.experts.1.conv.depthwise.weight_quantizer                                TensorQuantizer(8 bit fake axis=0 amax=[0.0338, 0.1414](128) calibrator=MaxCalibrator quant)
model.9.experts.1.conv.pointwise.input_quantizer                                 TensorQuantizer(8 bit fake per-tensor amax=1.0249 calibrator=MaxCalibrator quant)
model.9.experts.1.conv.pointwise.output_quantizer                                TensorQuantizer(disabled)
model.9.experts.1.conv.pointwise.weight_quantizer                                TensorQuantizer(8 bit fake axis=0 amax=[0.0293, 0.1407](128) calibrator=MaxCalibrator quant)
model.9.experts.1.conv.bn.input_quantizer                                        TensorQuantizer(disabled)
model.9.experts.1.conv.bn.output_quantizer                                       TensorQuantizer(disabled)
model.9.experts.2.conv.depthwise.input_quantizer                                 TensorQuantizer(8 bit fake per-tensor amax=10.7490 calibrator=MaxCalibrator quant)
model.9.experts.2.conv.depthwise.output_quantizer                                TensorQuantizer(disabled)
model.9.experts.2.conv.depthwise.weight_quantizer                                TensorQuantizer(8 bit fake axis=0 amax=[0.0209, 0.1414](128) calibrator=MaxCalibrator quant)
model.9.experts.2.conv.pointwise.input_quantizer                                 TensorQuantizer(8 bit fake per-tensor amax=1.2577 calibrator=MaxCalibrator quant)
model.9.experts.2.conv.pointwise.output_quantizer                                TensorQuantizer(disabled)
model.9.experts.2.conv.pointwise.weight_quantizer                                TensorQuantizer(8 bit fake axis=0 amax=[0.0314, 0.1428](128) calibrator=MaxCalibrator quant)
model.9.experts.2.conv.bn.input_quantizer                                        TensorQuantizer(disabled)
model.9.experts.2.conv.bn.output_quantizer                                       TensorQuantizer(disabled)
model.9.norm.0.input_quantizer                                                   TensorQuantizer(disabled)
model.9.norm.0.output_quantizer                                                  TensorQuantizer(disabled)
model.10.conv.input_quantizer                                                    TensorQuantizer(8 bit fake per-tensor amax=22.0163 calibrator=MaxCalibrator quant)
model.10.conv.output_quantizer                                                   TensorQuantizer(disabled)
model.10.conv.weight_quantizer                                                   TensorQuantizer(8 bit fake axis=0 amax=[0.0840, 0.3221](256) calibrator=MaxCalibrator quant)
model.11.cv1.conv.input_quantizer                                                TensorQuantizer(8 bit fake per-tensor amax=13.8404 calibrator=MaxCalibrator quant)
model.11.cv1.conv.output_quantizer                                               TensorQuantizer(disabled)
model.11.cv1.conv.weight_quantizer                                               TensorQuantizer(8 bit fake axis=0 amax=[0.3466, 3.3194](128) calibrator=MaxCalibrator quant)
model.11.cv2.conv.input_quantizer                                                TensorQuantizer(8 bit fake per-tensor amax=20.6113 calibrator=MaxCalibrator quant)
model.11.cv2.conv.output_quantizer                                               TensorQuantizer(disabled)
model.11.cv2.conv.weight_quantizer                                               TensorQuantizer(8 bit fake axis=0 amax=[0.0244, 0.3831](256) calibrator=MaxCalibrator quant)
model.11.m.0.0.attn.qkv.conv.input_quantizer                                     TensorQuantizer(8 bit fake per-tensor amax=19.8585 calibrator=MaxCalibrator quant)
model.11.m.0.0.attn.qkv.conv.output_quantizer                                    TensorQuantizer(disabled)
model.11.m.0.0.attn.qkv.conv.weight_quantizer                                    TensorQuantizer(8 bit fake axis=0 amax=[0.0175, 1.5633](384) calibrator=MaxCalibrator quant)
model.11.m.0.0.attn.proj.conv.input_quantizer                                    TensorQuantizer(8 bit fake per-tensor amax=18.0354 calibrator=MaxCalibrator quant)
model.11.m.0.0.attn.proj.conv.output_quantizer                                   TensorQuantizer(disabled)
model.11.m.0.0.attn.proj.conv.weight_quantizer                                   TensorQuantizer(8 bit fake axis=0 amax=[0.0464, 0.5844](128) calibrator=MaxCalibrator quant)
model.11.m.0.0.attn.pe.conv.input_quantizer                                      TensorQuantizer(8 bit fake per-tensor amax=12.9597 calibrator=MaxCalibrator quant)
model.11.m.0.0.attn.pe.conv.output_quantizer                                     TensorQuantizer(disabled)
model.11.m.0.0.attn.pe.conv.weight_quantizer                                     TensorQuantizer(8 bit fake axis=0 amax=[0.0938, 4.3461](128) calibrator=MaxCalibrator quant)
model.11.m.0.0.mlp.0.conv.input_quantizer                                        TensorQuantizer(8 bit fake per-tensor amax=17.8624 calibrator=MaxCalibrator quant)
model.11.m.0.0.mlp.0.conv.output_quantizer                                       TensorQuantizer(disabled)
model.11.m.0.0.mlp.0.conv.weight_quantizer                                       TensorQuantizer(8 bit fake axis=0 amax=[0.1449, 0.6959](256) calibrator=MaxCalibrator quant)
model.11.m.0.0.mlp.1.conv.input_quantizer                                        TensorQuantizer(8 bit fake per-tensor amax=8.3926 calibrator=MaxCalibrator quant)
model.11.m.0.0.mlp.1.conv.output_quantizer                                       TensorQuantizer(disabled)
model.11.m.0.0.mlp.1.conv.weight_quantizer                                       TensorQuantizer(8 bit fake axis=0 amax=[0.1440, 2.4020](128) calibrator=MaxCalibrator quant)
model.11.m.0.1.attn.qkv.conv.input_quantizer                                     TensorQuantizer(8 bit fake per-tensor amax=17.8691 calibrator=MaxCalibrator quant)
model.11.m.0.1.attn.qkv.conv.output_quantizer                                    TensorQuantizer(disabled)
model.11.m.0.1.attn.qkv.conv.weight_quantizer                                    TensorQuantizer(8 bit fake axis=0 amax=[0.0664, 0.7782](384) calibrator=MaxCalibrator quant)
model.11.m.0.1.attn.proj.conv.input_quantizer                                    TensorQuantizer(8 bit fake per-tensor amax=11.5594 calibrator=MaxCalibrator quant)
model.11.m.0.1.attn.proj.conv.output_quantizer                                   TensorQuantizer(disabled)
model.11.m.0.1.attn.proj.conv.weight_quantizer                                   TensorQuantizer(8 bit fake axis=0 amax=[0.1079, 0.6748](128) calibrator=MaxCalibrator quant)
model.11.m.0.1.attn.pe.conv.input_quantizer                                      TensorQuantizer(8 bit fake per-tensor amax=11.8846 calibrator=MaxCalibrator quant)
model.11.m.0.1.attn.pe.conv.output_quantizer                                     TensorQuantizer(disabled)
model.11.m.0.1.attn.pe.conv.weight_quantizer                                     TensorQuantizer(8 bit fake axis=0 amax=[0.0638, 1.7050](128) calibrator=MaxCalibrator quant)
model.11.m.0.1.mlp.0.conv.input_quantizer                                        TensorQuantizer(8 bit fake per-tensor amax=17.0024 calibrator=MaxCalibrator quant)
model.11.m.0.1.mlp.0.conv.output_quantizer                                       TensorQuantizer(disabled)
model.11.m.0.1.mlp.0.conv.weight_quantizer                                       TensorQuantizer(8 bit fake axis=0 amax=[0.1257, 0.6271](256) calibrator=MaxCalibrator quant)
model.11.m.0.1.mlp.1.conv.input_quantizer                                        TensorQuantizer(8 bit fake per-tensor amax=10.5888 calibrator=MaxCalibrator quant)
model.11.m.0.1.mlp.1.conv.output_quantizer                                       TensorQuantizer(disabled)
model.11.m.0.1.mlp.1.conv.weight_quantizer                                       TensorQuantizer(8 bit fake axis=0 amax=[0.1788, 1.2788](128) calibrator=MaxCalibrator quant)
model.11.m.1.0.attn.qkv.conv.input_quantizer                                     TensorQuantizer(8 bit fake per-tensor amax=17.8534 calibrator=MaxCalibrator quant)
model.11.m.1.0.attn.qkv.conv.output_quantizer                                    TensorQuantizer(disabled)
model.11.m.1.0.attn.qkv.conv.weight_quantizer                                    TensorQuantizer(8 bit fake axis=0 amax=[0.0376, 0.7140](384) calibrator=MaxCalibrator quant)
model.11.m.1.0.attn.proj.conv.input_quantizer                                    TensorQuantizer(8 bit fake per-tensor amax=8.2546 calibrator=MaxCalibrator quant)
model.11.m.1.0.attn.proj.conv.output_quantizer                                   TensorQuantizer(disabled)
model.11.m.1.0.attn.proj.conv.weight_quantizer                                   TensorQuantizer(8 bit fake axis=0 amax=[0.1783, 1.6777](128) calibrator=MaxCalibrator quant)
model.11.m.1.0.attn.pe.conv.input_quantizer                                      TensorQuantizer(8 bit fake per-tensor amax=14.0346 calibrator=MaxCalibrator quant)
model.11.m.1.0.attn.pe.conv.output_quantizer                                     TensorQuantizer(disabled)
model.11.m.1.0.attn.pe.conv.weight_quantizer                                     TensorQuantizer(8 bit fake axis=0 amax=[0.0586, 1.5289](128) calibrator=MaxCalibrator quant)
model.11.m.1.0.mlp.0.conv.input_quantizer                                        TensorQuantizer(8 bit fake per-tensor amax=18.0637 calibrator=MaxCalibrator quant)
model.11.m.1.0.mlp.0.conv.output_quantizer                                       TensorQuantizer(disabled)
model.11.m.1.0.mlp.0.conv.weight_quantizer                                       TensorQuantizer(8 bit fake axis=0 amax=[0.0944, 0.5838](256) calibrator=MaxCalibrator quant)
model.11.m.1.0.mlp.1.conv.input_quantizer                                        TensorQuantizer(8 bit fake per-tensor amax=8.7125 calibrator=MaxCalibrator quant)
model.11.m.1.0.mlp.1.conv.output_quantizer                                       TensorQuantizer(disabled)
model.11.m.1.0.mlp.1.conv.weight_quantizer                                       TensorQuantizer(8 bit fake axis=0 amax=[0.3067, 1.0461](128) calibrator=MaxCalibrator quant)
model.11.m.1.1.attn.qkv.conv.input_quantizer                                     TensorQuantizer(8 bit fake per-tensor amax=17.5875 calibrator=MaxCalibrator quant)
model.11.m.1.1.attn.qkv.conv.output_quantizer                                    TensorQuantizer(disabled)
model.11.m.1.1.attn.qkv.conv.weight_quantizer                                    TensorQuantizer(8 bit fake axis=0 amax=[0.0345, 0.4250](384) calibrator=MaxCalibrator quant)
model.11.m.1.1.attn.proj.conv.input_quantizer                                    TensorQuantizer(8 bit fake per-tensor amax=8.0678 calibrator=MaxCalibrator quant)
model.11.m.1.1.attn.proj.conv.output_quantizer                                   TensorQuantizer(disabled)
model.11.m.1.1.attn.proj.conv.weight_quantizer                                   TensorQuantizer(8 bit fake axis=0 amax=[0.2658, 1.5282](128) calibrator=MaxCalibrator quant)
model.11.m.1.1.attn.pe.conv.input_quantizer                                      TensorQuantizer(8 bit fake per-tensor amax=13.7037 calibrator=MaxCalibrator quant)
model.11.m.1.1.attn.pe.conv.output_quantizer                                     TensorQuantizer(disabled)
model.11.m.1.1.attn.pe.conv.weight_quantizer                                     TensorQuantizer(8 bit fake axis=0 amax=[0.1044, 2.6612](128) calibrator=MaxCalibrator quant)
model.11.m.1.1.mlp.0.conv.input_quantizer                                        TensorQuantizer(8 bit fake per-tensor amax=18.3815 calibrator=MaxCalibrator quant)
model.11.m.1.1.mlp.0.conv.output_quantizer                                       TensorQuantizer(disabled)
model.11.m.1.1.mlp.0.conv.weight_quantizer                                       TensorQuantizer(8 bit fake axis=0 amax=[0.0969, 0.3148](256) calibrator=MaxCalibrator quant)
model.11.m.1.1.mlp.1.conv.input_quantizer                                        TensorQuantizer(8 bit fake per-tensor amax=9.8304 calibrator=MaxCalibrator quant)
model.11.m.1.1.mlp.1.conv.output_quantizer                                       TensorQuantizer(disabled)
model.11.m.1.1.mlp.1.conv.weight_quantizer                                       TensorQuantizer(8 bit fake axis=0 amax=[0.4334, 1.5003](128) calibrator=MaxCalibrator quant)
model.12.routing.global_pool.input_quantizer                                     TensorQuantizer(disabled)
model.12.routing.global_pool.output_quantizer                                    TensorQuantizer(disabled)
model.12.routing.routing_network.0.input_quantizer                               TensorQuantizer(disabled)
model.12.routing.routing_network.0.output_quantizer                              TensorQuantizer(disabled)
model.12.routing.routing_network.0.weight_quantizer                              TensorQuantizer(disabled)
model.12.routing.routing_network.2.input_quantizer                               TensorQuantizer(disabled)
model.12.routing.routing_network.2.output_quantizer                              TensorQuantizer(disabled)
model.12.routing.routing_network.2.weight_quantizer                              TensorQuantizer(disabled)
model.12.experts.0.conv.depthwise.input_quantizer                                TensorQuantizer(8 bit fake per-tensor amax=12.4136 calibrator=MaxCalibrator quant)
model.12.experts.0.conv.depthwise.output_quantizer                               TensorQuantizer(disabled)
model.12.experts.0.conv.depthwise.weight_quantizer                               TensorQuantizer(8 bit fake axis=0 amax=[0.0179, 0.1189](256) calibrator=MaxCalibrator quant)
model.12.experts.0.conv.pointwise.input_quantizer                                TensorQuantizer(8 bit fake per-tensor amax=1.6119 calibrator=MaxCalibrator quant)
model.12.experts.0.conv.pointwise.output_quantizer                               TensorQuantizer(disabled)
model.12.experts.0.conv.pointwise.weight_quantizer                               TensorQuantizer(8 bit fake axis=0 amax=[0.0085, 0.1116](256) calibrator=MaxCalibrator quant)
model.12.experts.0.conv.bn.input_quantizer                                       TensorQuantizer(disabled)
model.12.experts.0.conv.bn.output_quantizer                                      TensorQuantizer(disabled)
model.12.experts.1.conv.depthwise.input_quantizer                                TensorQuantizer(8 bit fake per-tensor amax=12.4136 calibrator=MaxCalibrator quant)
model.12.experts.1.conv.depthwise.output_quantizer                               TensorQuantizer(disabled)
model.12.experts.1.conv.depthwise.weight_quantizer                               TensorQuantizer(8 bit fake axis=0 amax=[0.0164, 0.1038](256) calibrator=MaxCalibrator quant)
model.12.experts.1.conv.pointwise.input_quantizer                                TensorQuantizer(8 bit fake per-tensor amax=1.6785 calibrator=MaxCalibrator quant)
model.12.experts.1.conv.pointwise.output_quantizer                               TensorQuantizer(disabled)
model.12.experts.1.conv.pointwise.weight_quantizer                               TensorQuantizer(8 bit fake axis=0 amax=[0.0213, 0.0809](256) calibrator=MaxCalibrator quant)
model.12.experts.1.conv.bn.input_quantizer                                       TensorQuantizer(disabled)
model.12.experts.1.conv.bn.output_quantizer                                      TensorQuantizer(disabled)
model.12.experts.2.conv.depthwise.input_quantizer                                TensorQuantizer(8 bit fake per-tensor amax=12.4136 calibrator=MaxCalibrator quant)
model.12.experts.2.conv.depthwise.output_quantizer                               TensorQuantizer(disabled)
model.12.experts.2.conv.depthwise.weight_quantizer                               TensorQuantizer(8 bit fake axis=0 amax=[0.0126, 0.1046](256) calibrator=MaxCalibrator quant)
model.12.experts.2.conv.pointwise.input_quantizer                                TensorQuantizer(8 bit fake per-tensor amax=2.0313 calibrator=MaxCalibrator quant)
model.12.experts.2.conv.pointwise.output_quantizer                               TensorQuantizer(disabled)
model.12.experts.2.conv.pointwise.weight_quantizer                               TensorQuantizer(8 bit fake axis=0 amax=[0.0198, 0.1754](256) calibrator=MaxCalibrator quant)
model.12.experts.2.conv.bn.input_quantizer                                       TensorQuantizer(disabled)
model.12.experts.2.conv.bn.output_quantizer                                      TensorQuantizer(disabled)
model.12.norm.0.input_quantizer                                                  TensorQuantizer(disabled)
model.12.norm.0.output_quantizer                                                 TensorQuantizer(disabled)
model.15.cv1.conv.input_quantizer                                                TensorQuantizer(8 bit fake per-tensor amax=23.0968 calibrator=MaxCalibrator quant)
model.15.cv1.conv.output_quantizer                                               TensorQuantizer(disabled)
model.15.cv1.conv.weight_quantizer                                               TensorQuantizer(8 bit fake axis=0 amax=[0.1339, 1.1476](128) calibrator=MaxCalibrator quant)
model.15.cv2.conv.input_quantizer                                                TensorQuantizer(8 bit fake per-tensor amax=11.3162 calibrator=MaxCalibrator quant)
model.15.cv2.conv.output_quantizer                                               TensorQuantizer(disabled)
model.15.cv2.conv.weight_quantizer                                               TensorQuantizer(8 bit fake axis=0 amax=[0.2069, 1.0110](128) calibrator=MaxCalibrator quant)
model.15.m.0.cv1.conv.input_quantizer                                            TensorQuantizer(8 bit fake per-tensor amax=8.4032 calibrator=MaxCalibrator quant)
model.15.m.0.cv1.conv.output_quantizer                                           TensorQuantizer(disabled)
model.15.m.0.cv1.conv.weight_quantizer                                           TensorQuantizer(8 bit fake axis=0 amax=[0.1481, 0.6318](32) calibrator=MaxCalibrator quant)
model.15.m.0.cv2.conv.input_quantizer                                            TensorQuantizer(8 bit fake per-tensor amax=8.4032 calibrator=MaxCalibrator quant)
model.15.m.0.cv2.conv.output_quantizer                                           TensorQuantizer(disabled)
model.15.m.0.cv2.conv.weight_quantizer                                           TensorQuantizer(8 bit fake axis=0 amax=[0.6568, 1.5675](32) calibrator=MaxCalibrator quant)
model.15.m.0.cv3.conv.input_quantizer                                            TensorQuantizer(8 bit fake per-tensor amax=22.4934 calibrator=MaxCalibrator quant)
model.15.m.0.cv3.conv.output_quantizer                                           TensorQuantizer(disabled)
model.15.m.0.cv3.conv.weight_quantizer                                           TensorQuantizer(8 bit fake axis=0 amax=[0.2114, 0.8075](64) calibrator=MaxCalibrator quant)
model.15.m.0.m.0.cv1.conv.input_quantizer                                        TensorQuantizer(8 bit fake per-tensor amax=2.9911 calibrator=MaxCalibrator quant)
model.15.m.0.m.0.cv1.conv.output_quantizer                                       TensorQuantizer(disabled)
model.15.m.0.m.0.cv1.conv.weight_quantizer                                       TensorQuantizer(8 bit fake axis=0 amax=[0.5378, 1.6864](32) calibrator=MaxCalibrator quant)
model.15.m.0.m.0.cv2.conv.input_quantizer                                        TensorQuantizer(8 bit fake per-tensor amax=8.3873 calibrator=MaxCalibrator quant)
model.15.m.0.m.0.cv2.conv.output_quantizer                                       TensorQuantizer(disabled)
model.15.m.0.m.0.cv2.conv.weight_quantizer                                       TensorQuantizer(8 bit fake axis=0 amax=[0.2396, 0.6037](32) calibrator=MaxCalibrator quant)
model.15.m.0.m.1.cv1.conv.input_quantizer                                        TensorQuantizer(8 bit fake per-tensor amax=8.7576 calibrator=MaxCalibrator quant)
model.15.m.0.m.1.cv1.conv.output_quantizer                                       TensorQuantizer(disabled)
model.15.m.0.m.1.cv1.conv.weight_quantizer                                       TensorQuantizer(8 bit fake axis=0 amax=[0.2012, 0.8084](32) calibrator=MaxCalibrator quant)
model.15.m.0.m.1.cv2.conv.input_quantizer                                        TensorQuantizer(8 bit fake per-tensor amax=6.6605 calibrator=MaxCalibrator quant)
model.15.m.0.m.1.cv2.conv.output_quantizer                                       TensorQuantizer(disabled)
model.15.m.0.m.1.cv2.conv.weight_quantizer                                       TensorQuantizer(8 bit fake axis=0 amax=[0.4190, 2.0595](32) calibrator=MaxCalibrator quant)
model.18.cv1.conv.input_quantizer                                                TensorQuantizer(8 bit fake per-tensor amax=24.3670 calibrator=MaxCalibrator quant)
model.18.cv1.conv.output_quantizer                                               TensorQuantizer(disabled)
model.18.cv1.conv.weight_quantizer                                               TensorQuantizer(8 bit fake axis=0 amax=[0.1062, 0.5330](64) calibrator=MaxCalibrator quant)
model.18.cv2.conv.input_quantizer                                                TensorQuantizer(8 bit fake per-tensor amax=6.2710 calibrator=MaxCalibrator quant)
model.18.cv2.conv.output_quantizer                                               TensorQuantizer(disabled)
model.18.cv2.conv.weight_quantizer                                               TensorQuantizer(8 bit fake axis=0 amax=[0.2661, 1.3038](64) calibrator=MaxCalibrator quant)
model.18.m.0.cv1.conv.input_quantizer                                            TensorQuantizer(8 bit fake per-tensor amax=5.9443 calibrator=MaxCalibrator quant)
model.18.m.0.cv1.conv.output_quantizer                                           TensorQuantizer(disabled)
model.18.m.0.cv1.conv.weight_quantizer                                           TensorQuantizer(8 bit fake axis=0 amax=[0.1168, 0.8180](16) calibrator=MaxCalibrator quant)
model.18.m.0.cv2.conv.input_quantizer                                            TensorQuantizer(8 bit fake per-tensor amax=5.9443 calibrator=MaxCalibrator quant)
model.18.m.0.cv2.conv.output_quantizer                                           TensorQuantizer(disabled)
model.18.m.0.cv2.conv.weight_quantizer                                           TensorQuantizer(8 bit fake axis=0 amax=[0.8932, 2.3503](16) calibrator=MaxCalibrator quant)
model.18.m.0.cv3.conv.input_quantizer                                            TensorQuantizer(8 bit fake per-tensor amax=16.6660 calibrator=MaxCalibrator quant)
model.18.m.0.cv3.conv.output_quantizer                                           TensorQuantizer(disabled)
model.18.m.0.cv3.conv.weight_quantizer                                           TensorQuantizer(8 bit fake axis=0 amax=[0.2157, 0.6623](32) calibrator=MaxCalibrator quant)
model.18.m.0.m.0.cv1.conv.input_quantizer                                        TensorQuantizer(8 bit fake per-tensor amax=1.5468 calibrator=MaxCalibrator quant)
model.18.m.0.m.0.cv1.conv.output_quantizer                                       TensorQuantizer(disabled)
model.18.m.0.m.0.cv1.conv.weight_quantizer                                       TensorQuantizer(8 bit fake axis=0 amax=[1.1583, 3.4314](16) calibrator=MaxCalibrator quant)
model.18.m.0.m.0.cv2.conv.input_quantizer                                        TensorQuantizer(8 bit fake per-tensor amax=7.3900 calibrator=MaxCalibrator quant)
model.18.m.0.m.0.cv2.conv.output_quantizer                                       TensorQuantizer(disabled)
model.18.m.0.m.0.cv2.conv.weight_quantizer                                       TensorQuantizer(8 bit fake axis=0 amax=[0.4134, 1.4333](16) calibrator=MaxCalibrator quant)
model.18.m.0.m.1.cv1.conv.input_quantizer                                        TensorQuantizer(8 bit fake per-tensor amax=7.6141 calibrator=MaxCalibrator quant)
model.18.m.0.m.1.cv1.conv.output_quantizer                                       TensorQuantizer(disabled)
model.18.m.0.m.1.cv1.conv.weight_quantizer                                       TensorQuantizer(8 bit fake axis=0 amax=[0.1715, 0.8787](16) calibrator=MaxCalibrator quant)
model.18.m.0.m.1.cv2.conv.input_quantizer                                        TensorQuantizer(8 bit fake per-tensor amax=5.3788 calibrator=MaxCalibrator quant)
model.18.m.0.m.1.cv2.conv.output_quantizer                                       TensorQuantizer(disabled)
model.18.m.0.m.1.cv2.conv.weight_quantizer                                       TensorQuantizer(8 bit fake axis=0 amax=[0.7673, 2.3269](16) calibrator=MaxCalibrator quant)
model.19.conv.input_quantizer                                                    TensorQuantizer(8 bit fake per-tensor amax=5.0981 calibrator=MaxCalibrator quant)
model.19.conv.output_quantizer                                                   TensorQuantizer(disabled)
model.19.conv.weight_quantizer                                                   TensorQuantizer(8 bit fake axis=0 amax=[0.2569, 1.3663](64) calibrator=MaxCalibrator quant)
model.21.cv1.conv.input_quantizer                                                TensorQuantizer(8 bit fake per-tensor amax=11.6295 calibrator=MaxCalibrator quant)
model.21.cv1.conv.output_quantizer                                               TensorQuantizer(disabled)
model.21.cv1.conv.weight_quantizer                                               TensorQuantizer(8 bit fake axis=0 amax=[0.2607, 1.0345](128) calibrator=MaxCalibrator quant)
model.21.cv2.conv.input_quantizer                                                TensorQuantizer(8 bit fake per-tensor amax=12.1761 calibrator=MaxCalibrator quant)
model.21.cv2.conv.output_quantizer                                               TensorQuantizer(disabled)
model.21.cv2.conv.weight_quantizer                                               TensorQuantizer(8 bit fake axis=0 amax=[0.1549, 2.4594](128) calibrator=MaxCalibrator quant)
model.21.m.0.cv1.conv.input_quantizer                                            TensorQuantizer(8 bit fake per-tensor amax=10.4692 calibrator=MaxCalibrator quant)
model.21.m.0.cv1.conv.output_quantizer                                           TensorQuantizer(disabled)
model.21.m.0.cv1.conv.weight_quantizer                                           TensorQuantizer(8 bit fake axis=0 amax=[0.0796, 0.3987](32) calibrator=MaxCalibrator quant)
model.21.m.0.cv2.conv.input_quantizer                                            TensorQuantizer(8 bit fake per-tensor amax=10.4692 calibrator=MaxCalibrator quant)
model.21.m.0.cv2.conv.output_quantizer                                           TensorQuantizer(disabled)
model.21.m.0.cv2.conv.weight_quantizer                                           TensorQuantizer(8 bit fake axis=0 amax=[0.4069, 1.5931](32) calibrator=MaxCalibrator quant)
model.21.m.0.cv3.conv.input_quantizer                                            TensorQuantizer(8 bit fake per-tensor amax=21.4231 calibrator=MaxCalibrator quant)
model.21.m.0.cv3.conv.output_quantizer                                           TensorQuantizer(disabled)
model.21.m.0.cv3.conv.weight_quantizer                                           TensorQuantizer(8 bit fake axis=0 amax=[0.3887, 1.5195](64) calibrator=MaxCalibrator quant)
model.21.m.0.m.0.cv1.conv.input_quantizer                                        TensorQuantizer(8 bit fake per-tensor amax=2.4402 calibrator=MaxCalibrator quant)
model.21.m.0.m.0.cv1.conv.output_quantizer                                       TensorQuantizer(disabled)
model.21.m.0.m.0.cv1.conv.weight_quantizer                                       TensorQuantizer(8 bit fake axis=0 amax=[0.6953, 2.6520](32) calibrator=MaxCalibrator quant)
model.21.m.0.m.0.cv2.conv.input_quantizer                                        TensorQuantizer(8 bit fake per-tensor amax=4.9384 calibrator=MaxCalibrator quant)
model.21.m.0.m.0.cv2.conv.output_quantizer                                       TensorQuantizer(disabled)
model.21.m.0.m.0.cv2.conv.weight_quantizer                                       TensorQuantizer(8 bit fake axis=0 amax=[0.3022, 1.6430](32) calibrator=MaxCalibrator quant)
model.21.m.0.m.1.cv1.conv.input_quantizer                                        TensorQuantizer(8 bit fake per-tensor amax=8.1911 calibrator=MaxCalibrator quant)
model.21.m.0.m.1.cv1.conv.output_quantizer                                       TensorQuantizer(disabled)
model.21.m.0.m.1.cv1.conv.weight_quantizer                                       TensorQuantizer(8 bit fake axis=0 amax=[0.2362, 1.0112](32) calibrator=MaxCalibrator quant)
model.21.m.0.m.1.cv2.conv.input_quantizer                                        TensorQuantizer(8 bit fake per-tensor amax=7.5635 calibrator=MaxCalibrator quant)
model.21.m.0.m.1.cv2.conv.output_quantizer                                       TensorQuantizer(disabled)
model.21.m.0.m.1.cv2.conv.weight_quantizer                                       TensorQuantizer(8 bit fake axis=0 amax=[0.4045, 2.2898](32) calibrator=MaxCalibrator quant)
model.22.conv.input_quantizer                                                    TensorQuantizer(8 bit fake per-tensor amax=10.9051 calibrator=MaxCalibrator quant)
model.22.conv.output_quantizer                                                   TensorQuantizer(disabled)
model.22.conv.weight_quantizer                                                   TensorQuantizer(8 bit fake axis=0 amax=[0.0827, 0.7122](128) calibrator=MaxCalibrator quant)
model.24.cv1.conv.input_quantizer                                                TensorQuantizer(8 bit fake per-tensor amax=23.0968 calibrator=MaxCalibrator quant)
model.24.cv1.conv.output_quantizer                                               TensorQuantizer(disabled)
model.24.cv1.conv.weight_quantizer                                               TensorQuantizer(8 bit fake axis=0 amax=[0.2065, 1.2432](128) calibrator=MaxCalibrator quant)
model.24.cv2.conv.input_quantizer                                                TensorQuantizer(8 bit fake per-tensor amax=12.8640 calibrator=MaxCalibrator quant)
model.24.cv2.conv.output_quantizer                                               TensorQuantizer(disabled)
model.24.cv2.conv.weight_quantizer                                               TensorQuantizer(8 bit fake axis=0 amax=[0.1662, 2.2542](128) calibrator=MaxCalibrator quant)
model.24.m.0.cv1.conv.input_quantizer                                            TensorQuantizer(8 bit fake per-tensor amax=10.9683 calibrator=MaxCalibrator quant)
model.24.m.0.cv1.conv.output_quantizer                                           TensorQuantizer(disabled)
model.24.m.0.cv1.conv.weight_quantizer                                           TensorQuantizer(8 bit fake axis=0 amax=[0.0709, 0.2745](32) calibrator=MaxCalibrator quant)
model.24.m.0.cv2.conv.input_quantizer                                            TensorQuantizer(8 bit fake per-tensor amax=10.9683 calibrator=MaxCalibrator quant)
model.24.m.0.cv2.conv.output_quantizer                                           TensorQuantizer(disabled)
model.24.m.0.cv2.conv.weight_quantizer                                           TensorQuantizer(8 bit fake axis=0 amax=[0.3311, 1.2235](32) calibrator=MaxCalibrator quant)
model.24.m.0.cv3.conv.input_quantizer                                            TensorQuantizer(8 bit fake per-tensor amax=19.6721 calibrator=MaxCalibrator quant)
model.24.m.0.cv3.conv.output_quantizer                                           TensorQuantizer(disabled)
model.24.m.0.cv3.conv.weight_quantizer                                           TensorQuantizer(8 bit fake axis=0 amax=[0.3097, 1.2371](64) calibrator=MaxCalibrator quant)
model.24.m.0.m.0.cv1.conv.input_quantizer                                        TensorQuantizer(8 bit fake per-tensor amax=2.7272 calibrator=MaxCalibrator quant)
model.24.m.0.m.0.cv1.conv.output_quantizer                                       TensorQuantizer(disabled)
model.24.m.0.m.0.cv1.conv.weight_quantizer                                       TensorQuantizer(8 bit fake axis=0 amax=[0.7761, 2.2347](32) calibrator=MaxCalibrator quant)
model.24.m.0.m.0.cv2.conv.input_quantizer                                        TensorQuantizer(8 bit fake per-tensor amax=7.0905 calibrator=MaxCalibrator quant)
model.24.m.0.m.0.cv2.conv.output_quantizer                                       TensorQuantizer(disabled)
model.24.m.0.m.0.cv2.conv.weight_quantizer                                       TensorQuantizer(8 bit fake axis=0 amax=[0.3959, 1.1351](32) calibrator=MaxCalibrator quant)
model.24.m.0.m.1.cv1.conv.input_quantizer                                        TensorQuantizer(8 bit fake per-tensor amax=9.2715 calibrator=MaxCalibrator quant)
model.24.m.0.m.1.cv1.conv.output_quantizer                                       TensorQuantizer(disabled)
model.24.m.0.m.1.cv1.conv.weight_quantizer                                       TensorQuantizer(8 bit fake axis=0 amax=[0.2634, 1.1477](32) calibrator=MaxCalibrator quant)
model.24.m.0.m.1.cv2.conv.input_quantizer                                        TensorQuantizer(8 bit fake per-tensor amax=10.1188 calibrator=MaxCalibrator quant)
model.24.m.0.m.1.cv2.conv.output_quantizer                                       TensorQuantizer(disabled)
model.24.m.0.m.1.cv2.conv.weight_quantizer                                       TensorQuantizer(8 bit fake axis=0 amax=[0.2968, 1.1266](32) calibrator=MaxCalibrator quant)
model.25.cv2.0.0.conv.input_quantizer                                            TensorQuantizer(8 bit fake per-tensor amax=5.0981 calibrator=MaxCalibrator quant)
model.25.cv2.0.0.conv.output_quantizer                                           TensorQuantizer(disabled)
model.25.cv2.0.0.conv.weight_quantizer                                           TensorQuantizer(8 bit fake axis=0 amax=[0.2746, 3.4912](64) calibrator=MaxCalibrator quant)
model.25.cv2.0.1.conv.input_quantizer                                            TensorQuantizer(8 bit fake per-tensor amax=11.2884 calibrator=MaxCalibrator quant)
model.25.cv2.0.1.conv.output_quantizer                                           TensorQuantizer(disabled)
model.25.cv2.0.1.conv.weight_quantizer                                           TensorQuantizer(8 bit fake axis=0 amax=[0.6266, 4.5894](64) calibrator=MaxCalibrator quant)
model.25.cv2.0.2.input_quantizer                                                 TensorQuantizer(8 bit fake per-tensor amax=100.2766 calibrator=MaxCalibrator quant)
model.25.cv2.0.2.output_quantizer                                                TensorQuantizer(disabled)
model.25.cv2.0.2.weight_quantizer                                                TensorQuantizer(8 bit fake axis=0 amax=[0.0572, 0.2316](64) calibrator=MaxCalibrator quant)
model.25.cv2.1.0.conv.input_quantizer                                            TensorQuantizer(8 bit fake per-tensor amax=10.9051 calibrator=MaxCalibrator quant)
model.25.cv2.1.0.conv.output_quantizer                                           TensorQuantizer(disabled)
model.25.cv2.1.0.conv.weight_quantizer                                           TensorQuantizer(8 bit fake axis=0 amax=[0.1316, 2.2601](64) calibrator=MaxCalibrator quant)
model.25.cv2.1.1.conv.input_quantizer                                            TensorQuantizer(8 bit fake per-tensor amax=14.2190 calibrator=MaxCalibrator quant)
model.25.cv2.1.1.conv.output_quantizer                                           TensorQuantizer(disabled)
model.25.cv2.1.1.conv.weight_quantizer                                           TensorQuantizer(8 bit fake axis=0 amax=[0.4005, 3.3213](64) calibrator=MaxCalibrator quant)
model.25.cv2.1.2.input_quantizer                                                 TensorQuantizer(8 bit fake per-tensor amax=80.4577 calibrator=MaxCalibrator quant)
model.25.cv2.1.2.output_quantizer                                                TensorQuantizer(disabled)
model.25.cv2.1.2.weight_quantizer                                                TensorQuantizer(8 bit fake axis=0 amax=[0.0710, 0.2563](64) calibrator=MaxCalibrator quant)
model.25.cv2.2.0.conv.input_quantizer                                            TensorQuantizer(8 bit fake per-tensor amax=13.0581 calibrator=MaxCalibrator quant)
model.25.cv2.2.0.conv.output_quantizer                                           TensorQuantizer(disabled)
model.25.cv2.2.0.conv.weight_quantizer                                           TensorQuantizer(8 bit fake axis=0 amax=[0.1708, 0.9667](64) calibrator=MaxCalibrator quant)
model.25.cv2.2.1.conv.input_quantizer                                            TensorQuantizer(8 bit fake per-tensor amax=13.8392 calibrator=MaxCalibrator quant)
model.25.cv2.2.1.conv.output_quantizer                                           TensorQuantizer(disabled)
model.25.cv2.2.1.conv.weight_quantizer                                           TensorQuantizer(8 bit fake axis=0 amax=[0.6057, 2.4436](64) calibrator=MaxCalibrator quant)
model.25.cv2.2.2.input_quantizer                                                 TensorQuantizer(8 bit fake per-tensor amax=71.1064 calibrator=MaxCalibrator quant)
model.25.cv2.2.2.output_quantizer                                                TensorQuantizer(disabled)
model.25.cv2.2.2.weight_quantizer                                                TensorQuantizer(8 bit fake axis=0 amax=[0.0169, 0.2194](64) calibrator=MaxCalibrator quant)
model.25.cv3.0.0.0.conv.input_quantizer                                          TensorQuantizer(8 bit fake per-tensor amax=5.0981 calibrator=MaxCalibrator quant)
model.25.cv3.0.0.0.conv.output_quantizer                                         TensorQuantizer(disabled)
model.25.cv3.0.0.0.conv.weight_quantizer                                         TensorQuantizer(8 bit fake axis=0 amax=[0.2720, 1.8358](64) calibrator=MaxCalibrator quant)
model.25.cv3.0.0.1.conv.input_quantizer                                          TensorQuantizer(8 bit fake per-tensor amax=7.7152 calibrator=MaxCalibrator quant)
model.25.cv3.0.0.1.conv.output_quantizer                                         TensorQuantizer(disabled)
model.25.cv3.0.0.1.conv.weight_quantizer                                         TensorQuantizer(8 bit fake axis=0 amax=[0.4237, 2.5055](80) calibrator=MaxCalibrator quant)
model.25.cv3.0.1.0.conv.input_quantizer                                          TensorQuantizer(8 bit fake per-tensor amax=12.2550 calibrator=MaxCalibrator quant)
model.25.cv3.0.1.0.conv.output_quantizer                                         TensorQuantizer(disabled)
model.25.cv3.0.1.0.conv.weight_quantizer                                         TensorQuantizer(8 bit fake axis=0 amax=[0.2955, 10.1728](80) calibrator=MaxCalibrator quant)
model.25.cv3.0.1.1.conv.input_quantizer                                          TensorQuantizer(8 bit fake per-tensor amax=21.3647 calibrator=MaxCalibrator quant)
model.25.cv3.0.1.1.conv.output_quantizer                                         TensorQuantizer(disabled)
model.25.cv3.0.1.1.conv.weight_quantizer                                         TensorQuantizer(8 bit fake axis=0 amax=[1.3100, 12.6824](80) calibrator=MaxCalibrator quant)
model.25.cv3.0.2.input_quantizer                                                 TensorQuantizer(8 bit fake per-tensor amax=163.0123 calibrator=MaxCalibrator quant)
model.25.cv3.0.2.output_quantizer                                                TensorQuantizer(disabled)
model.25.cv3.0.2.weight_quantizer                                                TensorQuantizer(8 bit fake axis=0 amax=[0.0657, 0.1763](80) calibrator=MaxCalibrator quant)
model.25.cv3.1.0.0.conv.input_quantizer                                          TensorQuantizer(8 bit fake per-tensor amax=10.9051 calibrator=MaxCalibrator quant)
model.25.cv3.1.0.0.conv.output_quantizer                                         TensorQuantizer(disabled)
model.25.cv3.1.0.0.conv.weight_quantizer                                         TensorQuantizer(8 bit fake axis=0 amax=[0.2374, 2.2590](128) calibrator=MaxCalibrator quant)
model.25.cv3.1.0.1.conv.input_quantizer                                          TensorQuantizer(8 bit fake per-tensor amax=13.9785 calibrator=MaxCalibrator quant)
model.25.cv3.1.0.1.conv.output_quantizer                                         TensorQuantizer(disabled)
model.25.cv3.1.0.1.conv.weight_quantizer                                         TensorQuantizer(8 bit fake axis=0 amax=[0.2818, 2.2653](80) calibrator=MaxCalibrator quant)
model.25.cv3.1.1.0.conv.input_quantizer                                          TensorQuantizer(8 bit fake per-tensor amax=10.1938 calibrator=MaxCalibrator quant)
model.25.cv3.1.1.0.conv.output_quantizer                                         TensorQuantizer(disabled)
model.25.cv3.1.1.0.conv.weight_quantizer                                         TensorQuantizer(8 bit fake axis=0 amax=[0.2666, 5.1091](80) calibrator=MaxCalibrator quant)
model.25.cv3.1.1.1.conv.input_quantizer                                          TensorQuantizer(8 bit fake per-tensor amax=36.0983 calibrator=MaxCalibrator quant)
model.25.cv3.1.1.1.conv.output_quantizer                                         TensorQuantizer(disabled)
model.25.cv3.1.1.1.conv.weight_quantizer                                         TensorQuantizer(8 bit fake axis=0 amax=[1.1089, 5.5779](80) calibrator=MaxCalibrator quant)
model.25.cv3.1.2.input_quantizer                                                 TensorQuantizer(8 bit fake per-tensor amax=69.8142 calibrator=MaxCalibrator quant)
model.25.cv3.1.2.output_quantizer                                                TensorQuantizer(disabled)
model.25.cv3.1.2.weight_quantizer                                                TensorQuantizer(8 bit fake axis=0 amax=[0.0722, 0.1581](80) calibrator=MaxCalibrator quant)
model.25.cv3.2.0.0.conv.input_quantizer                                          TensorQuantizer(8 bit fake per-tensor amax=13.0581 calibrator=MaxCalibrator quant)
model.25.cv3.2.0.0.conv.output_quantizer                                         TensorQuantizer(disabled)
model.25.cv3.2.0.0.conv.weight_quantizer                                         TensorQuantizer(8 bit fake axis=0 amax=[0.1780, 1.9732](128) calibrator=MaxCalibrator quant)
model.25.cv3.2.0.1.conv.input_quantizer                                          TensorQuantizer(8 bit fake per-tensor amax=13.5174 calibrator=MaxCalibrator quant)
model.25.cv3.2.0.1.conv.output_quantizer                                         TensorQuantizer(disabled)
model.25.cv3.2.0.1.conv.weight_quantizer                                         TensorQuantizer(8 bit fake axis=0 amax=[0.1955, 1.6381](80) calibrator=MaxCalibrator quant)
model.25.cv3.2.1.0.conv.input_quantizer                                          TensorQuantizer(8 bit fake per-tensor amax=16.5676 calibrator=MaxCalibrator quant)
model.25.cv3.2.1.0.conv.output_quantizer                                         TensorQuantizer(disabled)
model.25.cv3.2.1.0.conv.weight_quantizer                                         TensorQuantizer(8 bit fake axis=0 amax=[0.2336, 4.2372](80) calibrator=MaxCalibrator quant)
model.25.cv3.2.1.1.conv.input_quantizer                                          TensorQuantizer(8 bit fake per-tensor amax=31.7961 calibrator=MaxCalibrator quant)
model.25.cv3.2.1.1.conv.output_quantizer                                         TensorQuantizer(disabled)
model.25.cv3.2.1.1.conv.weight_quantizer                                         TensorQuantizer(8 bit fake axis=0 amax=[1.0972, 3.3724](80) calibrator=MaxCalibrator quant)
model.25.cv3.2.2.input_quantizer                                                 TensorQuantizer(8 bit fake per-tensor amax=66.8984 calibrator=MaxCalibrator quant)
model.25.cv3.2.2.output_quantizer                                                TensorQuantizer(disabled)
model.25.cv3.2.2.weight_quantizer                                                TensorQuantizer(8 bit fake axis=0 amax=[0.0359, 0.1425](80) calibrator=MaxCalibrator quant)
model.25.dfl.conv.input_quantizer                                                TensorQuantizer(disabled)
model.25.dfl.conv.output_quantizer                                               TensorQuantizer(disabled)
model.25.dfl.conv.weight_quantizer                                               TensorQuantizer(disabled)
496 TensorQuantizers found in model
[mtq] exporting with 282 active quantizers (1 candidate weight sets)
[onnx] runs/a3/esmoen/qdq-fused/qat_qdq_model.onnx
  [audit int8-qdq] engine layer precisions: {'Float': 144, 'Half': 156, 'Int8': 174}
Ultralytics 8.4.101 🚀 Python-3.11.10 torch-2.4.1+cu124 CUDA:0 (NVIDIA L4, 22563MiB)
Loading runs/a3/esmoen/qdq-fused/model_int8-qdq_model.engine for TensorRT inference...
[08/25/2026-13:40:03] [TRT] [I] Loaded engine size: 11 MiB
[08/25/2026-13:40:03] [TRT] [I] [MemUsageChange] TensorRT-managed allocation in IExecutionContext creation: CPU +1, GPU +28, now: CPU 1, GPU 31 (MiB)
Setting batch=1 input of shape (1, 3, 640, 640)
WARNING ⚠️ [34m[1mval: [0mSlow image access detected (ping: 0.6±0.1 ms, read: 28.4±13.1 MB/s, size: 152.1 KB). Use local storage instead of remote/mounted storage for better performance. See https://docs.ultralytics.com/guides/model-training-tips/
[K[34m[1mval: [0mScanning /data/datasets/coco/labels/val2017.cache... 4952 images, 48 backgrounds, 0 corrupt: 100% ━━━━━━━━━━━━ 5000/5000 655.4Mit/s 0.0s
[K                 Class     Images  Instances      Box(P          R      mAP50  mAP50-95): 0% ──────────── 10/5000 29.2it/s 0.1s<2:51[K                 Class     Images  Instances      Box(P          R      mAP50  mAP50-95): 0% ──────────── 23/5000 57.2it/s 0.2s<1:27[K                 Class     Images  Instances      Box(P          R      mAP50  mAP50-95): 0% ──────────── 38/5000 83.5it/s 0.3s<59.4s[K                 Class     Images  Instances      Box(P          R      mAP50  mAP50-95): 1% ──────────── 52/5000 98.7it/s 0.4s<50.2s[K                 Class     Images  Instances      Box(P          R      mAP50  mAP50-95): 1% ──────────── 65/5000 107.3it/s 0.5s<46.0s[K                 Class     Images  Instances      Box(P          R      mAP50  mAP50-95): 1% ──────────── 79/5000 115.4it/s 0.6s<42.6s[K                 Class     Images  Instances      Box(P          R      mAP50  mAP50-95): 1% ──────────── 93/5000 121.2it/s 0.7s<40.5s[K                 Class     Images  Instances      Box(P          R      mAP50  mAP50-95): 2% ──────────── 106/5000 122.9it/s 0.8s<39.8s[K                 Class     Images  Instances      Box(P          R      mAP50  mAP50-95): 2% ──────────── 120/5000 126.9it/s 0.9s<38.4s[K                 Class     Images  Instances      Box(P          R      mAP50  mAP50-95): 2% ──────────── 133/5000 127.5it/s 1.0s<38.2s[K                 Class     Images  Instances      Box(P          R      mAP50  mAP50-95): 2% ──────────── 147/5000 129.1it/s 1.1s<37.6s[K                 Class     Images  Instances      Box(P          R      mAP50  mAP50-95): 3% ──────────── 161/5000 131.1it/s 1.2s<36.9s[K                 Class     Images  Instances      Box(P          R      mAP50  mAP50-95): 3% ──────────── 175/5000 132.2it/s 1.3s<36.5s[K                 Class     Images  Instances      Box(P          R      mAP50  mAP50-95): 3% ──────────── 182/5000 113.4it/s 1.4s<42.5s[K                 Class     Images  Instances      Box(P          R      mAP50  mAP50-95): 3% ──────────── 197/5000 122.4it/s 1.6s<39.3s[K                 Class     Images  Instances      Box(P          R      mAP50  mAP50-95): 4% ╸─────────── 211/5000 127.0it/s 1.7s<37.7s[K                 Class     Images  Instances      Box(P          R      mAP50  mAP50-95): 4% ╸─────────── 224/5000 126.7it/s 1.8s<37.7s[K                 Class     Images  Instances      Box(P          R      mAP50  mAP50-95): 4% ╸─────────── 238/5000 128.5it/s 1.9s<37.1s[K                 Class     Images  Instances      Box(P          R      mAP50  mAP50-95): 5% ╸─────────── 252/5000 129.2it/s 2.0s<36.8s[K                 Class     Images  Instances      Box(P          R      mAP50  mAP50-95): 5% ╸─────────── 265/5000 129.0it/s 2.1s<36.7s[K                 Class     Images  Instances      Box(P          R      mAP50  mAP50-95): 5% ╸─────────── 279/5000 129.8it/s 2.2s<36.4s[K                 Class     Images  Instances      Box(P          R      mAP50  mAP50-95): 5% ╸─────────── 293/5000 130.0it/s 2.3s<36.2s[K                 Class     Images  Instances      Box(P          R      mAP50  mAP50-95): 6% ╸─────────── 307/5000 131.3it/s 2.4s<35.7s[K                 Class     Images  Instances      Box(P          R      mAP50  mAP50-95): 6% ╸─────────── 321/5000 131.4it/s 2.5s<35.6s[K                 Class     Images  Instances      Box(P          R      mAP50  mAP50-95): 6% ╸─────────── 334/5000 115.1it/s 2.7s<40.5s[K                 Class     Images  Instances      Box(P          R      mAP50  mAP50-95): 6% ╸─────────── 345/5000 112.4it/s 2.8s<41.4s[K                 Class     Images  Instances      Box(P          R      mAP50  mAP50-95): 7% ╸─────────── 358/5000 115.2it/s 2.9s<40.3s[K                 Class     Images  Instances      Box(P          R      mAP50  mAP50-95): 7% ╸─────────── 374/5000 126.6it/s 3.0s<36.5s[K                 Class     Images  Instances      Box(P          R      mAP50  mAP50-95): 7% ╸─────────── 388/5000 129.4it/s 3.1s<35.6s[K                 Class     Images  Instances      Box(P          R      mAP50  mAP50-95): 8% ╸─────────── 402/5000 131.3it/s 3.2s<35.0s[K                 Class     Images  Instances      Box(P          R      mAP50  mAP50-95): 8% ╸─────────── 416/5000 132.1it/s 3.3s<34.7s[K                 Class     Images  Instances      Box(P          R      mAP50  mAP50-95): 8% ━─────────── 429/5000 131.4it/s 3.4s<34.8s[K                 Class     Images  Instances      Box(P          R      mAP50  mAP50-95): 8% ━─────────── 444/5000 134.0it/s 3.5s<34.0s[K                 Class     Images  Instances      Box(P          R      mAP50  mAP50-95): 9% ━─────────── 459/5000 136.7it/s 3.6s<33.2s[K                 Class     Images  Instances      Box(P          R      mAP50  mAP50-95): 9% ━─────────── 473/5000 137.0it/s 3.7s<33.0s[K                 Class     Images  Instances      Box(P          R      mAP50  mAP50-95): 9% ━─────────── 487/5000 136.3it/s 3.8s<33.1s[K                 Class     Images  Instances      Box(P          R      mAP50  mAP50-95): 10% ━─────────── 501/5000 136.9it/s 3.9s<32.9s[K                 Class     Images  Instances      Box(P          R      mAP50  mAP50-95): 10% ━─────────── 515/5000 136.9it/s 4.0s<32.8s[K                 Class     Images  Instances      Box(P          R      mAP50  mAP50-95): 10% ━─────────── 530/5000 139.2it/s 4.1s<32.1s[K                 Class     Images  Instances      Box(P          R      mAP50  mAP50-95): 10% ━─────────── 544/5000 138.7it/s 4.2s<32.1s[K                 Class     Images  Instances      Box(P          R      mAP50  mAP50-95): 11% ━─────────── 559/5000 139.9it/s 4.3s<31.7s[K                 Class     Images  Instances      Box(P          R      mAP50  mAP50-95): 11% ━─────────── 574/5000 140.8it/s 4.4s<31.4s[K                 Class     Images  Instances      Box(P          R      mAP50  mAP50-95): 11% ━─────────── 589/5000 140.9it/s 4.5s<31.3s[K                 Class     Images  Instances      Box(P          R      mAP50  mAP50-95): 12% ━─────────── 604/5000 141.7it/s 4.6s<31.0s[K                 Class     Images  Instances      Box(P          R      mAP50  mAP50-95): 12% ━─────────── 619/5000 141.9it/s 4.7s<30.9s[K                 Class     Images  Instances      Box(P          R      mAP50  mAP50-95): 12% ━╸────────── 634/5000 142.7it/s 4.8s<30.6s[K                 Class     Images  Instances      Box(P          R      mAP50  mAP50-95): 12% ━╸────────── 648/5000 141.4it/s 4.9s<30.8s[K                 Class     Images  Instances      Box(P          R      mAP50  mAP50-95): 13% ━╸────────── 662/5000 141.0it/s 5.0s<30.8s[K                 Class     Images  Instances      Box(P          R      mAP50  mAP50-95): 13% ━╸────────── 677/5000 142.1it/s 5.1s<30.4s[K                 Class     Images  Instances      Box(P          R      mAP50  mAP50-95): 13% ━╸────────── 692/5000 142.8it/s 5.3s<30.2s[K                 Class     Images  Instances      Box(P          R      mAP50  mAP50-95): 14% ━╸────────── 707/5000 143.0it/s 5.4s<30.0s[K                 Class     Images  Instances      Box(P          R      mAP50  mAP50-95): 14% ━╸────────── 721/5000 141.8it/s 5.5s<30.2s[K                 Class     Images  Instances      Box(P          R      mAP50  mAP50-95): 14% ━╸────────── 736/5000 142.2it/s 5.6s<30.0s[K                 Class     Images  Instances      Box(P          R      mAP50  mAP50-95): 15% ━╸────────── 751/5000 142.8it/s 5.7s<29.8s[K                 Class     Images  Instances      Box(P          R      mAP50  mAP50-95): 15% ━╸────────── 766/5000 143.3it/s 5.8s<29.6s[K                 Class     Images  Instances      Box(P          R      mAP50  mAP50-95): 15% ━╸────────── 781/5000 143.3it/s 5.9s<29.4s[K                 Class     Images  Instances      Box(P          R      mAP50  mAP50-95): 15% ━╸────────── 796/5000 143.1it/s 6.0s<29.4s[K                 Class     Images  Instances      Box(P          R      mAP50  mAP50-95): 16% ━╸────────── 811/5000 142.5it/s 6.1s<29.4s[K                 Class     Images  Instances      Box(P          R      mAP50  mAP50-95): 16% ━╸────────── 826/5000 144.1it/s 6.2s<29.0s[K                 Class     Images  Instances      Box(P          R      mAP50  mAP50-95): 16% ━━────────── 841/5000 143.8it/s 6.3s<28.9s[K                 Class     Images  Instances      Box(P          R      mAP50  mAP50-95): 17% ━━────────── 856/5000 144.2it/s 6.4s<28.7s[K                 Class     Images  Instances      Box(P          R      mAP50  mAP50-95): 17% ━━────────── 871/5000 145.2it/s 6.5s<28.4s[K                 Class     Images  Instances      Box(P          R      mAP50  mAP50-95): 17% ━━────────── 886/5000 144.8it/s 6.6s<28.4s[K                 Class     Images  Instances      Box(P          R      mAP50  mAP50-95): 18% ━━────────── 901/5000 143.9it/s 6.7s<28.5s[K                 Class     Images  Instances      Box(P          R      mAP50  mAP50-95): 18% ━━────────── 916/5000 144.2it/s 6.8s<28.3s[K                 Class     Images  Instances      Box(P          R      mAP50  mAP50-95): 18% ━━────────── 931/5000 143.8it/s 6.9s<28.3s[K                 Class     Images  Instances      Box(P          R      mAP50  mAP50-95): 18% ━━────────── 946/5000 144.1it/s 7.0s<28.1s[K                 Class     Images  Instances      Box(P          R      mAP50  mAP50-95): 19% ━━────────── 961/5000 143.7it/s 7.1s<28.1s[K                 Class     Images  Instances      Box(P          R      mAP50  mAP50-95): 19% ━━────────── 975/5000 141.7it/s 7.2s<28.4s[K                 Class     Images  Instances      Box(P          R      mAP50  mAP50-95): 19% ━━────────── 989/5000 141.0it/s 7.3s<28.5s[K                 Class     Images  Instances      Box(P          R      mAP50  mAP50-95): 20% ━━────────── 1004/5000 142.7it/s 7.4s<28.0s[K                 Class     Images  Instances      Box(P          R      mAP50  mAP50-95): 20% ━━────────── 1019/5000 143.5it/s 7.5s<27.7s[K                 Class     Images  Instances      Box(P          R      mAP50  mAP50-95): 20% ━━────────── 1033/5000 141.3it/s 7.6s<28.1s[K                 Class     Images  Instances      Box(P          R      mAP50  mAP50-95): 20% ━━╸───────── 1047/5000 139.8it/s 7.7s<28.3s[K                 Class     Images  Instances      Box(P          R      mAP50  mAP50-95): 21% ━━╸───────── 1062/5000 139.8it/s 7.8s<28.2s[K                 Class     Images  Instances      Box(P          R      mAP50  mAP50-95): 21% ━━╸───────── 1077/5000 140.7it/s 8.0s<27.9s[K                 Class     Images  Instances      Box(P          R      mAP50  mAP50-95): 21% ━━╸───────── 1092/5000 141.2it/s 8.1s<27.7s[K                 Class     Images  Instances      Box(P          R      mAP50  mAP50-95): 22% ━━╸───────── 1107/5000 142.9it/s 8.2s<27.2s[K                 Class     Images  Instances      Box(P          R      mAP50  mAP50-95): 22% ━━╸───────── 1121/5000 141.7it/s 8.3s<27.4s[K                 Class     Images  Instances      Box(P          R      mAP50  mAP50-95): 22% ━━╸───────── 1136/5000 142.7it/s 8.4s<27.1s[K                 Class     Images  Instances      Box(P          R      mAP50  mAP50-95): 23% ━━╸───────── 1151/5000 143.3it/s 8.5s<26.9s[K                 Class     Images  Instances      Box(P          R      mAP50  mAP50-95): 23% ━━╸───────── 1166/5000 142.9it/s 8.6s<26.8s[K                 Class     Images  Instances      Box(P          R      mAP50  mAP50-95): 23% ━━╸───────── 1181/5000 144.2it/s 8.7s<26.5s[K                 Class     Images  Instances      Box(P          R      mAP50  mAP50-95): 23% ━━╸───────── 1196/5000 144.1it/s 8.8s<26.4s[K                 Class     Images  Instances      Box(P          R      mAP50  mAP50-95): 24% ━━╸───────── 1210/5000 142.8it/s 8.9s<26.5s[K                 Class     Images  Instances      Box(P          R      mAP50  mAP50-95): 24% ━━╸───────── 1224/5000 141.0it/s 9.0s<26.8s[K                 Class     Images  Instances      Box(P          R      mAP50  mAP50-95): 24% ━━╸───────── 1239/5000 141.2it/s 9.1s<26.6s[K                 Class     Images  Instances      Box(P          R      mAP50  mAP50-95): 25% ━━━───────── 1254/5000 141.9it/s 9.2s<26.4s[K                 Class     Images  Instances      Box(P          R      mAP50  mAP50-95): 25% ━━━───────── 1269/5000 142.8it/s 9.3s<26.1s[K                 Class     Images  Instances      Box(P          R      mAP50  mAP50-95): 25% ━━━───────── 1284/5000 143.1it/s 9.4s<26.0s[K                 Class     Images  Instances      Box(P          R      mAP50  mAP50-95): 25% ━━━───────── 1299/5000 144.7it/s 9.5s<25.6s[K                 Class     Images  Instances      Box(P          R      mAP50  mAP50-95): 26% ━━━───────── 1314/5000 144.3it/s 9.6s<25.5s[K                 Class     Images  Instances      Box(P          R      mAP50  mAP50-95): 26% ━━━───────── 1329/5000 145.3it/s 9.7s<25.3s[K                 Class     Images  Instances      Box(P          R      mAP50  mAP50-95): 26% ━━━───────── 1343/5000 143.5it/s 9.8s<25.5s[K                 Class     Images  Instances      Box(P          R      mAP50  mAP50-95): 27% ━━━───────── 1358/5000 144.1it/s 9.9s<25.3s[K                 Class     Images  Instances      Box(P          R      mAP50  mAP50-95): 27% ━━━───────── 1373/5000 144.2it/s 10.0s<25.2s[K                 Class     Images  Instances      Box(P          R      mAP50  mAP50-95): 27% ━━━───────── 1388/5000 144.1it/s 10.1s<25.1s[K                 Class     Images  Instances      Box(P          R      mAP50  mAP50-95): 28% ━━━───────── 1403/5000 143.9it/s 10.2s<25.0s[K                 Class     Images  Instances      Box(P          R      mAP50  mAP50-95): 28% ━━━───────── 1418/5000 145.2it/s 10.3s<24.7s[K                 Class     Images  Instances      Box(P          R      mAP50  mAP50-95): 28% ━━━───────── 1432/5000 143.3it/s 10.4s<24.9s[K                 Class     Images  Instances      Box(P          R      mAP50  mAP50-95): 28% ━━━───────── 1447/5000 142.4it/s 10.5s<25.0s[K                 Class     Images  Instances      Box(P          R      mAP50  mAP50-95): 29% ━━━╸──────── 1463/5000 145.0it/s 10.6s<24.4s[K                 Class     Images  Instances      Box(P          R      mAP50  mAP50-95): 29% ━━━╸──────── 1477/5000 143.4it/s 10.7s<24.6s[K                 Class     Images  Instances      Box(P          R      mAP50  mAP50-95): 29% ━━━╸──────── 1492/5000 143.4it/s 10.8s<24.5s[K                 Class     Images  Instances      Box(P          R      mAP50  mAP50-95): 30% ━━━╸──────── 1507/5000 143.9it/s 10.9s<24.3s[K                 Class     Images  Instances      Box(P          R      mAP50  mAP50-95): 30% ━━━╸──────── 1522/5000 144.5it/s 11.0s<24.1s[K                 Class     Images  Instances      Box(P          R      mAP50  mAP50-95): 30% ━━━╸──────── 1536/5000 142.8it/s 11.1s<24.3s[K                 Class     Images  Instances      Box(P          R      mAP50  mAP50-95): 31% ━━━╸──────── 1550/5000 139.5it/s 11.3s<24.7s[K                 Class     Images  Instances      Box(P          R      mAP50  mAP50-95): 31% ━━━╸──────── 1564/5000 138.5it/s 11.4s<24.8s[K                 Class     Images  Instances      Box(P          R      mAP50  mAP50-95): 31% ━━━╸──────── 1578/5000 137.1it/s 11.5s<25.0s[K                 Class     Images  Instances      Box(P          R      mAP50  mAP50-95): 31% ━━━╸──────── 1592/5000 135.3it/s 11.6s<25.2s[K                 Class     Images  Instances      Box(P          R      mAP50  mAP50-95): 32% ━━━╸──────── 1606/5000 134.7it/s 11.7s<25.2s[K                 Class     Images  Instances      Box(P          R      mAP50  mAP50-95): 32% ━━━╸──────── 1620/5000 135.3it/s 11.8s<25.0s[K                 Class     Images  Instances      Box(P          R      mAP50  mAP50-95): 32% ━━━╸──────── 1634/5000 135.0it/s 11.9s<24.9s[K                 Class     Images  Instances      Box(P          R      mAP50  mAP50-95): 32% ━━━╸──────── 1648/5000 134.3it/s 12.0s<25.0s[K                 Class     Images  Instances      Box(P          R      mAP50  mAP50-95): 33% ━━━╸──────── 1661/5000 132.5it/s 12.1s<25.2s[K                 Class     Images  Instances      Box(P          R      mAP50  mAP50-95): 33% ━━━━──────── 1674/5000 130.5it/s 12.2s<25.5s[K                 Class     Images  Instances      Box(P          R      mAP50  mAP50-95): 33% ━━━━──────── 1687/5000 129.3it/s 12.3s<25.6s[K                 Class     Images  Instances      Box(P          R      mAP50  mAP50-95): 34% ━━━━──────── 1700/5000 129.2it/s 12.4s<25.5s[K                 Class     Images  Instances      Box(P          R      mAP50  mAP50-95): 34% ━━━━──────── 1713/5000 129.3it/s 12.5s<25.4s[K                 Class     Images  Instances      Box(P          R      mAP50  mAP50-95): 34% ━━━━──────── 1726/5000 128.8it/s 12.6s<25.4s[K                 Class     Images  Instances      Box(P          R      mAP50  mAP50-95): 34% ━━━━──────── 1740/5000 130.6it/s 12.7s<25.0s[K                 Class     Images  Instances      Box(P          R      mAP50  mAP50-95): 35% ━━━━──────── 1754/5000 131.9it/s 12.8s<24.6s[K                 Class     Images  Instances      Box(P          R      mAP50  mAP50-95): 35% ━━━━──────── 1768/5000 131.9it/s 12.9s<24.5s[K                 Class     Images  Instances      Box(P          R      mAP50  mAP50-95): 35% ━━━━──────── 1781/5000 130.0it/s 13.0s<24.8s[K                 Class     Images  Instances      Box(P          R      mAP50  mAP50-95): 35% ━━━━──────── 1795/5000 132.9it/s 13.1s<24.1s[K                 Class     Images  Instances      Box(P          R      mAP50  mAP50-95): 36% ━━━━──────── 1809/5000 133.2it/s 13.2s<24.0s[K                 Class     Images  Instances      Box(P          R      mAP50  mAP50-95): 36% ━━━━──────── 1823/5000 134.7it/s 13.3s<23.6s[K                 Class     Images  Instances      Box(P          R      mAP50  mAP50-95): 36% ━━━━──────── 1837/5000 135.5it/s 13.4s<23.3s[K                 Class     Images  Instances      Box(P          R      mAP50  mAP50-95): 37% ━━━━──────── 1852/5000 138.0it/s 13.5s<22.8s[K                 Class     Images  Instances      Box(P          R      mAP50  mAP50-95): 37% ━━━━──────── 1867/5000 139.5it/s 13.6s<22.5s[K                 Class     Images  Instances      Box(P          R      mAP50  mAP50-95): 37% ━━━━╸─────── 1881/5000 139.3it/s 13.7s<22.4s[K                 Class     Images  Instances      Box(P          R      mAP50  mAP50-95): 37% ━━━━╸─────── 1896/5000 140.6it/s 13.8s<22.1s[K                 Class     Images  Instances      Box(P          R      mAP50  mAP50-95): 38% ━━━━╸─────── 1911/5000 141.2it/s 13.9s<21.9s[K                 Class     Images  Instances      Box(P          R      mAP50  mAP50-95): 38% ━━━━╸─────── 1926/5000 140.4it/s 14.1s<21.9s[K                 Class     Images  Instances      Box(P          R      mAP50  mAP50-95): 38% ━━━━╸─────── 1940/5000 139.8it/s 14.2s<21.9s[K                 Class     Images  Instances      Box(P          R      mAP50  mAP50-95): 39% ━━━━╸─────── 1954/5000 139.5it/s 14.3s<21.8s[K                 Class     Images  Instances      Box(P          R      mAP50  mAP50-95): 39% ━━━━╸─────── 1969/5000 140.7it/s 14.4s<21.5s[K                 Class     Images  Instances      Box(P          R      mAP50  mAP50-95): 39% ━━━━╸─────── 1983/5000 139.8it/s 14.5s<21.6s[K                 Class     Images  Instances      Box(P          R      mAP50  mAP50-95): 39% ━━━━╸─────── 1998/5000 141.7it/s 14.6s<21.2s[K                 Class     Images  Instances      Box(P          R      mAP50  mAP50-95): 40% ━━━━╸─────── 2012/5000 141.0it/s 14.7s<21.2s[K                 Class     Images  Instances      Box(P          R      mAP50  mAP50-95): 40% ━━━━╸─────── 2026/5000 140.0it/s 14.8s<21.2s[K                 Class     Images  Instances      Box(P          R      mAP50  mAP50-95): 40% ━━━━╸─────── 2040/5000 139.3it/s 14.9s<21.3s[K                 Class     Images  Instances      Box(P          R      mAP50  mAP50-95): 41% ━━━━╸─────── 2054/5000 139.3it/s 15.0s<21.2s[K                 Class     Images  Instances      Box(P          R      mAP50  mAP50-95): 41% ━━━━╸─────── 2067/5000 135.8it/s 15.1s<21.6s[K                 Class     Images  Instances      Box(P          R      mAP50  mAP50-95): 41% ━━━━╸─────── 2081/5000 136.9it/s 15.2s<21.3s[K                 Class     Images  Instances      Box(P          R      mAP50  mAP50-95): 41% ━━━━━─────── 2095/5000 137.6it/s 15.3s<21.1s[K                 Class     Images  Instances      Box(P          R      mAP50  mAP50-95): 42% ━━━━━─────── 2110/5000 140.1it/s 15.4s<20.6s[K                 Class     Images  Instances      Box(P          R      mAP50  mAP50-95): 42% ━━━━━─────── 2125/5000 140.6it/s 15.5s<20.5s[K                 Class     Images  Instances      Box(P          R      mAP50  mAP50-95): 42% ━━━━━─────── 2129/5000 107.7it/s 15.6s<26.7s[K                 Class     Images  Instances      Box(P          R      mAP50  mAP50-95): 42% ━━━━━─────── 2140/5000 107.2it/s 15.7s<26.7s[K                 Class     Images  Instances      Box(P          R      mAP50  mAP50-95): 43% ━━━━━─────── 2153/5000 113.0it/s 15.8s<25.2s[K                 Class     Images  Instances      Box(P          R      mAP50  mAP50-95): 43% ━━━━━─────── 2168/5000 121.8it/s 15.9s<23.2s[K                 Class     Images  Instances      Box(P          R      mAP50  mAP50-95): 43% ━━━━━─────── 2182/5000 126.4it/s 16.0s<22.3s[K                 Class     Images  Instances      Box(P          R      mAP50  mAP50-95): 43% ━━━━━─────── 2197/5000 131.4it/s 16.1s<21.3s[K                 Class     Images  Instances      Box(P          R      mAP50  mAP50-95): 44% ━━━━━─────── 2211/5000 132.0it/s 16.2s<21.1s[K                 Class     Images  Instances      Box(P          R      mAP50  mAP50-95): 44% ━━━━━─────── 2225/5000 134.3it/s 16.3s<20.7s[K                 Class     Images  Instances      Box(P          R      mAP50  mAP50-95): 44% ━━━━━─────── 2240/5000 136.1it/s 16.4s<20.3s[K                 Class     Images  Instances      Box(P          R      mAP50  mAP50-95): 45% ━━━━━─────── 2254/5000 137.2it/s 16.5s<20.0s[K                 Class     Images  Instances      Box(P          R      mAP50  mAP50-95): 45% ━━━━━─────── 2269/5000 138.4it/s 16.6s<19.7s[K                 Class     Images  Instances      Box(P          R      mAP50  mAP50-95): 45% ━━━━━─────── 2284/5000 139.9it/s 16.7s<19.4s[K                 Class     Images  Instances      Box(P          R      mAP50  mAP50-95): 45% ━━━━━╸────── 2299/5000 140.3it/s 16.9s<19.3s[K                 Class     Images  Instances      Box(P          R      mAP50  mAP50-95): 46% ━━━━━╸────── 2313/5000 139.4it/s 17.0s<19.3s[K                 Class     Images  Instances      Box(P          R      mAP50  mAP50-95): 46% ━━━━━╸────── 2328/5000 141.5it/s 17.1s<18.9s[K                 Class     Images  Instances      Box(P          R      mAP50  mAP50-95): 46% ━━━━━╸────── 2344/5000 144.4it/s 17.2s<18.4s[K                 Class     Images  Instances      Box(P          R      mAP50  mAP50-95): 47% ━━━━━╸────── 2359/5000 145.0it/s 17.3s<18.2s[K                 Class     Images  Instances      Box(P          R      mAP50  mAP50-95): 47% ━━━━━╸────── 2373/5000 139.5it/s 17.4s<18.8s[K                 Class     Images  Instances      Box(P          R      mAP50  mAP50-95): 47% ━━━━━╸────── 2387/5000 139.5it/s 17.5s<18.7s[K                 Class     Images  Instances      Box(P          R      mAP50  mAP50-95): 48% ━━━━━╸────── 2401/5000 139.3it/s 17.6s<18.7s[K                 Class     Images  Instances      Box(P          R      mAP50  mAP50-95): 48% ━━━━━╸────── 2415/5000 137.7it/s 17.7s<18.8s[K                 Class     Images  Instances      Box(P          R      mAP50  mAP50-95): 48% ━━━━━╸────── 2429/5000 137.6it/s 17.8s<18.7s[K                 Class     Images  Instances      Box(P          R      mAP50  mAP50-95): 48% ━━━━━╸────── 2443/5000 138.1it/s 17.9s<18.5s[K                 Class     Images  Instances      Box(P          R      mAP50  mAP50-95): 49% ━━━━━╸────── 2457/5000 138.3it/s 18.0s<18.4s[K                 Class     Images  Instances      Box(P          R      mAP50  mAP50-95): 49% ━━━━━╸────── 2471/5000 137.8it/s 18.1s<18.4s[K                 Class     Images  Instances      Box(P          R      mAP50  mAP50-95): 49% ━━━━━╸────── 2485/5000 138.4it/s 18.2s<18.2s[K                 Class     Images  Instances      Box(P          R      mAP50  mAP50-95): 49% ━━━━━╸────── 2499/5000 138.7it/s 18.3s<18.0s[K                 Class     Images  Instances      Box(P          R      mAP50  mAP50-95): 50% ━━━━━━────── 2513/5000 137.7it/s 18.4s<18.1s[K                 Class     Images  Instances      Box(P          R      mAP50  mAP50-95): 50% ━━━━━━────── 2527/5000 138.0it/s 18.5s<17.9s[K                 Class     Images  Instances      Box(P          R      mAP50  mAP50-95): 50% ━━━━━━────── 2542/5000 138.7it/s 18.6s<17.7s[K                 Class     Images  Instances      Box(P          R      mAP50  mAP50-95): 51% ━━━━━━────── 2556/5000 138.1it/s 18.7s<17.7s[K                 Class     Images  Instances      Box(P          R      mAP50  mAP50-95): 51% ━━━━━━────── 2571/5000 139.4it/s 18.8s<17.4s[K                 Class     Images  Instances      Box(P          R      mAP50  mAP50-95): 51% ━━━━━━────── 2585/5000 138.3it/s 18.9s<17.5s[K                 Class     Images  Instances      Box(P          R      mAP50  mAP50-95): 52% ━━━━━━────── 2600/5000 139.1it/s 19.0s<17.3s[K                 Class     Images  Instances      Box(P          R      mAP50  mAP50-95): 52% ━━━━━━────── 2614/5000 137.9it/s 19.1s<17.3s[K                 Class     Images  Instances      Box(P          R      mAP50  mAP50-95): 52% ━━━━━━────── 2628/5000 136.7it/s 19.2s<17.4s[K                 Class     Images  Instances      Box(P          R      mAP50  mAP50-95): 52% ━━━━━━────── 2643/5000 138.1it/s 19.3s<17.1s[K                 Class     Images  Instances      Box(P          R      mAP50  mAP50-95): 53% ━━━━━━────── 2657/5000 137.4it/s 19.4s<17.1s[K                 Class     Images  Instances      Box(P          R      mAP50  mAP50-95): 53% ━━━━━━────── 2672/5000 139.5it/s 19.5s<16.7s[K                 Class     Images  Instances      Box(P          R      mAP50  mAP50-95): 53% ━━━━━━────── 2687/5000 140.0it/s 19.6s<16.5s[K                 Class     Images  Instances      Box(P          R      mAP50  mAP50-95): 54% ━━━━━━────── 2702/5000 141.3it/s 19.8s<16.3s[K                 Class     Images  Instances      Box(P          R      mAP50  mAP50-95): 54% ━━━━━━╸───── 2716/5000 140.2it/s 19.9s<16.3s[K                 Class     Images  Instances      Box(P          R      mAP50  mAP50-95): 54% ━━━━━━╸───── 2730/5000 139.8it/s 20.0s<16.2s[K                 Class     Images  Instances      Box(P          R      mAP50  mAP50-95): 54% ━━━━━━╸───── 2744/5000 139.6it/s 20.1s<16.2s[K                 Class     Images  Instances      Box(P          R      mAP50  mAP50-95): 55% ━━━━━━╸───── 2758/5000 139.0it/s 20.2s<16.1s[K                 Class     Images  Instances      Box(P          R      mAP50  mAP50-95): 55% ━━━━━━╸───── 2773/5000 140.0it/s 20.3s<15.9s[K                 Class     Images  Instances      Box(P          R      mAP50  mAP50-95): 55% ━━━━━━╸───── 2787/5000 138.5it/s 20.4s<16.0s[K                 Class     Images  Instances      Box(P          R      mAP50  mAP50-95): 56% ━━━━━━╸───── 2801/5000 138.6it/s 20.5s<15.9s[K                 Class     Images  Instances      Box(P          R      mAP50  mAP50-95): 56% ━━━━━━╸───── 2815/5000 138.1it/s 20.6s<15.8s[K                 Class     Images  Instances      Box(P          R      mAP50  mAP50-95): 56% ━━━━━━╸───── 2829/5000 137.1it/s 20.7s<15.8s[K                 Class     Images  Instances      Box(P          R      mAP50  mAP50-95): 56% ━━━━━━╸───── 2843/5000 137.7it/s 20.8s<15.7s[K                 Class     Images  Instances      Box(P          R      mAP50  mAP50-95): 57% ━━━━━━╸───── 2857/5000 138.2it/s 20.9s<15.5s[K                 Class     Images  Instances      Box(P          R      mAP50  mAP50-95): 57% ━━━━━━╸───── 2871/5000 138.2it/s 21.0s<15.4s[K                 Class     Images  Instances      Box(P          R      mAP50  mAP50-95): 57% ━━━━━━╸───── 2885/5000 138.7it/s 21.1s<15.2s[K                 Class     Images  Instances      Box(P          R      mAP50  mAP50-95): 57% ━━━━━━╸───── 2899/5000 138.4it/s 21.2s<15.2s[K                 Class     Images  Instances      Box(P          R      mAP50  mAP50-95): 58% ━━━━━━╸───── 2913/5000 137.1it/s 21.3s<15.2s[K                 Class     Images  Instances      Box(P          R      mAP50  mAP50-95): 58% ━━━━━━━───── 2926/5000 134.6it/s 21.4s<15.4s[K                 Class     Images  Instances      Box(P          R      mAP50  mAP50-95): 58% ━━━━━━━───── 2940/5000 133.5it/s 21.5s<15.4s[K                 Class     Images  Instances      Box(P          R      mAP50  mAP50-95): 59% ━━━━━━━───── 2954/5000 133.7it/s 21.6s<15.3s[K                 Class     Images  Instances      Box(P          R      mAP50  mAP50-95): 59% ━━━━━━━───── 2968/5000 134.6it/s 21.7s<15.1s[K                 Class     Images  Instances      Box(P          R      mAP50  mAP50-95): 59% ━━━━━━━───── 2982/5000 134.8it/s 21.8s<15.0s[K                 Class     Images  Instances      Box(P          R      mAP50  mAP50-95): 59% ━━━━━━━───── 2996/5000 134.8it/s 21.9s<14.9s[K                 Class     Images  Instances      Box(P          R      mAP50  mAP50-95): 60% ━━━━━━━───── 3010/5000 136.3it/s 22.0s<14.6s[K                 Class     Images  Instances      Box(P          R      mAP50  mAP50-95): 60% ━━━━━━━───── 3024/5000 135.2it/s 22.1s<14.6s[K                 Class     Images  Instances      Box(P          R      mAP50  mAP50-95): 60% ━━━━━━━───── 3038/5000 135.4it/s 22.2s<14.5s[K                 Class     Images  Instances      Box(P          R      mAP50  mAP50-95): 61% ━━━━━━━───── 3052/5000 136.1it/s 22.3s<14.3s[K                 Class     Images  Instances      Box(P          R      mAP50  mAP50-95): 61% ━━━━━━━───── 3067/5000 137.4it/s 22.4s<14.1s[K                 Class     Images  Instances      Box(P          R      mAP50  mAP50-95): 61% ━━━━━━━───── 3081/5000 137.0it/s 22.5s<14.0s[K                 Class     Images  Instances      Box(P          R      mAP50  mAP50-95): 61% ━━━━━━━───── 3095/5000 137.4it/s 22.6s<13.9s[K                 Class     Images  Instances      Box(P          R      mAP50  mAP50-95): 62% ━━━━━━━───── 3109/5000 137.2it/s 22.7s<13.8s[K                 Class     Images  Instances      Box(P          R      mAP50  mAP50-95): 62% ━━━━━━━───── 3123/5000 137.4it/s 22.8s<13.7s[K                 Class     Images  Instances      Box(P          R      mAP50  mAP50-95): 62% ━━━━━━━╸──── 3137/5000 136.5it/s 22.9s<13.6s[K                 Class     Images  Instances      Box(P          R      mAP50  mAP50-95): 63% ━━━━━━━╸──── 3150/5000 134.3it/s 23.0s<13.8s[K                 Class     Images  Instances      Box(P          R      mAP50  mAP50-95): 63% ━━━━━━━╸──── 3164/5000 135.4it/s 23.1s<13.6s[K                 Class     Images  Instances      Box(P          R      mAP50  mAP50-95): 63% ━━━━━━━╸──── 3177/5000 133.7it/s 23.2s<13.6s[K                 Class     Images  Instances      Box(P          R      mAP50  mAP50-95): 63% ━━━━━━━╸──── 3191/5000 133.1it/s 23.3s<13.6s[K                 Class     Images  Instances      Box(P          R      mAP50  mAP50-95): 64% ━━━━━━━╸──── 3204/5000 132.0it/s 23.4s<13.6s[K                 Class     Images  Instances      Box(P          R      mAP50  mAP50-95): 64% ━━━━━━━╸──── 3218/5000 131.5it/s 23.5s<13.6s[K                 Class     Images  Instances      Box(P          R      mAP50  mAP50-95): 64% ━━━━━━━╸──── 3231/5000 130.5it/s 23.6s<13.6s[K                 Class     Images  Instances      Box(P          R      mAP50  mAP50-95): 64% ━━━━━━━╸──── 3245/5000 130.8it/s 23.8s<13.4s[K                 Class     Images  Instances      Box(P          R      mAP50  mAP50-95): 65% ━━━━━━━╸──── 3259/5000 130.4it/s 23.9s<13.4s[K                 Class     Images  Instances      Box(P          R      mAP50  mAP50-95): 65% ━━━━━━━╸──── 3272/5000 129.1it/s 24.0s<13.4s[K                 Class     Images  Instances      Box(P          R      mAP50  mAP50-95): 65% ━━━━━━━╸──── 3285/5000 129.3it/s 24.1s<13.3s[K                 Class     Images  Instances      Box(P          R      mAP50  mAP50-95): 65% ━━━━━━━╸──── 3298/5000 128.1it/s 24.2s<13.3s[K                 Class     Images  Instances      Box(P          R      mAP50  mAP50-95): 66% ━━━━━━━╸──── 3311/5000 128.6it/s 24.3s<13.1s[K                 Class     Images  Instances      Box(P          R      mAP50  mAP50-95): 66% ━━━━━━━╸──── 3325/5000 131.2it/s 24.4s<12.8s[K                 Class     Images  Instances      Box(P          R      mAP50  mAP50-95): 66% ━━━━━━━━──── 3339/5000 131.5it/s 24.5s<12.6s[K                 Class     Images  Instances      Box(P          R      mAP50  mAP50-95): 67% ━━━━━━━━──── 3352/5000 130.6it/s 24.6s<12.6s[K                 Class     Images  Instances      Box(P          R      mAP50  mAP50-95): 67% ━━━━━━━━──── 3365/5000 128.3it/s 24.7s<12.7s[K                 Class     Images  Instances      Box(P          R      mAP50  mAP50-95): 67% ━━━━━━━━──── 3379/5000 129.2it/s 24.8s<12.5s[K                 Class     Images  Instances      Box(P          R      mAP50  mAP50-95): 67% ━━━━━━━━──── 3393/5000 130.1it/s 24.9s<12.4s[K                 Class     Images  Instances      Box(P          R      mAP50  mAP50-95): 68% ━━━━━━━━──── 3406/5000 129.5it/s 25.0s<12.3s[K                 Class     Images  Instances      Box(P          R      mAP50  mAP50-95): 68% ━━━━━━━━──── 3419/5000 129.1it/s 25.1s<12.2s[K                 Class     Images  Instances      Box(P          R      mAP50  mAP50-95): 68% ━━━━━━━━──── 3432/5000 128.5it/s 25.2s<12.2s[K                 Class     Images  Instances      Box(P          R      mAP50  mAP50-95): 68% ━━━━━━━━──── 3444/5000 124.9it/s 25.3s<12.5s[K                 Class     Images  Instances      Box(P          R      mAP50  mAP50-95): 69% ━━━━━━━━──── 3458/5000 128.2it/s 25.4s<12.0s[K                 Class     Images  Instances      Box(P          R      mAP50  mAP50-95): 69% ━━━━━━━━──── 3473/5000 131.9it/s 25.5s<11.6s[K                 Class     Images  Instances      Box(P          R      mAP50  mAP50-95): 69% ━━━━━━━━──── 3487/5000 132.7it/s 25.6s<11.4s[K                 Class     Images  Instances      Box(P          R      mAP50  mAP50-95): 70% ━━━━━━━━──── 3501/5000 133.1it/s 25.7s<11.3s[K                 Class     Images  Instances      Box(P          R      mAP50  mAP50-95): 70% ━━━━━━━━──── 3515/5000 133.2it/s 25.8s<11.1s[K                 Class     Images  Instances      Box(P          R      mAP50  mAP50-95): 70% ━━━━━━━━──── 3530/5000 135.4it/s 25.9s<10.9s[K                 Class     Images  Instances      Box(P          R      mAP50  mAP50-95): 70% ━━━━━━━━╸─── 3545/5000 137.9it/s 26.0s<10.6s[K                 Class     Images  Instances      Box(P          R      mAP50  mAP50-95): 71% ━━━━━━━━╸─── 3560/5000 138.9it/s 26.1s<10.4s[K                 Class     Images  Instances      Box(P          R      mAP50  mAP50-95): 71% ━━━━━━━━╸─── 3575/5000 140.1it/s 26.3s<10.2s[K                 Class     Images  Instances      Box(P          R      mAP50  mAP50-95): 71% ━━━━━━━━╸─── 3589/5000 138.9it/s 26.4s<10.2s[K                 Class     Images  Instances      Box(P          R      mAP50  mAP50-95): 72% ━━━━━━━━╸─── 3603/5000 137.5it/s 26.5s<10.2s[K                 Class     Images  Instances      Box(P          R      mAP50  mAP50-95): 72% ━━━━━━━━╸─── 3617/5000 137.4it/s 26.6s<10.1s[K                 Class     Images  Instances      Box(P          R      mAP50  mAP50-95): 72% ━━━━━━━━╸─── 3631/5000 137.7it/s 26.7s<9.9s[K                 Class     Images  Instances      Box(P          R      mAP50  mAP50-95): 72% ━━━━━━━━╸─── 3645/5000 138.0it/s 26.8s<9.8s[K                 Class     Images  Instances      Box(P          R      mAP50  mAP50-95): 73% ━━━━━━━━╸─── 3658/5000 135.3it/s 26.9s<9.9s[K                 Class     Images  Instances      Box(P          R      mAP50  mAP50-95): 73% ━━━━━━━━╸─── 3673/5000 136.7it/s 27.0s<9.7s[K                 Class     Images  Instances      Box(P          R      mAP50  mAP50-95): 73% ━━━━━━━━╸─── 3687/5000 136.4it/s 27.1s<9.6s[K                 Class     Images  Instances      Box(P          R      mAP50  mAP50-95): 74% ━━━━━━━━╸─── 3700/5000 133.6it/s 27.2s<9.7s[K                 Class     Images  Instances      Box(P          R      mAP50  mAP50-95): 74% ━━━━━━━━╸─── 3714/5000 134.0it/s 27.3s<9.6s[K                 Class     Images  Instances      Box(P          R      mAP50  mAP50-95): 74% ━━━━━━━━╸─── 3728/5000 134.2it/s 27.4s<9.5s[K                 Class     Images  Instances      Box(P          R      mAP50  mAP50-95): 74% ━━━━━━━━╸─── 3742/5000 134.9it/s 27.5s<9.3s[K                 Class     Images  Instances      Box(P          R      mAP50  mAP50-95): 75% ━━━━━━━━━─── 3753/5000 124.4it/s 27.6s<10.0s[K                 Class     Images  Instances      Box(P          R      mAP50  mAP50-95): 75% ━━━━━━━━━─── 3766/5000 126.0it/s 27.7s<9.8s[K                 Class     Images  Instances      Box(P          R      mAP50  mAP50-95): 75% ━━━━━━━━━─── 3780/5000 127.0it/s 27.8s<9.6s[K                 Class     Images  Instances      Box(P          R      mAP50  mAP50-95): 75% ━━━━━━━━━─── 3793/5000 126.2it/s 27.9s<9.6s[K                 Class     Images  Instances      Box(P          R      mAP50  mAP50-95): 76% ━━━━━━━━━─── 3807/5000 128.7it/s 28.0s<9.3s[K                 Class     Images  Instances      Box(P          R      mAP50  mAP50-95): 76% ━━━━━━━━━─── 3822/5000 132.9it/s 28.1s<8.9s[K                 Class     Images  Instances      Box(P          R      mAP50  mAP50-95): 76% ━━━━━━━━━─── 3837/5000 135.4it/s 28.2s<8.6s[K                 Class     Images  Instances      Box(P          R      mAP50  mAP50-95): 77% ━━━━━━━━━─── 3852/5000 137.7it/s 28.3s<8.3s[K                 Class     Images  Instances      Box(P          R      mAP50  mAP50-95): 77% ━━━━━━━━━─── 3866/5000 138.3it/s 28.4s<8.2s[K                 Class     Images  Instances      Box(P          R      mAP50  mAP50-95): 77% ━━━━━━━━━─── 3880/5000 137.2it/s 28.5s<8.2s[K                 Class     Images  Instances      Box(P          R      mAP50  mAP50-95): 77% ━━━━━━━━━─── 3895/5000 139.5it/s 28.6s<7.9s[K                 Class     Images  Instances      Box(P          R      mAP50  mAP50-95): 78% ━━━━━━━━━─── 3909/5000 138.6it/s 28.7s<7.9s[K                 Class     Images  Instances      Box(P          R      mAP50  mAP50-95): 78% ━━━━━━━━━─── 3923/5000 137.6it/s 28.8s<7.8s[K                 Class     Images  Instances      Box(P          R      mAP50  mAP50-95): 78% ━━━━━━━━━─── 3936/5000 134.7it/s 28.9s<7.9s[K                 Class     Images  Instances      Box(P          R      mAP50  mAP50-95): 79% ━━━━━━━━━─── 3950/5000 135.0it/s 29.0s<7.8s[K                 Class     Images  Instances      Box(P          R      mAP50  mAP50-95): 79% ━━━━━━━━━╸── 3964/5000 134.5it/s 29.2s<7.7s[K                 Class     Images  Instances      Box(P          R      mAP50  mAP50-95): 79% ━━━━━━━━━╸── 3977/5000 132.5it/s 29.3s<7.7s[K                 Class     Images  Instances      Box(P          R      mAP50  mAP50-95): 79% ━━━━━━━━━╸── 3991/5000 132.5it/s 29.4s<7.6s[K                 Class     Images  Instances      Box(P          R      mAP50  mAP50-95): 80% ━━━━━━━━━╸── 4005/5000 132.6it/s 29.5s<7.5s[K                 Class     Images  Instances      Box(P          R      mAP50  mAP50-95): 80% ━━━━━━━━━╸── 4019/5000 133.3it/s 29.6s<7.4s[K                 Class     Images  Instances      Box(P          R      mAP50  mAP50-95): 80% ━━━━━━━━━╸── 4033/5000 133.0it/s 29.7s<7.3s[K                 Class     Images  Instances      Box(P          R      mAP50  mAP50-95): 80% ━━━━━━━━━╸── 4047/5000 132.5it/s 29.8s<7.2s[K                 Class     Images  Instances      Box(P          R      mAP50  mAP50-95): 81% ━━━━━━━━━╸── 4052/5000 98.7it/s 30.0s<9.6s[K                 Class     Images  Instances      Box(P          R      mAP50  mAP50-95): 81% ━━━━━━━━━╸── 4066/5000 109.4it/s 30.1s<8.5s[K                 Class     Images  Instances      Box(P          R      mAP50  mAP50-95): 81% ━━━━━━━━━╸── 4079/5000 113.0it/s 30.2s<8.1s[K                 Class     Images  Instances      Box(P          R      mAP50  mAP50-95): 81% ━━━━━━━━━╸── 4093/5000 119.3it/s 30.4s<7.6s[K                 Class     Images  Instances      Box(P          R      mAP50  mAP50-95): 82% ━━━━━━━━━╸── 4107/5000 124.8it/s 30.5s<7.2s[K                 Class     Images  Instances      Box(P          R      mAP50  mAP50-95): 82% ━━━━━━━━━╸── 4121/5000 128.1it/s 30.6s<6.9s[K                 Class     Images  Instances      Box(P          R      mAP50  mAP50-95): 82% ━━━━━━━━━╸── 4135/5000 131.3it/s 30.7s<6.6s[K                 Class     Images  Instances      Box(P          R      mAP50  mAP50-95): 82% ━━━━━━━━━╸── 4149/5000 133.2it/s 30.8s<6.4s[K                 Class     Images  Instances      Box(P          R      mAP50  mAP50-95): 83% ━━━━━━━━━╸── 4163/5000 133.8it/s 30.9s<6.3s[K                 Class     Images  Instances      Box(P          R      mAP50  mAP50-95): 83% ━━━━━━━━━━── 4177/5000 133.1it/s 31.0s<6.2s[K                 Class     Images  Instances      Box(P          R      mAP50  mAP50-95): 83% ━━━━━━━━━━── 4191/5000 133.9it/s 31.1s<6.0s[K                 Class     Images  Instances      Box(P          R      mAP50  mAP50-95): 84% ━━━━━━━━━━── 4204/5000 132.0it/s 31.2s<6.0s[K                 Class     Images  Instances      Box(P          R      mAP50  mAP50-95): 84% ━━━━━━━━━━── 4218/5000 133.0it/s 31.3s<5.9s[K                 Class     Images  Instances      Box(P          R      mAP50  mAP50-95): 84% ━━━━━━━━━━── 4232/5000 133.3it/s 31.4s<5.8s[K                 Class     Images  Instances      Box(P          R      mAP50  mAP50-95): 84% ━━━━━━━━━━── 4246/5000 132.7it/s 31.5s<5.7s[K                 Class     Images  Instances      Box(P          R      mAP50  mAP50-95): 85% ━━━━━━━━━━── 4260/5000 133.1it/s 31.6s<5.6s[K                 Class     Images  Instances      Box(P          R      mAP50  mAP50-95): 85% ━━━━━━━━━━── 4274/5000 134.6it/s 31.7s<5.4s[K                 Class     Images  Instances      Box(P          R      mAP50  mAP50-95): 85% ━━━━━━━━━━── 4288/5000 134.7it/s 31.8s<5.3s[K                 Class     Images  Instances      Box(P          R      mAP50  mAP50-95): 86% ━━━━━━━━━━── 4302/5000 135.6it/s 31.9s<5.1s[K                 Class     Images  Instances      Box(P          R      mAP50  mAP50-95): 86% ━━━━━━━━━━── 4316/5000 134.8it/s 32.0s<5.1s[K                 Class     Images  Instances      Box(P          R      mAP50  mAP50-95): 86% ━━━━━━━━━━── 4330/5000 135.2it/s 32.1s<5.0s[K                 Class     Images  Instances      Box(P          R      mAP50  mAP50-95): 86% ━━━━━━━━━━── 4344/5000 135.3it/s 32.2s<4.8s[K                 Class     Images  Instances      Box(P          R      mAP50  mAP50-95): 87% ━━━━━━━━━━── 4358/5000 135.9it/s 32.3s<4.7s[K                 Class     Images  Instances      Box(P          R      mAP50  mAP50-95): 87% ━━━━━━━━━━── 4372/5000 136.0it/s 32.4s<4.6s[K                 Class     Images  Instances      Box(P          R      mAP50  mAP50-95): 87% ━━━━━━━━━━╸─ 4386/5000 135.4it/s 32.5s<4.5s[K                 Class     Images  Instances      Box(P          R      mAP50  mAP50-95): 88% ━━━━━━━━━━╸─ 4400/5000 134.3it/s 32.6s<4.5s[K                 Class     Images  Instances      Box(P          R      mAP50  mAP50-95): 88% ━━━━━━━━━━╸─ 4414/5000 134.5it/s 32.7s<4.4s[K                 Class     Images  Instances      Box(P          R      mAP50  mAP50-95): 88% ━━━━━━━━━━╸─ 4429/5000 136.3it/s 32.8s<4.2s[K                 Class     Images  Instances      Box(P          R      mAP50  mAP50-95): 88% ━━━━━━━━━━╸─ 4443/5000 136.9it/s 32.9s<4.1s[K                 Class     Images  Instances      Box(P          R      mAP50  mAP50-95): 89% ━━━━━━━━━━╸─ 4457/5000 135.8it/s 33.0s<4.0s[K                 Class     Images  Instances      Box(P          R      mAP50  mAP50-95): 89% ━━━━━━━━━━╸─ 4471/5000 135.6it/s 33.1s<3.9s[K                 Class     Images  Instances      Box(P          R      mAP50  mAP50-95): 89% ━━━━━━━━━━╸─ 4485/5000 135.5it/s 33.3s<3.8s[K                 Class     Images  Instances      Box(P          R      mAP50  mAP50-95): 89% ━━━━━━━━━━╸─ 4499/5000 135.3it/s 33.4s<3.7s[K                 Class     Images  Instances      Box(P          R      mAP50  mAP50-95): 90% ━━━━━━━━━━╸─ 4513/5000 136.6it/s 33.5s<3.6s[K                 Class     Images  Instances      Box(P          R      mAP50  mAP50-95): 90% ━━━━━━━━━━╸─ 4528/5000 138.0it/s 33.6s<3.4s[K                 Class     Images  Instances      Box(P          R      mAP50  mAP50-95): 90% ━━━━━━━━━━╸─ 4543/5000 138.6it/s 33.7s<3.3s[K                 Class     Images  Instances      Box(P          R      mAP50  mAP50-95): 91% ━━━━━━━━━━╸─ 4557/5000 138.4it/s 33.8s<3.2s[K                 Class     Images  Instances      Box(P          R      mAP50  mAP50-95): 91% ━━━━━━━━━━╸─ 4571/5000 138.1it/s 33.9s<3.1s[K                 Class     Images  Instances      Box(P          R      mAP50  mAP50-95): 91% ━━━━━━━━━━━─ 4585/5000 137.4it/s 34.0s<3.0s[K                 Class     Images  Instances      Box(P          R      mAP50  mAP50-95): 92% ━━━━━━━━━━━─ 4600/5000 138.4it/s 34.1s<2.9s[K                 Class     Images  Instances      Box(P          R      mAP50  mAP50-95): 92% ━━━━━━━━━━━─ 4614/5000 138.5it/s 34.2s<2.8s[K                 Class     Images  Instances      Box(P          R      mAP50  mAP50-95): 92% ━━━━━━━━━━━─ 4629/5000 140.3it/s 34.3s<2.6s[K                 Class     Images  Instances      Box(P          R      mAP50  mAP50-95): 92% ━━━━━━━━━━━─ 4644/5000 140.6it/s 34.4s<2.5s[K                 Class     Images  Instances      Box(P          R      mAP50  mAP50-95): 93% ━━━━━━━━━━━─ 4658/5000 138.4it/s 34.5s<2.5s[K                 Class     Images  Instances      Box(P          R      mAP50  mAP50-95): 93% ━━━━━━━━━━━─ 4672/5000 138.5it/s 34.6s<2.4s[K                 Class     Images  Instances      Box(P          R      mAP50  mAP50-95): 93% ━━━━━━━━━━━─ 4687/5000 139.3it/s 34.7s<2.2s[K                 Class     Images  Instances      Box(P          R      mAP50  mAP50-95): 94% ━━━━━━━━━━━─ 4701/5000 137.6it/s 34.8s<2.2s[K                 Class     Images  Instances      Box(P          R      mAP50  mAP50-95): 94% ━━━━━━━━━━━─ 4715/5000 136.4it/s 34.9s<2.1s[K                 Class     Images  Instances      Box(P          R      mAP50  mAP50-95): 94% ━━━━━━━━━━━─ 4729/5000 134.7it/s 35.0s<2.0s[K                 Class     Images  Instances      Box(P          R      mAP50  mAP50-95): 94% ━━━━━━━━━━━─ 4743/5000 135.1it/s 35.1s<1.9s[K                 Class     Images  Instances      Box(P          R      mAP50  mAP50-95): 95% ━━━━━━━━━━━─ 4757/5000 134.1it/s 35.2s<1.8s[K                 Class     Images  Instances      Box(P          R      mAP50  mAP50-95): 95% ━━━━━━━━━━━─ 4770/5000 132.5it/s 35.3s<1.7s[K                 Class     Images  Instances      Box(P          R      mAP50  mAP50-95): 95% ━━━━━━━━━━━─ 4784/5000 132.7it/s 35.4s<1.6s[K                 Class     Images  Instances      Box(P          R      mAP50  mAP50-95): 95% ━━━━━━━━━━━╸ 4798/5000 132.0it/s 35.5s<1.5s[K                 Class     Images  Instances      Box(P          R      mAP50  mAP50-95): 96% ━━━━━━━━━━━╸ 4811/5000 130.4it/s 35.6s<1.4s[K                 Class     Images  Instances      Box(P          R      mAP50  mAP50-95): 96% ━━━━━━━━━━━╸ 4824/5000 129.7it/s 35.7s<1.4s[K                 Class     Images  Instances      Box(P          R      mAP50  mAP50-95): 96% ━━━━━━━━━━━╸ 4838/5000 130.4it/s 35.9s<1.2s[K                 Class     Images  Instances      Box(P          R      mAP50  mAP50-95): 97% ━━━━━━━━━━━╸ 4851/5000 128.0it/s 36.0s<1.2s[K                 Class     Images  Instances      Box(P          R      mAP50  mAP50-95): 97% ━━━━━━━━━━━╸ 4864/5000 128.2it/s 36.1s<1.1s[K                 Class     Images  Instances      Box(P          R      mAP50  mAP50-95): 97% ━━━━━━━━━━━╸ 4878/5000 130.5it/s 36.2s<0.9s[K                 Class     Images  Instances      Box(P          R      mAP50  mAP50-95): 97% ━━━━━━━━━━━╸ 4892/5000 131.5it/s 36.3s<0.8s[K                 Class     Images  Instances      Box(P          R      mAP50  mAP50-95): 98% ━━━━━━━━━━━╸ 4905/5000 128.5it/s 36.4s<0.7s[K                 Class     Images  Instances      Box(P          R      mAP50  mAP50-95): 98% ━━━━━━━━━━━╸ 4918/5000 128.1it/s 36.5s<0.6s[K                 Class     Images  Instances      Box(P          R      mAP50  mAP50-95): 98% ━━━━━━━━━━━╸ 4931/5000 128.6it/s 36.6s<0.5s[K                 Class     Images  Instances      Box(P          R      mAP50  mAP50-95): 98% ━━━━━━━━━━━╸ 4944/5000 128.7it/s 36.7s<0.4s[K                 Class     Images  Instances      Box(P          R      mAP50  mAP50-95): 99% ━━━━━━━━━━━╸ 4957/5000 129.1it/s 36.8s<0.3s[K                 Class     Images  Instances      Box(P          R      mAP50  mAP50-95): 99% ━━━━━━━━━━━╸ 4971/5000 129.8it/s 36.9s<0.2s[K                 Class     Images  Instances      Box(P          R      mAP50  mAP50-95): 99% ━━━━━━━━━━━╸ 4985/5000 129.9it/s 37.0s<0.1s[K                 Class     Images  Instances      Box(P          R      mAP50  mAP50-95): 99% ━━━━━━━━━━━╸ 4998/5000 129.0it/s 37.1s<0.0s[K                 Class     Images  Instances      Box(P          R      mAP50  mAP50-95): 100% ━━━━━━━━━━━━ 5000/5000 134.7it/s 37.1s
                   all       5000      36335      0.681       0.52      0.569      0.408
Speed: 0.8ms preprocess, 2.7ms inference, 0.0ms loss, 1.0ms postprocess per image
[int8-qdq model] 2.203ms  mAP50 0.5690  mAP50-95 0.4081  size 12.0MB
