/usr/local/lib/python3.11/dist-packages/torch/cuda/__init__.py:58: FutureWarning: The pynvml package is deprecated. Please install nvidia-ml-py instead. If you did not install pynvml directly, please report this to the maintainers of the package that installed pynvml for you.
  import pynvml  # type: ignore[import]
[repair] legacy attrs filled: {'progressive_sparsity': 4, '_training_step': 4, 'warmup_steps': 4, 'expert_dropout_rate': 4, 'dropout_interval': 4, 'detach_routing': 4, 'last_routing_snapshot': 4, '_moe_nonfinite_events': 4, '_current_top_k': 4, 'routing.capacity_factor': 4, 'routing.noise_std': 4}
[repair] add_residual forced False on 0 blocks; property shadows stripped 5; ES_MOE dense=True
[repair] attached moe_loss_fn to model.3 (E=3)
[repair] attached moe_loss_fn to model.6 (E=3)
[repair] attached moe_loss_fn to model.9 (E=3)
[repair] attached moe_loss_fn to model.12 (E=3)
[mtq] sensitive set 'default': ('*model.0.*', '*model.1.*', '*routing*', '*router*', '*dfl*')
[calib] 1024 train images from /data/datasets/coco/images/train2017
Inserted 722 quantizers
[mtq] calibrated in 32s, 282 active quantizers, 0 uncalibrated->disabled
model.0.conv.input_quantizer                                                     TensorQuantizer(disabled)
model.0.conv.output_quantizer                                                    TensorQuantizer(disabled)
model.0.conv.weight_quantizer                                                    TensorQuantizer(disabled)
model.0.bn.input_quantizer                                                       TensorQuantizer(disabled)
model.0.bn.output_quantizer                                                      TensorQuantizer(disabled)
model.1.conv.input_quantizer                                                     TensorQuantizer(disabled)
model.1.conv.output_quantizer                                                    TensorQuantizer(disabled)
model.1.conv.weight_quantizer                                                    TensorQuantizer(disabled)
model.1.bn.input_quantizer                                                       TensorQuantizer(disabled)
model.1.bn.output_quantizer                                                      TensorQuantizer(disabled)
model.2.cv1.conv.input_quantizer                                                 TensorQuantizer(8 bit fake per-tensor amax=107.2799 calibrator=MaxCalibrator quant)
model.2.cv1.conv.output_quantizer                                                TensorQuantizer(disabled)
model.2.cv1.conv.weight_quantizer                                                TensorQuantizer(8 bit fake axis=0 amax=[0.1075, 0.3623](32) calibrator=MaxCalibrator quant)
model.2.cv1.bn.input_quantizer                                                   TensorQuantizer(disabled)
model.2.cv1.bn.output_quantizer                                                  TensorQuantizer(disabled)
model.2.cv2.conv.input_quantizer                                                 TensorQuantizer(8 bit fake per-tensor amax=31.6236 calibrator=MaxCalibrator quant)
model.2.cv2.conv.output_quantizer                                                TensorQuantizer(disabled)
model.2.cv2.conv.weight_quantizer                                                TensorQuantizer(8 bit fake axis=0 amax=[0.0524, 0.1975](64) calibrator=MaxCalibrator quant)
model.2.cv2.bn.input_quantizer                                                   TensorQuantizer(disabled)
model.2.cv2.bn.output_quantizer                                                  TensorQuantizer(disabled)
model.2.m.0.cv1.conv.input_quantizer                                             TensorQuantizer(8 bit fake per-tensor amax=22.2776 calibrator=MaxCalibrator quant)
model.2.m.0.cv1.conv.output_quantizer                                            TensorQuantizer(disabled)
model.2.m.0.cv1.conv.weight_quantizer                                            TensorQuantizer(8 bit fake axis=0 amax=[0.1143, 0.2451](8) calibrator=MaxCalibrator quant)
model.2.m.0.cv1.bn.input_quantizer                                               TensorQuantizer(disabled)
model.2.m.0.cv1.bn.output_quantizer                                              TensorQuantizer(disabled)
model.2.m.0.cv2.conv.input_quantizer                                             TensorQuantizer(8 bit fake per-tensor amax=7.0511 calibrator=MaxCalibrator quant)
model.2.m.0.cv2.conv.output_quantizer                                            TensorQuantizer(disabled)
model.2.m.0.cv2.conv.weight_quantizer                                            TensorQuantizer(8 bit fake axis=0 amax=[0.0811, 0.2690](16) calibrator=MaxCalibrator quant)
model.2.m.0.cv2.bn.input_quantizer                                               TensorQuantizer(disabled)
model.2.m.0.cv2.bn.output_quantizer                                              TensorQuantizer(disabled)
model.3.routing.global_pool.input_quantizer                                      TensorQuantizer(disabled)
model.3.routing.global_pool.output_quantizer                                     TensorQuantizer(disabled)
model.3.routing.routing_network.0.input_quantizer                                TensorQuantizer(disabled)
model.3.routing.routing_network.0.output_quantizer                               TensorQuantizer(disabled)
model.3.routing.routing_network.0.weight_quantizer                               TensorQuantizer(disabled)
model.3.routing.routing_network.2.input_quantizer                                TensorQuantizer(disabled)
model.3.routing.routing_network.2.output_quantizer                               TensorQuantizer(disabled)
model.3.routing.routing_network.2.weight_quantizer                               TensorQuantizer(disabled)
model.3.experts.0.conv.depthwise.input_quantizer                                 TensorQuantizer(8 bit fake per-tensor amax=23.2944 calibrator=MaxCalibrator quant)
model.3.experts.0.conv.depthwise.output_quantizer                                TensorQuantizer(disabled)
model.3.experts.0.conv.depthwise.weight_quantizer                                TensorQuantizer(8 bit fake axis=0 amax=[0.0197, 0.2067](64) calibrator=MaxCalibrator quant)
model.3.experts.0.conv.pointwise.input_quantizer                                 TensorQuantizer(8 bit fake per-tensor amax=2.1714 calibrator=MaxCalibrator quant)
model.3.experts.0.conv.pointwise.output_quantizer                                TensorQuantizer(disabled)
model.3.experts.0.conv.pointwise.weight_quantizer                                TensorQuantizer(8 bit fake axis=0 amax=[0.0474, 0.1676](64) calibrator=MaxCalibrator quant)
model.3.experts.0.conv.bn.input_quantizer                                        TensorQuantizer(disabled)
model.3.experts.0.conv.bn.output_quantizer                                       TensorQuantizer(disabled)
model.3.experts.1.conv.depthwise.input_quantizer                                 TensorQuantizer(8 bit fake per-tensor amax=23.2944 calibrator=MaxCalibrator quant)
model.3.experts.1.conv.depthwise.output_quantizer                                TensorQuantizer(disabled)
model.3.experts.1.conv.depthwise.weight_quantizer                                TensorQuantizer(8 bit fake axis=0 amax=[0.0228, 0.1953](64) calibrator=MaxCalibrator quant)
model.3.experts.1.conv.pointwise.input_quantizer                                 TensorQuantizer(8 bit fake per-tensor amax=2.5912 calibrator=MaxCalibrator quant)
model.3.experts.1.conv.pointwise.output_quantizer                                TensorQuantizer(disabled)
model.3.experts.1.conv.pointwise.weight_quantizer                                TensorQuantizer(8 bit fake axis=0 amax=[0.0549, 0.1936](64) calibrator=MaxCalibrator quant)
model.3.experts.1.conv.bn.input_quantizer                                        TensorQuantizer(disabled)
model.3.experts.1.conv.bn.output_quantizer                                       TensorQuantizer(disabled)
model.3.experts.2.conv.depthwise.input_quantizer                                 TensorQuantizer(8 bit fake per-tensor amax=23.2944 calibrator=MaxCalibrator quant)
model.3.experts.2.conv.depthwise.output_quantizer                                TensorQuantizer(disabled)
model.3.experts.2.conv.depthwise.weight_quantizer                                TensorQuantizer(8 bit fake axis=0 amax=[0.0409, 0.1793](64) calibrator=MaxCalibrator quant)
model.3.experts.2.conv.pointwise.input_quantizer                                 TensorQuantizer(8 bit fake per-tensor amax=4.0182 calibrator=MaxCalibrator quant)
model.3.experts.2.conv.pointwise.output_quantizer                                TensorQuantizer(disabled)
model.3.experts.2.conv.pointwise.weight_quantizer                                TensorQuantizer(8 bit fake axis=0 amax=[0.0504, 0.1862](64) calibrator=MaxCalibrator quant)
model.3.experts.2.conv.bn.input_quantizer                                        TensorQuantizer(disabled)
model.3.experts.2.conv.bn.output_quantizer                                       TensorQuantizer(disabled)
model.3.norm.0.input_quantizer                                                   TensorQuantizer(disabled)
model.3.norm.0.output_quantizer                                                  TensorQuantizer(disabled)
model.4.conv.input_quantizer                                                     TensorQuantizer(8 bit fake per-tensor amax=51.8690 calibrator=MaxCalibrator quant)
model.4.conv.output_quantizer                                                    TensorQuantizer(disabled)
model.4.conv.weight_quantizer                                                    TensorQuantizer(8 bit fake axis=0 amax=[0.0459, 0.1902](64) calibrator=MaxCalibrator quant)
model.4.bn.input_quantizer                                                       TensorQuantizer(disabled)
model.4.bn.output_quantizer                                                      TensorQuantizer(disabled)
model.5.cv1.conv.input_quantizer                                                 TensorQuantizer(8 bit fake per-tensor amax=8.9203 calibrator=MaxCalibrator quant)
model.5.cv1.conv.output_quantizer                                                TensorQuantizer(disabled)
model.5.cv1.conv.weight_quantizer                                                TensorQuantizer(8 bit fake axis=0 amax=[0.0628, 0.2057](64) calibrator=MaxCalibrator quant)
model.5.cv1.bn.input_quantizer                                                   TensorQuantizer(disabled)
model.5.cv1.bn.output_quantizer                                                  TensorQuantizer(disabled)
model.5.cv2.conv.input_quantizer                                                 TensorQuantizer(8 bit fake per-tensor amax=8.3807 calibrator=MaxCalibrator quant)
model.5.cv2.conv.output_quantizer                                                TensorQuantizer(disabled)
model.5.cv2.conv.weight_quantizer                                                TensorQuantizer(8 bit fake axis=0 amax=[0.0449, 0.2168](128) calibrator=MaxCalibrator quant)
model.5.cv2.bn.input_quantizer                                                   TensorQuantizer(disabled)
model.5.cv2.bn.output_quantizer                                                  TensorQuantizer(disabled)
model.5.m.0.cv1.conv.input_quantizer                                             TensorQuantizer(8 bit fake per-tensor amax=5.4570 calibrator=MaxCalibrator quant)
model.5.m.0.cv1.conv.output_quantizer                                            TensorQuantizer(disabled)
model.5.m.0.cv1.conv.weight_quantizer                                            TensorQuantizer(8 bit fake axis=0 amax=[0.0670, 0.0991](16) calibrator=MaxCalibrator quant)
model.5.m.0.cv1.bn.input_quantizer                                               TensorQuantizer(disabled)
model.5.m.0.cv1.bn.output_quantizer                                              TensorQuantizer(disabled)
model.5.m.0.cv2.conv.input_quantizer                                             TensorQuantizer(8 bit fake per-tensor amax=5.8818 calibrator=MaxCalibrator quant)
model.5.m.0.cv2.conv.output_quantizer                                            TensorQuantizer(disabled)
model.5.m.0.cv2.conv.weight_quantizer                                            TensorQuantizer(8 bit fake axis=0 amax=[0.0536, 0.1196](32) calibrator=MaxCalibrator quant)
model.5.m.0.cv2.bn.input_quantizer                                               TensorQuantizer(disabled)
model.5.m.0.cv2.bn.output_quantizer                                              TensorQuantizer(disabled)
model.6.routing.global_pool.input_quantizer                                      TensorQuantizer(disabled)
model.6.routing.global_pool.output_quantizer                                     TensorQuantizer(disabled)
model.6.routing.routing_network.0.input_quantizer                                TensorQuantizer(disabled)
model.6.routing.routing_network.0.output_quantizer                               TensorQuantizer(disabled)
model.6.routing.routing_network.0.weight_quantizer                               TensorQuantizer(disabled)
model.6.routing.routing_network.2.input_quantizer                                TensorQuantizer(disabled)
model.6.routing.routing_network.2.output_quantizer                               TensorQuantizer(disabled)
model.6.routing.routing_network.2.weight_quantizer                               TensorQuantizer(disabled)
model.6.experts.0.conv.depthwise.input_quantizer                                 TensorQuantizer(8 bit fake per-tensor amax=11.8530 calibrator=MaxCalibrator quant)
model.6.experts.0.conv.depthwise.output_quantizer                                TensorQuantizer(disabled)
model.6.experts.0.conv.depthwise.weight_quantizer                                TensorQuantizer(8 bit fake axis=0 amax=[0.0371, 0.1938](128) calibrator=MaxCalibrator quant)
model.6.experts.0.conv.pointwise.input_quantizer                                 TensorQuantizer(8 bit fake per-tensor amax=0.9776 calibrator=MaxCalibrator quant)
model.6.experts.0.conv.pointwise.output_quantizer                                TensorQuantizer(disabled)
model.6.experts.0.conv.pointwise.weight_quantizer                                TensorQuantizer(8 bit fake axis=0 amax=[0.0321, 0.2258](128) calibrator=MaxCalibrator quant)
model.6.experts.0.conv.bn.input_quantizer                                        TensorQuantizer(disabled)
model.6.experts.0.conv.bn.output_quantizer                                       TensorQuantizer(disabled)
model.6.experts.1.conv.depthwise.input_quantizer                                 TensorQuantizer(8 bit fake per-tensor amax=11.8530 calibrator=MaxCalibrator quant)
model.6.experts.1.conv.depthwise.output_quantizer                                TensorQuantizer(disabled)
model.6.experts.1.conv.depthwise.weight_quantizer                                TensorQuantizer(8 bit fake axis=0 amax=[0.0322, 0.1649](128) calibrator=MaxCalibrator quant)
model.6.experts.1.conv.pointwise.input_quantizer                                 TensorQuantizer(8 bit fake per-tensor amax=1.2042 calibrator=MaxCalibrator quant)
model.6.experts.1.conv.pointwise.output_quantizer                                TensorQuantizer(disabled)
model.6.experts.1.conv.pointwise.weight_quantizer                                TensorQuantizer(8 bit fake axis=0 amax=[0.0364, 0.1561](128) calibrator=MaxCalibrator quant)
model.6.experts.1.conv.bn.input_quantizer                                        TensorQuantizer(disabled)
model.6.experts.1.conv.bn.output_quantizer                                       TensorQuantizer(disabled)
model.6.experts.2.conv.depthwise.input_quantizer                                 TensorQuantizer(8 bit fake per-tensor amax=11.8530 calibrator=MaxCalibrator quant)
model.6.experts.2.conv.depthwise.output_quantizer                                TensorQuantizer(disabled)
model.6.experts.2.conv.depthwise.weight_quantizer                                TensorQuantizer(8 bit fake axis=0 amax=[0.0369, 0.1495](128) calibrator=MaxCalibrator quant)
model.6.experts.2.conv.pointwise.input_quantizer                                 TensorQuantizer(8 bit fake per-tensor amax=1.4615 calibrator=MaxCalibrator quant)
model.6.experts.2.conv.pointwise.output_quantizer                                TensorQuantizer(disabled)
model.6.experts.2.conv.pointwise.weight_quantizer                                TensorQuantizer(8 bit fake axis=0 amax=[0.0361, 0.1708](128) calibrator=MaxCalibrator quant)
model.6.experts.2.conv.bn.input_quantizer                                        TensorQuantizer(disabled)
model.6.experts.2.conv.bn.output_quantizer                                       TensorQuantizer(disabled)
model.6.norm.0.input_quantizer                                                   TensorQuantizer(disabled)
model.6.norm.0.output_quantizer                                                  TensorQuantizer(disabled)
model.7.conv.input_quantizer                                                     TensorQuantizer(8 bit fake per-tensor amax=24.3806 calibrator=MaxCalibrator quant)
model.7.conv.output_quantizer                                                    TensorQuantizer(disabled)
model.7.conv.weight_quantizer                                                    TensorQuantizer(8 bit fake axis=0 amax=[0.0214, 0.1519](128) calibrator=MaxCalibrator quant)
model.7.bn.input_quantizer                                                       TensorQuantizer(disabled)
model.7.bn.output_quantizer                                                      TensorQuantizer(disabled)
model.8.cv1.conv.input_quantizer                                                 TensorQuantizer(8 bit fake per-tensor amax=23.5026 calibrator=MaxCalibrator quant)
model.8.cv1.conv.output_quantizer                                                TensorQuantizer(disabled)
model.8.cv1.conv.weight_quantizer                                                TensorQuantizer(8 bit fake axis=0 amax=[0.0443, 0.2332](64) calibrator=MaxCalibrator quant)
model.8.cv1.bn.input_quantizer                                                   TensorQuantizer(disabled)
model.8.cv1.bn.output_quantizer                                                  TensorQuantizer(disabled)
model.8.cv2.conv.input_quantizer                                                 TensorQuantizer(8 bit fake per-tensor amax=22.2413 calibrator=MaxCalibrator quant)
model.8.cv2.conv.output_quantizer                                                TensorQuantizer(disabled)
model.8.cv2.conv.weight_quantizer                                                TensorQuantizer(8 bit fake axis=0 amax=[0.0389, 0.1276](128) calibrator=MaxCalibrator quant)
model.8.cv2.bn.input_quantizer                                                   TensorQuantizer(disabled)
model.8.cv2.bn.output_quantizer                                                  TensorQuantizer(disabled)
model.8.m.0.0.attn.qkv.conv.input_quantizer                                      TensorQuantizer(8 bit fake per-tensor amax=17.1392 calibrator=MaxCalibrator quant)
model.8.m.0.0.attn.qkv.conv.output_quantizer                                     TensorQuantizer(disabled)
model.8.m.0.0.attn.qkv.conv.weight_quantizer                                     TensorQuantizer(8 bit fake axis=0 amax=[0.0168, 0.1194](192) calibrator=MaxCalibrator quant)
model.8.m.0.0.attn.qkv.bn.input_quantizer                                        TensorQuantizer(disabled)
model.8.m.0.0.attn.qkv.bn.output_quantizer                                       TensorQuantizer(disabled)
model.8.m.0.0.attn.proj.conv.input_quantizer                                     TensorQuantizer(8 bit fake per-tensor amax=11.1740 calibrator=MaxCalibrator quant)
model.8.m.0.0.attn.proj.conv.output_quantizer                                    TensorQuantizer(disabled)
model.8.m.0.0.attn.proj.conv.weight_quantizer                                    TensorQuantizer(8 bit fake axis=0 amax=[0.0342, 0.1748](64) calibrator=MaxCalibrator quant)
model.8.m.0.0.attn.proj.bn.input_quantizer                                       TensorQuantizer(disabled)
model.8.m.0.0.attn.proj.bn.output_quantizer                                      TensorQuantizer(disabled)
model.8.m.0.0.attn.pe.conv.input_quantizer                                       TensorQuantizer(8 bit fake per-tensor amax=15.6817 calibrator=MaxCalibrator quant)
model.8.m.0.0.attn.pe.conv.output_quantizer                                      TensorQuantizer(disabled)
model.8.m.0.0.attn.pe.conv.weight_quantizer                                      TensorQuantizer(8 bit fake axis=0 amax=[0.0259, 0.1775](64) calibrator=MaxCalibrator quant)
model.8.m.0.0.attn.pe.bn.input_quantizer                                         TensorQuantizer(disabled)
model.8.m.0.0.attn.pe.bn.output_quantizer                                        TensorQuantizer(disabled)
model.8.m.0.0.mlp.0.conv.input_quantizer                                         TensorQuantizer(8 bit fake per-tensor amax=13.1611 calibrator=MaxCalibrator quant)
model.8.m.0.0.mlp.0.conv.output_quantizer                                        TensorQuantizer(disabled)
model.8.m.0.0.mlp.0.conv.weight_quantizer                                        TensorQuantizer(8 bit fake axis=0 amax=[0.0306, 0.1349](128) calibrator=MaxCalibrator quant)
model.8.m.0.0.mlp.0.bn.input_quantizer                                           TensorQuantizer(disabled)
model.8.m.0.0.mlp.0.bn.output_quantizer                                          TensorQuantizer(disabled)
model.8.m.0.0.mlp.1.conv.input_quantizer                                         TensorQuantizer(8 bit fake per-tensor amax=7.2989 calibrator=MaxCalibrator quant)
model.8.m.0.0.mlp.1.conv.output_quantizer                                        TensorQuantizer(disabled)
model.8.m.0.0.mlp.1.conv.weight_quantizer                                        TensorQuantizer(8 bit fake axis=0 amax=[0.0315, 0.0906](64) calibrator=MaxCalibrator quant)
model.8.m.0.0.mlp.1.bn.input_quantizer                                           TensorQuantizer(disabled)
model.8.m.0.0.mlp.1.bn.output_quantizer                                          TensorQuantizer(disabled)
model.8.m.0.1.attn.qkv.conv.input_quantizer                                      TensorQuantizer(8 bit fake per-tensor amax=12.1492 calibrator=MaxCalibrator quant)
model.8.m.0.1.attn.qkv.conv.output_quantizer                                     TensorQuantizer(disabled)
model.8.m.0.1.attn.qkv.conv.weight_quantizer                                     TensorQuantizer(8 bit fake axis=0 amax=[0.0210, 0.1199](192) calibrator=MaxCalibrator quant)
model.8.m.0.1.attn.qkv.bn.input_quantizer                                        TensorQuantizer(disabled)
model.8.m.0.1.attn.qkv.bn.output_quantizer                                       TensorQuantizer(disabled)
model.8.m.0.1.attn.proj.conv.input_quantizer                                     TensorQuantizer(8 bit fake per-tensor amax=8.2220 calibrator=MaxCalibrator quant)
model.8.m.0.1.attn.proj.conv.output_quantizer                                    TensorQuantizer(disabled)
model.8.m.0.1.attn.proj.conv.weight_quantizer                                    TensorQuantizer(8 bit fake axis=0 amax=[0.0319, 0.0965](64) calibrator=MaxCalibrator quant)
model.8.m.0.1.attn.proj.bn.input_quantizer                                       TensorQuantizer(disabled)
model.8.m.0.1.attn.proj.bn.output_quantizer                                      TensorQuantizer(disabled)
model.8.m.0.1.attn.pe.conv.input_quantizer                                       TensorQuantizer(8 bit fake per-tensor amax=14.6522 calibrator=MaxCalibrator quant)
model.8.m.0.1.attn.pe.conv.output_quantizer                                      TensorQuantizer(disabled)
model.8.m.0.1.attn.pe.conv.weight_quantizer                                      TensorQuantizer(8 bit fake axis=0 amax=[0.0299, 0.1776](64) calibrator=MaxCalibrator quant)
model.8.m.0.1.attn.pe.bn.input_quantizer                                         TensorQuantizer(disabled)
model.8.m.0.1.attn.pe.bn.output_quantizer                                        TensorQuantizer(disabled)
model.8.m.0.1.mlp.0.conv.input_quantizer                                         TensorQuantizer(8 bit fake per-tensor amax=14.1828 calibrator=MaxCalibrator quant)
model.8.m.0.1.mlp.0.conv.output_quantizer                                        TensorQuantizer(disabled)
model.8.m.0.1.mlp.0.conv.weight_quantizer                                        TensorQuantizer(8 bit fake axis=0 amax=[0.0302, 0.1310](128) calibrator=MaxCalibrator quant)
model.8.m.0.1.mlp.0.bn.input_quantizer                                           TensorQuantizer(disabled)
model.8.m.0.1.mlp.0.bn.output_quantizer                                          TensorQuantizer(disabled)
model.8.m.0.1.mlp.1.conv.input_quantizer                                         TensorQuantizer(8 bit fake per-tensor amax=7.8551 calibrator=MaxCalibrator quant)
model.8.m.0.1.mlp.1.conv.output_quantizer                                        TensorQuantizer(disabled)
model.8.m.0.1.mlp.1.conv.weight_quantizer                                        TensorQuantizer(8 bit fake axis=0 amax=[0.0324, 0.1132](64) calibrator=MaxCalibrator quant)
model.8.m.0.1.mlp.1.bn.input_quantizer                                           TensorQuantizer(disabled)
model.8.m.0.1.mlp.1.bn.output_quantizer                                          TensorQuantizer(disabled)
model.8.m.1.0.attn.qkv.conv.input_quantizer                                      TensorQuantizer(8 bit fake per-tensor amax=13.8284 calibrator=MaxCalibrator quant)
model.8.m.1.0.attn.qkv.conv.output_quantizer                                     TensorQuantizer(disabled)
model.8.m.1.0.attn.qkv.conv.weight_quantizer                                     TensorQuantizer(8 bit fake axis=0 amax=[0.0132, 0.1350](192) calibrator=MaxCalibrator quant)
model.8.m.1.0.attn.qkv.bn.input_quantizer                                        TensorQuantizer(disabled)
model.8.m.1.0.attn.qkv.bn.output_quantizer                                       TensorQuantizer(disabled)
model.8.m.1.0.attn.proj.conv.input_quantizer                                     TensorQuantizer(8 bit fake per-tensor amax=12.3949 calibrator=MaxCalibrator quant)
model.8.m.1.0.attn.proj.conv.output_quantizer                                    TensorQuantizer(disabled)
model.8.m.1.0.attn.proj.conv.weight_quantizer                                    TensorQuantizer(8 bit fake axis=0 amax=[0.0165, 0.0964](64) calibrator=MaxCalibrator quant)
model.8.m.1.0.attn.proj.bn.input_quantizer                                       TensorQuantizer(disabled)
model.8.m.1.0.attn.proj.bn.output_quantizer                                      TensorQuantizer(disabled)
model.8.m.1.0.attn.pe.conv.input_quantizer                                       TensorQuantizer(8 bit fake per-tensor amax=15.8477 calibrator=MaxCalibrator quant)
model.8.m.1.0.attn.pe.conv.output_quantizer                                      TensorQuantizer(disabled)
model.8.m.1.0.attn.pe.conv.weight_quantizer                                      TensorQuantizer(8 bit fake axis=0 amax=[0.0313, 0.1401](64) calibrator=MaxCalibrator quant)
model.8.m.1.0.attn.pe.bn.input_quantizer                                         TensorQuantizer(disabled)
model.8.m.1.0.attn.pe.bn.output_quantizer                                        TensorQuantizer(disabled)
model.8.m.1.0.mlp.0.conv.input_quantizer                                         TensorQuantizer(8 bit fake per-tensor amax=14.5525 calibrator=MaxCalibrator quant)
model.8.m.1.0.mlp.0.conv.output_quantizer                                        TensorQuantizer(disabled)
model.8.m.1.0.mlp.0.conv.weight_quantizer                                        TensorQuantizer(8 bit fake axis=0 amax=[0.0312, 0.1109](128) calibrator=MaxCalibrator quant)
model.8.m.1.0.mlp.0.bn.input_quantizer                                           TensorQuantizer(disabled)
model.8.m.1.0.mlp.0.bn.output_quantizer                                          TensorQuantizer(disabled)
model.8.m.1.0.mlp.1.conv.input_quantizer                                         TensorQuantizer(8 bit fake per-tensor amax=7.8910 calibrator=MaxCalibrator quant)
model.8.m.1.0.mlp.1.conv.output_quantizer                                        TensorQuantizer(disabled)
model.8.m.1.0.mlp.1.conv.weight_quantizer                                        TensorQuantizer(8 bit fake axis=0 amax=[0.0223, 0.0839](64) calibrator=MaxCalibrator quant)
model.8.m.1.0.mlp.1.bn.input_quantizer                                           TensorQuantizer(disabled)
model.8.m.1.0.mlp.1.bn.output_quantizer                                          TensorQuantizer(disabled)
model.8.m.1.1.attn.qkv.conv.input_quantizer                                      TensorQuantizer(8 bit fake per-tensor amax=14.6810 calibrator=MaxCalibrator quant)
model.8.m.1.1.attn.qkv.conv.output_quantizer                                     TensorQuantizer(disabled)
model.8.m.1.1.attn.qkv.conv.weight_quantizer                                     TensorQuantizer(8 bit fake axis=0 amax=[0.0131, 0.1552](192) calibrator=MaxCalibrator quant)
model.8.m.1.1.attn.qkv.bn.input_quantizer                                        TensorQuantizer(disabled)
model.8.m.1.1.attn.qkv.bn.output_quantizer                                       TensorQuantizer(disabled)
model.8.m.1.1.attn.proj.conv.input_quantizer                                     TensorQuantizer(8 bit fake per-tensor amax=7.2196 calibrator=MaxCalibrator quant)
model.8.m.1.1.attn.proj.conv.output_quantizer                                    TensorQuantizer(disabled)
model.8.m.1.1.attn.proj.conv.weight_quantizer                                    TensorQuantizer(8 bit fake axis=0 amax=[0.0314, 0.0998](64) calibrator=MaxCalibrator quant)
model.8.m.1.1.attn.proj.bn.input_quantizer                                       TensorQuantizer(disabled)
model.8.m.1.1.attn.proj.bn.output_quantizer                                      TensorQuantizer(disabled)
model.8.m.1.1.attn.pe.conv.input_quantizer                                       TensorQuantizer(8 bit fake per-tensor amax=14.6059 calibrator=MaxCalibrator quant)
model.8.m.1.1.attn.pe.conv.output_quantizer                                      TensorQuantizer(disabled)
model.8.m.1.1.attn.pe.conv.weight_quantizer                                      TensorQuantizer(8 bit fake axis=0 amax=[0.0472, 0.1635](64) calibrator=MaxCalibrator quant)
model.8.m.1.1.attn.pe.bn.input_quantizer                                         TensorQuantizer(disabled)
model.8.m.1.1.attn.pe.bn.output_quantizer                                        TensorQuantizer(disabled)
model.8.m.1.1.mlp.0.conv.input_quantizer                                         TensorQuantizer(8 bit fake per-tensor amax=22.8254 calibrator=MaxCalibrator quant)
model.8.m.1.1.mlp.0.conv.output_quantizer                                        TensorQuantizer(disabled)
model.8.m.1.1.mlp.0.conv.weight_quantizer                                        TensorQuantizer(8 bit fake axis=0 amax=[0.0304, 0.0760](128) calibrator=MaxCalibrator quant)
model.8.m.1.1.mlp.0.bn.input_quantizer                                           TensorQuantizer(disabled)
model.8.m.1.1.mlp.0.bn.output_quantizer                                          TensorQuantizer(disabled)
model.8.m.1.1.mlp.1.conv.input_quantizer                                         TensorQuantizer(8 bit fake per-tensor amax=6.6596 calibrator=MaxCalibrator quant)
model.8.m.1.1.mlp.1.conv.output_quantizer                                        TensorQuantizer(disabled)
model.8.m.1.1.mlp.1.conv.weight_quantizer                                        TensorQuantizer(8 bit fake axis=0 amax=[0.0296, 0.0784](64) calibrator=MaxCalibrator quant)
model.8.m.1.1.mlp.1.bn.input_quantizer                                           TensorQuantizer(disabled)
model.8.m.1.1.mlp.1.bn.output_quantizer                                          TensorQuantizer(disabled)
model.9.routing.global_pool.input_quantizer                                      TensorQuantizer(disabled)
model.9.routing.global_pool.output_quantizer                                     TensorQuantizer(disabled)
model.9.routing.routing_network.0.input_quantizer                                TensorQuantizer(disabled)
model.9.routing.routing_network.0.output_quantizer                               TensorQuantizer(disabled)
model.9.routing.routing_network.0.weight_quantizer                               TensorQuantizer(disabled)
model.9.routing.routing_network.2.input_quantizer                                TensorQuantizer(disabled)
model.9.routing.routing_network.2.output_quantizer                               TensorQuantizer(disabled)
model.9.routing.routing_network.2.weight_quantizer                               TensorQuantizer(disabled)
model.9.experts.0.conv.depthwise.input_quantizer                                 TensorQuantizer(8 bit fake per-tensor amax=10.7512 calibrator=MaxCalibrator quant)
model.9.experts.0.conv.depthwise.output_quantizer                                TensorQuantizer(disabled)
model.9.experts.0.conv.depthwise.weight_quantizer                                TensorQuantizer(8 bit fake axis=0 amax=[0.0344, 0.1659](128) calibrator=MaxCalibrator quant)
model.9.experts.0.conv.pointwise.input_quantizer                                 TensorQuantizer(8 bit fake per-tensor amax=0.9835 calibrator=MaxCalibrator quant)
model.9.experts.0.conv.pointwise.output_quantizer                                TensorQuantizer(disabled)
model.9.experts.0.conv.pointwise.weight_quantizer                                TensorQuantizer(8 bit fake axis=0 amax=[0.0352, 0.1622](128) calibrator=MaxCalibrator quant)
model.9.experts.0.conv.bn.input_quantizer                                        TensorQuantizer(disabled)
model.9.experts.0.conv.bn.output_quantizer                                       TensorQuantizer(disabled)
model.9.experts.1.conv.depthwise.input_quantizer                                 TensorQuantizer(8 bit fake per-tensor amax=10.7512 calibrator=MaxCalibrator quant)
model.9.experts.1.conv.depthwise.output_quantizer                                TensorQuantizer(disabled)
model.9.experts.1.conv.depthwise.weight_quantizer                                TensorQuantizer(8 bit fake axis=0 amax=[0.0338, 0.1414](128) calibrator=MaxCalibrator quant)
model.9.experts.1.conv.pointwise.input_quantizer                                 TensorQuantizer(8 bit fake per-tensor amax=1.0251 calibrator=MaxCalibrator quant)
model.9.experts.1.conv.pointwise.output_quantizer                                TensorQuantizer(disabled)
model.9.experts.1.conv.pointwise.weight_quantizer                                TensorQuantizer(8 bit fake axis=0 amax=[0.0293, 0.1407](128) calibrator=MaxCalibrator quant)
model.9.experts.1.conv.bn.input_quantizer                                        TensorQuantizer(disabled)
model.9.experts.1.conv.bn.output_quantizer                                       TensorQuantizer(disabled)
model.9.experts.2.conv.depthwise.input_quantizer                                 TensorQuantizer(8 bit fake per-tensor amax=10.7512 calibrator=MaxCalibrator quant)
model.9.experts.2.conv.depthwise.output_quantizer                                TensorQuantizer(disabled)
model.9.experts.2.conv.depthwise.weight_quantizer                                TensorQuantizer(8 bit fake axis=0 amax=[0.0209, 0.1414](128) calibrator=MaxCalibrator quant)
model.9.experts.2.conv.pointwise.input_quantizer                                 TensorQuantizer(8 bit fake per-tensor amax=1.2576 calibrator=MaxCalibrator quant)
model.9.experts.2.conv.pointwise.output_quantizer                                TensorQuantizer(disabled)
model.9.experts.2.conv.pointwise.weight_quantizer                                TensorQuantizer(8 bit fake axis=0 amax=[0.0314, 0.1428](128) calibrator=MaxCalibrator quant)
model.9.experts.2.conv.bn.input_quantizer                                        TensorQuantizer(disabled)
model.9.experts.2.conv.bn.output_quantizer                                       TensorQuantizer(disabled)
model.9.norm.0.input_quantizer                                                   TensorQuantizer(disabled)
model.9.norm.0.output_quantizer                                                  TensorQuantizer(disabled)
model.10.conv.input_quantizer                                                    TensorQuantizer(8 bit fake per-tensor amax=22.0123 calibrator=MaxCalibrator quant)
model.10.conv.output_quantizer                                                   TensorQuantizer(disabled)
model.10.conv.weight_quantizer                                                   TensorQuantizer(8 bit fake axis=0 amax=[0.0180, 0.1185](256) calibrator=MaxCalibrator quant)
model.10.bn.input_quantizer                                                      TensorQuantizer(disabled)
model.10.bn.output_quantizer                                                     TensorQuantizer(disabled)
model.11.cv1.conv.input_quantizer                                                TensorQuantizer(8 bit fake per-tensor amax=13.8425 calibrator=MaxCalibrator quant)
model.11.cv1.conv.output_quantizer                                               TensorQuantizer(disabled)
model.11.cv1.conv.weight_quantizer                                               TensorQuantizer(8 bit fake axis=0 amax=[0.0361, 0.1899](128) calibrator=MaxCalibrator quant)
model.11.cv1.bn.input_quantizer                                                  TensorQuantizer(disabled)
model.11.cv1.bn.output_quantizer                                                 TensorQuantizer(disabled)
model.11.cv2.conv.input_quantizer                                                TensorQuantizer(8 bit fake per-tensor amax=20.6153 calibrator=MaxCalibrator quant)
model.11.cv2.conv.output_quantizer                                               TensorQuantizer(disabled)
model.11.cv2.conv.weight_quantizer                                               TensorQuantizer(8 bit fake axis=0 amax=[0.0257, 0.0979](256) calibrator=MaxCalibrator quant)
model.11.cv2.bn.input_quantizer                                                  TensorQuantizer(disabled)
model.11.cv2.bn.output_quantizer                                                 TensorQuantizer(disabled)
model.11.m.0.0.attn.qkv.conv.input_quantizer                                     TensorQuantizer(8 bit fake per-tensor amax=19.8676 calibrator=MaxCalibrator quant)
model.11.m.0.0.attn.qkv.conv.output_quantizer                                    TensorQuantizer(disabled)
model.11.m.0.0.attn.qkv.conv.weight_quantizer                                    TensorQuantizer(8 bit fake axis=0 amax=[0.0093, 0.1797](384) calibrator=MaxCalibrator quant)
model.11.m.0.0.attn.qkv.bn.input_quantizer                                       TensorQuantizer(disabled)
model.11.m.0.0.attn.qkv.bn.output_quantizer                                      TensorQuantizer(disabled)
model.11.m.0.0.attn.proj.conv.input_quantizer                                    TensorQuantizer(8 bit fake per-tensor amax=18.0578 calibrator=MaxCalibrator quant)
model.11.m.0.0.attn.proj.conv.output_quantizer                                   TensorQuantizer(disabled)
model.11.m.0.0.attn.proj.conv.weight_quantizer                                   TensorQuantizer(8 bit fake axis=0 amax=[0.0267, 0.1807](128) calibrator=MaxCalibrator quant)
model.11.m.0.0.attn.proj.bn.input_quantizer                                      TensorQuantizer(disabled)
model.11.m.0.0.attn.proj.bn.output_quantizer                                     TensorQuantizer(disabled)
model.11.m.0.0.attn.pe.conv.input_quantizer                                      TensorQuantizer(8 bit fake per-tensor amax=12.9742 calibrator=MaxCalibrator quant)
model.11.m.0.0.attn.pe.conv.output_quantizer                                     TensorQuantizer(disabled)
model.11.m.0.0.attn.pe.conv.weight_quantizer                                     TensorQuantizer(8 bit fake axis=0 amax=[0.0210, 0.1414](128) calibrator=MaxCalibrator quant)
model.11.m.0.0.attn.pe.bn.input_quantizer                                        TensorQuantizer(disabled)
model.11.m.0.0.attn.pe.bn.output_quantizer                                       TensorQuantizer(disabled)
model.11.m.0.0.mlp.0.conv.input_quantizer                                        TensorQuantizer(8 bit fake per-tensor amax=17.8650 calibrator=MaxCalibrator quant)
model.11.m.0.0.mlp.0.conv.output_quantizer                                       TensorQuantizer(disabled)
model.11.m.0.0.mlp.0.conv.weight_quantizer                                       TensorQuantizer(8 bit fake axis=0 amax=[0.0260, 0.1385](256) calibrator=MaxCalibrator quant)
model.11.m.0.0.mlp.0.bn.input_quantizer                                          TensorQuantizer(disabled)
model.11.m.0.0.mlp.0.bn.output_quantizer                                         TensorQuantizer(disabled)
model.11.m.0.0.mlp.1.conv.input_quantizer                                        TensorQuantizer(8 bit fake per-tensor amax=8.3946 calibrator=MaxCalibrator quant)
model.11.m.0.0.mlp.1.conv.output_quantizer                                       TensorQuantizer(disabled)
model.11.m.0.0.mlp.1.conv.weight_quantizer                                       TensorQuantizer(8 bit fake axis=0 amax=[0.0175, 0.1472](128) calibrator=MaxCalibrator quant)
model.11.m.0.0.mlp.1.bn.input_quantizer                                          TensorQuantizer(disabled)
model.11.m.0.0.mlp.1.bn.output_quantizer                                         TensorQuantizer(disabled)
model.11.m.0.1.attn.qkv.conv.input_quantizer                                     TensorQuantizer(8 bit fake per-tensor amax=17.8737 calibrator=MaxCalibrator quant)
model.11.m.0.1.attn.qkv.conv.output_quantizer                                    TensorQuantizer(disabled)
model.11.m.0.1.attn.qkv.conv.weight_quantizer                                    TensorQuantizer(8 bit fake axis=0 amax=[0.0134, 0.1241](384) calibrator=MaxCalibrator quant)
model.11.m.0.1.attn.qkv.bn.input_quantizer                                       TensorQuantizer(disabled)
model.11.m.0.1.attn.qkv.bn.output_quantizer                                      TensorQuantizer(disabled)
model.11.m.0.1.attn.proj.conv.input_quantizer                                    TensorQuantizer(8 bit fake per-tensor amax=11.5546 calibrator=MaxCalibrator quant)
model.11.m.0.1.attn.proj.conv.output_quantizer                                   TensorQuantizer(disabled)
model.11.m.0.1.attn.proj.conv.weight_quantizer                                   TensorQuantizer(8 bit fake axis=0 amax=[0.0244, 0.0993](128) calibrator=MaxCalibrator quant)
model.11.m.0.1.attn.proj.bn.input_quantizer                                      TensorQuantizer(disabled)
model.11.m.0.1.attn.proj.bn.output_quantizer                                     TensorQuantizer(disabled)
model.11.m.0.1.attn.pe.conv.input_quantizer                                      TensorQuantizer(8 bit fake per-tensor amax=11.8809 calibrator=MaxCalibrator quant)
model.11.m.0.1.attn.pe.conv.output_quantizer                                     TensorQuantizer(disabled)
model.11.m.0.1.attn.pe.conv.weight_quantizer                                     TensorQuantizer(8 bit fake axis=0 amax=[0.0195, 0.1172](128) calibrator=MaxCalibrator quant)
model.11.m.0.1.attn.pe.bn.input_quantizer                                        TensorQuantizer(disabled)
model.11.m.0.1.attn.pe.bn.output_quantizer                                       TensorQuantizer(disabled)
model.11.m.0.1.mlp.0.conv.input_quantizer                                        TensorQuantizer(8 bit fake per-tensor amax=16.9929 calibrator=MaxCalibrator quant)
model.11.m.0.1.mlp.0.conv.output_quantizer                                       TensorQuantizer(disabled)
model.11.m.0.1.mlp.0.conv.weight_quantizer                                       TensorQuantizer(8 bit fake axis=0 amax=[0.0227, 0.1315](256) calibrator=MaxCalibrator quant)
model.11.m.0.1.mlp.0.bn.input_quantizer                                          TensorQuantizer(disabled)
model.11.m.0.1.mlp.0.bn.output_quantizer                                         TensorQuantizer(disabled)
model.11.m.0.1.mlp.1.conv.input_quantizer                                        TensorQuantizer(8 bit fake per-tensor amax=10.5861 calibrator=MaxCalibrator quant)
model.11.m.0.1.mlp.1.conv.output_quantizer                                       TensorQuantizer(disabled)
model.11.m.0.1.mlp.1.conv.weight_quantizer                                       TensorQuantizer(8 bit fake axis=0 amax=[0.0235, 0.1210](128) calibrator=MaxCalibrator quant)
model.11.m.0.1.mlp.1.bn.input_quantizer                                          TensorQuantizer(disabled)
model.11.m.0.1.mlp.1.bn.output_quantizer                                         TensorQuantizer(disabled)
model.11.m.1.0.attn.qkv.conv.input_quantizer                                     TensorQuantizer(8 bit fake per-tensor amax=17.8506 calibrator=MaxCalibrator quant)
model.11.m.1.0.attn.qkv.conv.output_quantizer                                    TensorQuantizer(disabled)
model.11.m.1.0.attn.qkv.conv.weight_quantizer                                    TensorQuantizer(8 bit fake axis=0 amax=[0.0146, 0.1063](384) calibrator=MaxCalibrator quant)
model.11.m.1.0.attn.qkv.bn.input_quantizer                                       TensorQuantizer(disabled)
model.11.m.1.0.attn.qkv.bn.output_quantizer                                      TensorQuantizer(disabled)
model.11.m.1.0.attn.proj.conv.input_quantizer                                    TensorQuantizer(8 bit fake per-tensor amax=8.2581 calibrator=MaxCalibrator quant)
model.11.m.1.0.attn.proj.conv.output_quantizer                                   TensorQuantizer(disabled)
model.11.m.1.0.attn.proj.conv.weight_quantizer                                   TensorQuantizer(8 bit fake axis=0 amax=[0.0247, 0.1207](128) calibrator=MaxCalibrator quant)
model.11.m.1.0.attn.proj.bn.input_quantizer                                      TensorQuantizer(disabled)
model.11.m.1.0.attn.proj.bn.output_quantizer                                     TensorQuantizer(disabled)
model.11.m.1.0.attn.pe.conv.input_quantizer                                      TensorQuantizer(8 bit fake per-tensor amax=14.0297 calibrator=MaxCalibrator quant)
model.11.m.1.0.attn.pe.conv.output_quantizer                                     TensorQuantizer(disabled)
model.11.m.1.0.attn.pe.conv.weight_quantizer                                     TensorQuantizer(8 bit fake axis=0 amax=[0.0173, 0.1570](128) calibrator=MaxCalibrator quant)
model.11.m.1.0.attn.pe.bn.input_quantizer                                        TensorQuantizer(disabled)
model.11.m.1.0.attn.pe.bn.output_quantizer                                       TensorQuantizer(disabled)
model.11.m.1.0.mlp.0.conv.input_quantizer                                        TensorQuantizer(8 bit fake per-tensor amax=18.0575 calibrator=MaxCalibrator quant)
model.11.m.1.0.mlp.0.conv.output_quantizer                                       TensorQuantizer(disabled)
model.11.m.1.0.mlp.0.conv.weight_quantizer                                       TensorQuantizer(8 bit fake axis=0 amax=[0.0237, 0.1993](256) calibrator=MaxCalibrator quant)
model.11.m.1.0.mlp.0.bn.input_quantizer                                          TensorQuantizer(disabled)
model.11.m.1.0.mlp.0.bn.output_quantizer                                         TensorQuantizer(disabled)
model.11.m.1.0.mlp.1.conv.input_quantizer                                        TensorQuantizer(8 bit fake per-tensor amax=8.7132 calibrator=MaxCalibrator quant)
model.11.m.1.0.mlp.1.conv.output_quantizer                                       TensorQuantizer(disabled)
model.11.m.1.0.mlp.1.conv.weight_quantizer                                       TensorQuantizer(8 bit fake axis=0 amax=[0.0247, 0.1123](128) calibrator=MaxCalibrator quant)
model.11.m.1.0.mlp.1.bn.input_quantizer                                          TensorQuantizer(disabled)
model.11.m.1.0.mlp.1.bn.output_quantizer                                         TensorQuantizer(disabled)
model.11.m.1.1.attn.qkv.conv.input_quantizer                                     TensorQuantizer(8 bit fake per-tensor amax=17.5847 calibrator=MaxCalibrator quant)
model.11.m.1.1.attn.qkv.conv.output_quantizer                                    TensorQuantizer(disabled)
model.11.m.1.1.attn.qkv.conv.weight_quantizer                                    TensorQuantizer(8 bit fake axis=0 amax=[0.0177, 0.0886](384) calibrator=MaxCalibrator quant)
model.11.m.1.1.attn.qkv.bn.input_quantizer                                       TensorQuantizer(disabled)
model.11.m.1.1.attn.qkv.bn.output_quantizer                                      TensorQuantizer(disabled)
model.11.m.1.1.attn.proj.conv.input_quantizer                                    TensorQuantizer(8 bit fake per-tensor amax=8.0687 calibrator=MaxCalibrator quant)
model.11.m.1.1.attn.proj.conv.output_quantizer                                   TensorQuantizer(disabled)
model.11.m.1.1.attn.proj.conv.weight_quantizer                                   TensorQuantizer(8 bit fake axis=0 amax=[0.0266, 0.1027](128) calibrator=MaxCalibrator quant)
model.11.m.1.1.attn.proj.bn.input_quantizer                                      TensorQuantizer(disabled)
model.11.m.1.1.attn.proj.bn.output_quantizer                                     TensorQuantizer(disabled)
model.11.m.1.1.attn.pe.conv.input_quantizer                                      TensorQuantizer(8 bit fake per-tensor amax=13.7016 calibrator=MaxCalibrator quant)
model.11.m.1.1.attn.pe.conv.output_quantizer                                     TensorQuantizer(disabled)
model.11.m.1.1.attn.pe.conv.weight_quantizer                                     TensorQuantizer(8 bit fake axis=0 amax=[0.0179, 0.1262](128) calibrator=MaxCalibrator quant)
model.11.m.1.1.attn.pe.bn.input_quantizer                                        TensorQuantizer(disabled)
model.11.m.1.1.attn.pe.bn.output_quantizer                                       TensorQuantizer(disabled)
model.11.m.1.1.mlp.0.conv.input_quantizer                                        TensorQuantizer(8 bit fake per-tensor amax=18.3708 calibrator=MaxCalibrator quant)
model.11.m.1.1.mlp.0.conv.output_quantizer                                       TensorQuantizer(disabled)
model.11.m.1.1.mlp.0.conv.weight_quantizer                                       TensorQuantizer(8 bit fake axis=0 amax=[0.0230, 0.0753](256) calibrator=MaxCalibrator quant)
model.11.m.1.1.mlp.0.bn.input_quantizer                                          TensorQuantizer(disabled)
model.11.m.1.1.mlp.0.bn.output_quantizer                                         TensorQuantizer(disabled)
model.11.m.1.1.mlp.1.conv.input_quantizer                                        TensorQuantizer(8 bit fake per-tensor amax=9.8314 calibrator=MaxCalibrator quant)
model.11.m.1.1.mlp.1.conv.output_quantizer                                       TensorQuantizer(disabled)
model.11.m.1.1.mlp.1.conv.weight_quantizer                                       TensorQuantizer(8 bit fake axis=0 amax=[0.0229, 0.0604](128) calibrator=MaxCalibrator quant)
model.11.m.1.1.mlp.1.bn.input_quantizer                                          TensorQuantizer(disabled)
model.11.m.1.1.mlp.1.bn.output_quantizer                                         TensorQuantizer(disabled)
model.12.routing.global_pool.input_quantizer                                     TensorQuantizer(disabled)
model.12.routing.global_pool.output_quantizer                                    TensorQuantizer(disabled)
model.12.routing.routing_network.0.input_quantizer                               TensorQuantizer(disabled)
model.12.routing.routing_network.0.output_quantizer                              TensorQuantizer(disabled)
model.12.routing.routing_network.0.weight_quantizer                              TensorQuantizer(disabled)
model.12.routing.routing_network.2.input_quantizer                               TensorQuantizer(disabled)
model.12.routing.routing_network.2.output_quantizer                              TensorQuantizer(disabled)
model.12.routing.routing_network.2.weight_quantizer                              TensorQuantizer(disabled)
model.12.experts.0.conv.depthwise.input_quantizer                                TensorQuantizer(8 bit fake per-tensor amax=12.4133 calibrator=MaxCalibrator quant)
model.12.experts.0.conv.depthwise.output_quantizer                               TensorQuantizer(disabled)
model.12.experts.0.conv.depthwise.weight_quantizer                               TensorQuantizer(8 bit fake axis=0 amax=[0.0179, 0.1189](256) calibrator=MaxCalibrator quant)
model.12.experts.0.conv.pointwise.input_quantizer                                TensorQuantizer(8 bit fake per-tensor amax=1.6118 calibrator=MaxCalibrator quant)
model.12.experts.0.conv.pointwise.output_quantizer                               TensorQuantizer(disabled)
model.12.experts.0.conv.pointwise.weight_quantizer                               TensorQuantizer(8 bit fake axis=0 amax=[0.0085, 0.1116](256) calibrator=MaxCalibrator quant)
model.12.experts.0.conv.bn.input_quantizer                                       TensorQuantizer(disabled)
model.12.experts.0.conv.bn.output_quantizer                                      TensorQuantizer(disabled)
model.12.experts.1.conv.depthwise.input_quantizer                                TensorQuantizer(8 bit fake per-tensor amax=12.4133 calibrator=MaxCalibrator quant)
model.12.experts.1.conv.depthwise.output_quantizer                               TensorQuantizer(disabled)
model.12.experts.1.conv.depthwise.weight_quantizer                               TensorQuantizer(8 bit fake axis=0 amax=[0.0164, 0.1038](256) calibrator=MaxCalibrator quant)
model.12.experts.1.conv.pointwise.input_quantizer                                TensorQuantizer(8 bit fake per-tensor amax=1.6777 calibrator=MaxCalibrator quant)
model.12.experts.1.conv.pointwise.output_quantizer                               TensorQuantizer(disabled)
model.12.experts.1.conv.pointwise.weight_quantizer                               TensorQuantizer(8 bit fake axis=0 amax=[0.0213, 0.0809](256) calibrator=MaxCalibrator quant)
model.12.experts.1.conv.bn.input_quantizer                                       TensorQuantizer(disabled)
model.12.experts.1.conv.bn.output_quantizer                                      TensorQuantizer(disabled)
model.12.experts.2.conv.depthwise.input_quantizer                                TensorQuantizer(8 bit fake per-tensor amax=12.4133 calibrator=MaxCalibrator quant)
model.12.experts.2.conv.depthwise.output_quantizer                               TensorQuantizer(disabled)
model.12.experts.2.conv.depthwise.weight_quantizer                               TensorQuantizer(8 bit fake axis=0 amax=[0.0126, 0.1046](256) calibrator=MaxCalibrator quant)
model.12.experts.2.conv.pointwise.input_quantizer                                TensorQuantizer(8 bit fake per-tensor amax=2.0301 calibrator=MaxCalibrator quant)
model.12.experts.2.conv.pointwise.output_quantizer                               TensorQuantizer(disabled)
model.12.experts.2.conv.pointwise.weight_quantizer                               TensorQuantizer(8 bit fake axis=0 amax=[0.0198, 0.1754](256) calibrator=MaxCalibrator quant)
model.12.experts.2.conv.bn.input_quantizer                                       TensorQuantizer(disabled)
model.12.experts.2.conv.bn.output_quantizer                                      TensorQuantizer(disabled)
model.12.norm.0.input_quantizer                                                  TensorQuantizer(disabled)
model.12.norm.0.output_quantizer                                                 TensorQuantizer(disabled)
model.15.cv1.conv.input_quantizer                                                TensorQuantizer(8 bit fake per-tensor amax=23.1049 calibrator=MaxCalibrator quant)
model.15.cv1.conv.output_quantizer                                               TensorQuantizer(disabled)
model.15.cv1.conv.weight_quantizer                                               TensorQuantizer(8 bit fake axis=0 amax=[0.0320, 0.1857](128) calibrator=MaxCalibrator quant)
model.15.cv1.bn.input_quantizer                                                  TensorQuantizer(disabled)
model.15.cv1.bn.output_quantizer                                                 TensorQuantizer(disabled)
model.15.cv2.conv.input_quantizer                                                TensorQuantizer(8 bit fake per-tensor amax=11.3175 calibrator=MaxCalibrator quant)
model.15.cv2.conv.output_quantizer                                               TensorQuantizer(disabled)
model.15.cv2.conv.weight_quantizer                                               TensorQuantizer(8 bit fake axis=0 amax=[0.0346, 0.1483](128) calibrator=MaxCalibrator quant)
model.15.cv2.bn.input_quantizer                                                  TensorQuantizer(disabled)
model.15.cv2.bn.output_quantizer                                                 TensorQuantizer(disabled)
model.15.m.0.cv1.conv.input_quantizer                                            TensorQuantizer(8 bit fake per-tensor amax=8.4004 calibrator=MaxCalibrator quant)
model.15.m.0.cv1.conv.output_quantizer                                           TensorQuantizer(disabled)
model.15.m.0.cv1.conv.weight_quantizer                                           TensorQuantizer(8 bit fake axis=0 amax=[0.0491, 0.1310](32) calibrator=MaxCalibrator quant)
model.15.m.0.cv1.bn.input_quantizer                                              TensorQuantizer(disabled)
model.15.m.0.cv1.bn.output_quantizer                                             TensorQuantizer(disabled)
model.15.m.0.cv2.conv.input_quantizer                                            TensorQuantizer(8 bit fake per-tensor amax=8.4004 calibrator=MaxCalibrator quant)
model.15.m.0.cv2.conv.output_quantizer                                           TensorQuantizer(disabled)
model.15.m.0.cv2.conv.weight_quantizer                                           TensorQuantizer(8 bit fake axis=0 amax=[0.0235, 0.0659](32) calibrator=MaxCalibrator quant)
model.15.m.0.cv2.bn.input_quantizer                                              TensorQuantizer(disabled)
model.15.m.0.cv2.bn.output_quantizer                                             TensorQuantizer(disabled)
model.15.m.0.cv3.conv.input_quantizer                                            TensorQuantizer(8 bit fake per-tensor amax=22.5002 calibrator=MaxCalibrator quant)
model.15.m.0.cv3.conv.output_quantizer                                           TensorQuantizer(disabled)
model.15.m.0.cv3.conv.weight_quantizer                                           TensorQuantizer(8 bit fake axis=0 amax=[0.0345, 0.0834](64) calibrator=MaxCalibrator quant)
model.15.m.0.cv3.bn.input_quantizer                                              TensorQuantizer(disabled)
model.15.m.0.cv3.bn.output_quantizer                                             TensorQuantizer(disabled)
model.15.m.0.m.0.cv1.conv.input_quantizer                                        TensorQuantizer(8 bit fake per-tensor amax=2.9934 calibrator=MaxCalibrator quant)
model.15.m.0.m.0.cv1.conv.output_quantizer                                       TensorQuantizer(disabled)
model.15.m.0.m.0.cv1.conv.weight_quantizer                                       TensorQuantizer(8 bit fake axis=0 amax=[0.0443, 0.0820](32) calibrator=MaxCalibrator quant)
model.15.m.0.m.0.cv1.bn.input_quantizer                                          TensorQuantizer(disabled)
model.15.m.0.m.0.cv1.bn.output_quantizer                                         TensorQuantizer(disabled)
model.15.m.0.m.0.cv2.conv.input_quantizer                                        TensorQuantizer(8 bit fake per-tensor amax=8.3847 calibrator=MaxCalibrator quant)
model.15.m.0.m.0.cv2.conv.output_quantizer                                       TensorQuantizer(disabled)
model.15.m.0.m.0.cv2.conv.weight_quantizer                                       TensorQuantizer(8 bit fake axis=0 amax=[0.0369, 0.0886](32) calibrator=MaxCalibrator quant)
model.15.m.0.m.0.cv2.bn.input_quantizer                                          TensorQuantizer(disabled)
model.15.m.0.m.0.cv2.bn.output_quantizer                                         TensorQuantizer(disabled)
model.15.m.0.m.1.cv1.conv.input_quantizer                                        TensorQuantizer(8 bit fake per-tensor amax=8.7567 calibrator=MaxCalibrator quant)
model.15.m.0.m.1.cv1.conv.output_quantizer                                       TensorQuantizer(disabled)
model.15.m.0.m.1.cv1.conv.weight_quantizer                                       TensorQuantizer(8 bit fake axis=0 amax=[0.0373, 0.1278](32) calibrator=MaxCalibrator quant)
model.15.m.0.m.1.cv1.bn.input_quantizer                                          TensorQuantizer(disabled)
model.15.m.0.m.1.cv1.bn.output_quantizer                                         TensorQuantizer(disabled)
model.15.m.0.m.1.cv2.conv.input_quantizer                                        TensorQuantizer(8 bit fake per-tensor amax=6.6642 calibrator=MaxCalibrator quant)
model.15.m.0.m.1.cv2.conv.output_quantizer                                       TensorQuantizer(disabled)
model.15.m.0.m.1.cv2.conv.weight_quantizer                                       TensorQuantizer(8 bit fake axis=0 amax=[0.0296, 0.1234](32) calibrator=MaxCalibrator quant)
model.15.m.0.m.1.cv2.bn.input_quantizer                                          TensorQuantizer(disabled)
model.15.m.0.m.1.cv2.bn.output_quantizer                                         TensorQuantizer(disabled)
model.18.cv1.conv.input_quantizer                                                TensorQuantizer(8 bit fake per-tensor amax=24.3806 calibrator=MaxCalibrator quant)
model.18.cv1.conv.output_quantizer                                               TensorQuantizer(disabled)
model.18.cv1.conv.weight_quantizer                                               TensorQuantizer(8 bit fake axis=0 amax=[0.0420, 0.1735](64) calibrator=MaxCalibrator quant)
model.18.cv1.bn.input_quantizer                                                  TensorQuantizer(disabled)
model.18.cv1.bn.output_quantizer                                                 TensorQuantizer(disabled)
model.18.cv2.conv.input_quantizer                                                TensorQuantizer(8 bit fake per-tensor amax=6.2681 calibrator=MaxCalibrator quant)
model.18.cv2.conv.output_quantizer                                               TensorQuantizer(disabled)
model.18.cv2.conv.weight_quantizer                                               TensorQuantizer(8 bit fake axis=0 amax=[0.0436, 0.1809](64) calibrator=MaxCalibrator quant)
model.18.cv2.bn.input_quantizer                                                  TensorQuantizer(disabled)
model.18.cv2.bn.output_quantizer                                                 TensorQuantizer(disabled)
model.18.m.0.cv1.conv.input_quantizer                                            TensorQuantizer(8 bit fake per-tensor amax=5.9466 calibrator=MaxCalibrator quant)
model.18.m.0.cv1.conv.output_quantizer                                           TensorQuantizer(disabled)
model.18.m.0.cv1.conv.weight_quantizer                                           TensorQuantizer(8 bit fake axis=0 amax=[0.0703, 0.1451](16) calibrator=MaxCalibrator quant)
model.18.m.0.cv1.bn.input_quantizer                                              TensorQuantizer(disabled)
model.18.m.0.cv1.bn.output_quantizer                                             TensorQuantizer(disabled)
model.18.m.0.cv2.conv.input_quantizer                                            TensorQuantizer(8 bit fake per-tensor amax=5.9466 calibrator=MaxCalibrator quant)
model.18.m.0.cv2.conv.output_quantizer                                           TensorQuantizer(disabled)
model.18.m.0.cv2.conv.weight_quantizer                                           TensorQuantizer(8 bit fake axis=0 amax=[0.0320, 0.0843](16) calibrator=MaxCalibrator quant)
model.18.m.0.cv2.bn.input_quantizer                                              TensorQuantizer(disabled)
model.18.m.0.cv2.bn.output_quantizer                                             TensorQuantizer(disabled)
model.18.m.0.cv3.conv.input_quantizer                                            TensorQuantizer(8 bit fake per-tensor amax=16.6679 calibrator=MaxCalibrator quant)
model.18.m.0.cv3.conv.output_quantizer                                           TensorQuantizer(disabled)
model.18.m.0.cv3.conv.weight_quantizer                                           TensorQuantizer(8 bit fake axis=0 amax=[0.0430, 0.1377](32) calibrator=MaxCalibrator quant)
model.18.m.0.cv3.bn.input_quantizer                                              TensorQuantizer(disabled)
model.18.m.0.cv3.bn.output_quantizer                                             TensorQuantizer(disabled)
model.18.m.0.m.0.cv1.conv.input_quantizer                                        TensorQuantizer(8 bit fake per-tensor amax=1.5470 calibrator=MaxCalibrator quant)
model.18.m.0.m.0.cv1.conv.output_quantizer                                       TensorQuantizer(disabled)
model.18.m.0.m.0.cv1.conv.weight_quantizer                                       TensorQuantizer(8 bit fake axis=0 amax=[0.0685, 0.1624](16) calibrator=MaxCalibrator quant)
model.18.m.0.m.0.cv1.bn.input_quantizer                                          TensorQuantizer(disabled)
model.18.m.0.m.0.cv1.bn.output_quantizer                                         TensorQuantizer(disabled)
model.18.m.0.m.0.cv2.conv.input_quantizer                                        TensorQuantizer(8 bit fake per-tensor amax=7.3892 calibrator=MaxCalibrator quant)
model.18.m.0.m.0.cv2.conv.output_quantizer                                       TensorQuantizer(disabled)
model.18.m.0.m.0.cv2.conv.weight_quantizer                                       TensorQuantizer(8 bit fake axis=0 amax=[0.0673, 0.1603](16) calibrator=MaxCalibrator quant)
model.18.m.0.m.0.cv2.bn.input_quantizer                                          TensorQuantizer(disabled)
model.18.m.0.m.0.cv2.bn.output_quantizer                                         TensorQuantizer(disabled)
model.18.m.0.m.1.cv1.conv.input_quantizer                                        TensorQuantizer(8 bit fake per-tensor amax=7.6151 calibrator=MaxCalibrator quant)
model.18.m.0.m.1.cv1.conv.output_quantizer                                       TensorQuantizer(disabled)
model.18.m.0.m.1.cv1.conv.weight_quantizer                                       TensorQuantizer(8 bit fake axis=0 amax=[0.0595, 0.1273](16) calibrator=MaxCalibrator quant)
model.18.m.0.m.1.cv1.bn.input_quantizer                                          TensorQuantizer(disabled)
model.18.m.0.m.1.cv1.bn.output_quantizer                                         TensorQuantizer(disabled)
model.18.m.0.m.1.cv2.conv.input_quantizer                                        TensorQuantizer(8 bit fake per-tensor amax=5.3803 calibrator=MaxCalibrator quant)
model.18.m.0.m.1.cv2.conv.output_quantizer                                       TensorQuantizer(disabled)
model.18.m.0.m.1.cv2.conv.weight_quantizer                                       TensorQuantizer(8 bit fake axis=0 amax=[0.0623, 0.1539](16) calibrator=MaxCalibrator quant)
model.18.m.0.m.1.cv2.bn.input_quantizer                                          TensorQuantizer(disabled)
model.18.m.0.m.1.cv2.bn.output_quantizer                                         TensorQuantizer(disabled)
model.19.conv.input_quantizer                                                    TensorQuantizer(8 bit fake per-tensor amax=5.0980 calibrator=MaxCalibrator quant)
model.19.conv.output_quantizer                                                   TensorQuantizer(disabled)
model.19.conv.weight_quantizer                                                   TensorQuantizer(8 bit fake axis=0 amax=[0.0192, 0.0632](64) calibrator=MaxCalibrator quant)
model.19.bn.input_quantizer                                                      TensorQuantizer(disabled)
model.19.bn.output_quantizer                                                     TensorQuantizer(disabled)
model.21.cv1.conv.input_quantizer                                                TensorQuantizer(8 bit fake per-tensor amax=11.6257 calibrator=MaxCalibrator quant)
model.21.cv1.conv.output_quantizer                                               TensorQuantizer(disabled)
model.21.cv1.conv.weight_quantizer                                               TensorQuantizer(8 bit fake axis=0 amax=[0.0245, 0.1169](128) calibrator=MaxCalibrator quant)
model.21.cv1.bn.input_quantizer                                                  TensorQuantizer(disabled)
model.21.cv1.bn.output_quantizer                                                 TensorQuantizer(disabled)
model.21.cv2.conv.input_quantizer                                                TensorQuantizer(8 bit fake per-tensor amax=12.1768 calibrator=MaxCalibrator quant)
model.21.cv2.conv.output_quantizer                                               TensorQuantizer(disabled)
model.21.cv2.conv.weight_quantizer                                               TensorQuantizer(8 bit fake axis=0 amax=[0.0329, 0.1456](128) calibrator=MaxCalibrator quant)
model.21.cv2.bn.input_quantizer                                                  TensorQuantizer(disabled)
model.21.cv2.bn.output_quantizer                                                 TensorQuantizer(disabled)
model.21.m.0.cv1.conv.input_quantizer                                            TensorQuantizer(8 bit fake per-tensor amax=10.4690 calibrator=MaxCalibrator quant)
model.21.m.0.cv1.conv.output_quantizer                                           TensorQuantizer(disabled)
model.21.m.0.cv1.conv.weight_quantizer                                           TensorQuantizer(8 bit fake axis=0 amax=[0.0407, 0.1533](32) calibrator=MaxCalibrator quant)
model.21.m.0.cv1.bn.input_quantizer                                              TensorQuantizer(disabled)
model.21.m.0.cv1.bn.output_quantizer                                             TensorQuantizer(disabled)
model.21.m.0.cv2.conv.input_quantizer                                            TensorQuantizer(8 bit fake per-tensor amax=10.4690 calibrator=MaxCalibrator quant)
model.21.m.0.cv2.conv.output_quantizer                                           TensorQuantizer(disabled)
model.21.m.0.cv2.conv.weight_quantizer                                           TensorQuantizer(8 bit fake axis=0 amax=[0.0210, 0.0503](32) calibrator=MaxCalibrator quant)
model.21.m.0.cv2.bn.input_quantizer                                              TensorQuantizer(disabled)
model.21.m.0.cv2.bn.output_quantizer                                             TensorQuantizer(disabled)
model.21.m.0.cv3.conv.input_quantizer                                            TensorQuantizer(8 bit fake per-tensor amax=21.4229 calibrator=MaxCalibrator quant)
model.21.m.0.cv3.conv.output_quantizer                                           TensorQuantizer(disabled)
model.21.m.0.cv3.conv.weight_quantizer                                           TensorQuantizer(8 bit fake axis=0 amax=[0.0338, 0.1436](64) calibrator=MaxCalibrator quant)
model.21.m.0.cv3.bn.input_quantizer                                              TensorQuantizer(disabled)
model.21.m.0.cv3.bn.output_quantizer                                             TensorQuantizer(disabled)
model.21.m.0.m.0.cv1.conv.input_quantizer                                        TensorQuantizer(8 bit fake per-tensor amax=2.4381 calibrator=MaxCalibrator quant)
model.21.m.0.m.0.cv1.conv.output_quantizer                                       TensorQuantizer(disabled)
model.21.m.0.m.0.cv1.conv.weight_quantizer                                       TensorQuantizer(8 bit fake axis=0 amax=[0.0544, 0.1210](32) calibrator=MaxCalibrator quant)
model.21.m.0.m.0.cv1.bn.input_quantizer                                          TensorQuantizer(disabled)
model.21.m.0.m.0.cv1.bn.output_quantizer                                         TensorQuantizer(disabled)
model.21.m.0.m.0.cv2.conv.input_quantizer                                        TensorQuantizer(8 bit fake per-tensor amax=4.9391 calibrator=MaxCalibrator quant)
model.21.m.0.m.0.cv2.conv.output_quantizer                                       TensorQuantizer(disabled)
model.21.m.0.m.0.cv2.conv.weight_quantizer                                       TensorQuantizer(8 bit fake axis=0 amax=[0.0394, 0.1214](32) calibrator=MaxCalibrator quant)
model.21.m.0.m.0.cv2.bn.input_quantizer                                          TensorQuantizer(disabled)
model.21.m.0.m.0.cv2.bn.output_quantizer                                         TensorQuantizer(disabled)
model.21.m.0.m.1.cv1.conv.input_quantizer                                        TensorQuantizer(8 bit fake per-tensor amax=8.1901 calibrator=MaxCalibrator quant)
model.21.m.0.m.1.cv1.conv.output_quantizer                                       TensorQuantizer(disabled)
model.21.m.0.m.1.cv1.conv.weight_quantizer                                       TensorQuantizer(8 bit fake axis=0 amax=[0.0439, 0.1553](32) calibrator=MaxCalibrator quant)
model.21.m.0.m.1.cv1.bn.input_quantizer                                          TensorQuantizer(disabled)
model.21.m.0.m.1.cv1.bn.output_quantizer                                         TensorQuantizer(disabled)
model.21.m.0.m.1.cv2.conv.input_quantizer                                        TensorQuantizer(8 bit fake per-tensor amax=7.5607 calibrator=MaxCalibrator quant)
model.21.m.0.m.1.cv2.conv.output_quantizer                                       TensorQuantizer(disabled)
model.21.m.0.m.1.cv2.conv.weight_quantizer                                       TensorQuantizer(8 bit fake axis=0 amax=[0.0350, 0.1173](32) calibrator=MaxCalibrator quant)
model.21.m.0.m.1.cv2.bn.input_quantizer                                          TensorQuantizer(disabled)
model.21.m.0.m.1.cv2.bn.output_quantizer                                         TensorQuantizer(disabled)
model.22.conv.input_quantizer                                                    TensorQuantizer(8 bit fake per-tensor amax=10.9001 calibrator=MaxCalibrator quant)
model.22.conv.output_quantizer                                                   TensorQuantizer(disabled)
model.22.conv.weight_quantizer                                                   TensorQuantizer(8 bit fake axis=0 amax=[0.0119, 0.0510](128) calibrator=MaxCalibrator quant)
model.22.bn.input_quantizer                                                      TensorQuantizer(disabled)
model.22.bn.output_quantizer                                                     TensorQuantizer(disabled)
model.24.cv1.conv.input_quantizer                                                TensorQuantizer(8 bit fake per-tensor amax=23.1049 calibrator=MaxCalibrator quant)
model.24.cv1.conv.output_quantizer                                               TensorQuantizer(disabled)
model.24.cv1.conv.weight_quantizer                                               TensorQuantizer(8 bit fake axis=0 amax=[0.0199, 0.1442](128) calibrator=MaxCalibrator quant)
model.24.cv1.bn.input_quantizer                                                  TensorQuantizer(disabled)
model.24.cv1.bn.output_quantizer                                                 TensorQuantizer(disabled)
model.24.cv2.conv.input_quantizer                                                TensorQuantizer(8 bit fake per-tensor amax=12.8542 calibrator=MaxCalibrator quant)
model.24.cv2.conv.output_quantizer                                               TensorQuantizer(disabled)
model.24.cv2.conv.weight_quantizer                                               TensorQuantizer(8 bit fake axis=0 amax=[0.0172, 0.1240](128) calibrator=MaxCalibrator quant)
model.24.cv2.bn.input_quantizer                                                  TensorQuantizer(disabled)
model.24.cv2.bn.output_quantizer                                                 TensorQuantizer(disabled)
model.24.m.0.cv1.conv.input_quantizer                                            TensorQuantizer(8 bit fake per-tensor amax=10.9701 calibrator=MaxCalibrator quant)
model.24.m.0.cv1.conv.output_quantizer                                           TensorQuantizer(disabled)
model.24.m.0.cv1.conv.weight_quantizer                                           TensorQuantizer(8 bit fake axis=0 amax=[0.0326, 0.0854](32) calibrator=MaxCalibrator quant)
model.24.m.0.cv1.bn.input_quantizer                                              TensorQuantizer(disabled)
model.24.m.0.cv1.bn.output_quantizer                                             TensorQuantizer(disabled)
model.24.m.0.cv2.conv.input_quantizer                                            TensorQuantizer(8 bit fake per-tensor amax=10.9701 calibrator=MaxCalibrator quant)
model.24.m.0.cv2.conv.output_quantizer                                           TensorQuantizer(disabled)
model.24.m.0.cv2.conv.weight_quantizer                                           TensorQuantizer(8 bit fake axis=0 amax=[0.0142, 0.0501](32) calibrator=MaxCalibrator quant)
model.24.m.0.cv2.bn.input_quantizer                                              TensorQuantizer(disabled)
model.24.m.0.cv2.bn.output_quantizer                                             TensorQuantizer(disabled)
model.24.m.0.cv3.conv.input_quantizer                                            TensorQuantizer(8 bit fake per-tensor amax=19.6655 calibrator=MaxCalibrator quant)
model.24.m.0.cv3.conv.output_quantizer                                           TensorQuantizer(disabled)
model.24.m.0.cv3.conv.weight_quantizer                                           TensorQuantizer(8 bit fake axis=0 amax=[0.0192, 0.1138](64) calibrator=MaxCalibrator quant)
model.24.m.0.cv3.bn.input_quantizer                                              TensorQuantizer(disabled)
model.24.m.0.cv3.bn.output_quantizer                                             TensorQuantizer(disabled)
model.24.m.0.m.0.cv1.conv.input_quantizer                                        TensorQuantizer(8 bit fake per-tensor amax=2.7293 calibrator=MaxCalibrator quant)
model.24.m.0.m.0.cv1.conv.output_quantizer                                       TensorQuantizer(disabled)
model.24.m.0.m.0.cv1.conv.weight_quantizer                                       TensorQuantizer(8 bit fake axis=0 amax=[0.0296, 0.0916](32) calibrator=MaxCalibrator quant)
model.24.m.0.m.0.cv1.bn.input_quantizer                                          TensorQuantizer(disabled)
model.24.m.0.m.0.cv1.bn.output_quantizer                                         TensorQuantizer(disabled)
model.24.m.0.m.0.cv2.conv.input_quantizer                                        TensorQuantizer(8 bit fake per-tensor amax=7.0927 calibrator=MaxCalibrator quant)
model.24.m.0.m.0.cv2.conv.output_quantizer                                       TensorQuantizer(disabled)
model.24.m.0.m.0.cv2.conv.weight_quantizer                                       TensorQuantizer(8 bit fake axis=0 amax=[0.0401, 0.0904](32) calibrator=MaxCalibrator quant)
model.24.m.0.m.0.cv2.bn.input_quantizer                                          TensorQuantizer(disabled)
model.24.m.0.m.0.cv2.bn.output_quantizer                                         TensorQuantizer(disabled)
model.24.m.0.m.1.cv1.conv.input_quantizer                                        TensorQuantizer(8 bit fake per-tensor amax=9.2794 calibrator=MaxCalibrator quant)
model.24.m.0.m.1.cv1.conv.output_quantizer                                       TensorQuantizer(disabled)
model.24.m.0.m.1.cv1.conv.weight_quantizer                                       TensorQuantizer(8 bit fake axis=0 amax=[0.0361, 0.0912](32) calibrator=MaxCalibrator quant)
model.24.m.0.m.1.cv1.bn.input_quantizer                                          TensorQuantizer(disabled)
model.24.m.0.m.1.cv1.bn.output_quantizer                                         TensorQuantizer(disabled)
model.24.m.0.m.1.cv2.conv.input_quantizer                                        TensorQuantizer(8 bit fake per-tensor amax=10.1191 calibrator=MaxCalibrator quant)
model.24.m.0.m.1.cv2.conv.output_quantizer                                       TensorQuantizer(disabled)
model.24.m.0.m.1.cv2.conv.weight_quantizer                                       TensorQuantizer(8 bit fake axis=0 amax=[0.0244, 0.0761](32) calibrator=MaxCalibrator quant)
model.24.m.0.m.1.cv2.bn.input_quantizer                                          TensorQuantizer(disabled)
model.24.m.0.m.1.cv2.bn.output_quantizer                                         TensorQuantizer(disabled)
model.25.cv2.0.0.conv.input_quantizer                                            TensorQuantizer(8 bit fake per-tensor amax=5.0980 calibrator=MaxCalibrator quant)
model.25.cv2.0.0.conv.output_quantizer                                           TensorQuantizer(disabled)
model.25.cv2.0.0.conv.weight_quantizer                                           TensorQuantizer(8 bit fake axis=0 amax=[0.0323, 0.1390](64) calibrator=MaxCalibrator quant)
model.25.cv2.0.0.bn.input_quantizer                                              TensorQuantizer(disabled)
model.25.cv2.0.0.bn.output_quantizer                                             TensorQuantizer(disabled)
model.25.cv2.0.1.conv.input_quantizer                                            TensorQuantizer(8 bit fake per-tensor amax=11.2861 calibrator=MaxCalibrator quant)
model.25.cv2.0.1.conv.output_quantizer                                           TensorQuantizer(disabled)
model.25.cv2.0.1.conv.weight_quantizer                                           TensorQuantizer(8 bit fake axis=0 amax=[0.0332, 0.1335](64) calibrator=MaxCalibrator quant)
model.25.cv2.0.1.bn.input_quantizer                                              TensorQuantizer(disabled)
model.25.cv2.0.1.bn.output_quantizer                                             TensorQuantizer(disabled)
model.25.cv2.0.2.input_quantizer                                                 TensorQuantizer(8 bit fake per-tensor amax=100.2796 calibrator=MaxCalibrator quant)
model.25.cv2.0.2.output_quantizer                                                TensorQuantizer(disabled)
model.25.cv2.0.2.weight_quantizer                                                TensorQuantizer(8 bit fake axis=0 amax=[0.0572, 0.2316](64) calibrator=MaxCalibrator quant)
model.25.cv2.1.0.conv.input_quantizer                                            TensorQuantizer(8 bit fake per-tensor amax=10.9001 calibrator=MaxCalibrator quant)
model.25.cv2.1.0.conv.output_quantizer                                           TensorQuantizer(disabled)
model.25.cv2.1.0.conv.weight_quantizer                                           TensorQuantizer(8 bit fake axis=0 amax=[0.0260, 0.1008](64) calibrator=MaxCalibrator quant)
model.25.cv2.1.0.bn.input_quantizer                                              TensorQuantizer(disabled)
model.25.cv2.1.0.bn.output_quantizer                                             TensorQuantizer(disabled)
model.25.cv2.1.1.conv.input_quantizer                                            TensorQuantizer(8 bit fake per-tensor amax=14.2216 calibrator=MaxCalibrator quant)
model.25.cv2.1.1.conv.output_quantizer                                           TensorQuantizer(disabled)
model.25.cv2.1.1.conv.weight_quantizer                                           TensorQuantizer(8 bit fake axis=0 amax=[0.0325, 0.1169](64) calibrator=MaxCalibrator quant)
model.25.cv2.1.1.bn.input_quantizer                                              TensorQuantizer(disabled)
model.25.cv2.1.1.bn.output_quantizer                                             TensorQuantizer(disabled)
model.25.cv2.1.2.input_quantizer                                                 TensorQuantizer(8 bit fake per-tensor amax=80.4213 calibrator=MaxCalibrator quant)
model.25.cv2.1.2.output_quantizer                                                TensorQuantizer(disabled)
model.25.cv2.1.2.weight_quantizer                                                TensorQuantizer(8 bit fake axis=0 amax=[0.0710, 0.2563](64) calibrator=MaxCalibrator quant)
model.25.cv2.2.0.conv.input_quantizer                                            TensorQuantizer(8 bit fake per-tensor amax=13.0698 calibrator=MaxCalibrator quant)
model.25.cv2.2.0.conv.output_quantizer                                           TensorQuantizer(disabled)
model.25.cv2.2.0.conv.weight_quantizer                                           TensorQuantizer(8 bit fake axis=0 amax=[0.0171, 0.0550](64) calibrator=MaxCalibrator quant)
model.25.cv2.2.0.bn.input_quantizer                                              TensorQuantizer(disabled)
model.25.cv2.2.0.bn.output_quantizer                                             TensorQuantizer(disabled)
model.25.cv2.2.1.conv.input_quantizer                                            TensorQuantizer(8 bit fake per-tensor amax=13.8398 calibrator=MaxCalibrator quant)
model.25.cv2.2.1.conv.output_quantizer                                           TensorQuantizer(disabled)
model.25.cv2.2.1.conv.weight_quantizer                                           TensorQuantizer(8 bit fake axis=0 amax=[0.0265, 0.0714](64) calibrator=MaxCalibrator quant)
model.25.cv2.2.1.bn.input_quantizer                                              TensorQuantizer(disabled)
model.25.cv2.2.1.bn.output_quantizer                                             TensorQuantizer(disabled)
model.25.cv2.2.2.input_quantizer                                                 TensorQuantizer(8 bit fake per-tensor amax=71.1163 calibrator=MaxCalibrator quant)
model.25.cv2.2.2.output_quantizer                                                TensorQuantizer(disabled)
model.25.cv2.2.2.weight_quantizer                                                TensorQuantizer(8 bit fake axis=0 amax=[0.0169, 0.2194](64) calibrator=MaxCalibrator quant)
model.25.cv3.0.0.0.conv.input_quantizer                                          TensorQuantizer(8 bit fake per-tensor amax=5.0980 calibrator=MaxCalibrator quant)
model.25.cv3.0.0.0.conv.output_quantizer                                         TensorQuantizer(disabled)
model.25.cv3.0.0.0.conv.weight_quantizer                                         TensorQuantizer(8 bit fake axis=0 amax=[0.0186, 0.1054](64) calibrator=MaxCalibrator quant)
model.25.cv3.0.0.0.bn.input_quantizer                                            TensorQuantizer(disabled)
model.25.cv3.0.0.0.bn.output_quantizer                                           TensorQuantizer(disabled)
model.25.cv3.0.0.1.conv.input_quantizer                                          TensorQuantizer(8 bit fake per-tensor amax=7.7184 calibrator=MaxCalibrator quant)
model.25.cv3.0.0.1.conv.output_quantizer                                         TensorQuantizer(disabled)
model.25.cv3.0.0.1.conv.weight_quantizer                                         TensorQuantizer(8 bit fake axis=0 amax=[0.0276, 0.1267](80) calibrator=MaxCalibrator quant)
model.25.cv3.0.0.1.bn.input_quantizer                                            TensorQuantizer(disabled)
model.25.cv3.0.0.1.bn.output_quantizer                                           TensorQuantizer(disabled)
model.25.cv3.0.1.0.conv.input_quantizer                                          TensorQuantizer(8 bit fake per-tensor amax=12.2528 calibrator=MaxCalibrator quant)
model.25.cv3.0.1.0.conv.output_quantizer                                         TensorQuantizer(disabled)
model.25.cv3.0.1.0.conv.weight_quantizer                                         TensorQuantizer(8 bit fake axis=0 amax=[0.0208, 0.1727](80) calibrator=MaxCalibrator quant)
model.25.cv3.0.1.0.bn.input_quantizer                                            TensorQuantizer(disabled)
model.25.cv3.0.1.0.bn.output_quantizer                                           TensorQuantizer(disabled)
model.25.cv3.0.1.1.conv.input_quantizer                                          TensorQuantizer(8 bit fake per-tensor amax=21.3713 calibrator=MaxCalibrator quant)
model.25.cv3.0.1.1.conv.output_quantizer                                         TensorQuantizer(disabled)
model.25.cv3.0.1.1.conv.weight_quantizer                                         TensorQuantizer(8 bit fake axis=0 amax=[0.0337, 0.1356](80) calibrator=MaxCalibrator quant)
model.25.cv3.0.1.1.bn.input_quantizer                                            TensorQuantizer(disabled)
model.25.cv3.0.1.1.bn.output_quantizer                                           TensorQuantizer(disabled)
model.25.cv3.0.2.input_quantizer                                                 TensorQuantizer(8 bit fake per-tensor amax=162.8169 calibrator=MaxCalibrator quant)
model.25.cv3.0.2.output_quantizer                                                TensorQuantizer(disabled)
model.25.cv3.0.2.weight_quantizer                                                TensorQuantizer(8 bit fake axis=0 amax=[0.0657, 0.1763](80) calibrator=MaxCalibrator quant)
model.25.cv3.1.0.0.conv.input_quantizer                                          TensorQuantizer(8 bit fake per-tensor amax=10.9001 calibrator=MaxCalibrator quant)
model.25.cv3.1.0.0.conv.output_quantizer                                         TensorQuantizer(disabled)
model.25.cv3.1.0.0.conv.weight_quantizer                                         TensorQuantizer(8 bit fake axis=0 amax=[0.0099, 0.0865](128) calibrator=MaxCalibrator quant)
model.25.cv3.1.0.0.bn.input_quantizer                                            TensorQuantizer(disabled)
model.25.cv3.1.0.0.bn.output_quantizer                                           TensorQuantizer(disabled)
model.25.cv3.1.0.1.conv.input_quantizer                                          TensorQuantizer(8 bit fake per-tensor amax=13.9792 calibrator=MaxCalibrator quant)
model.25.cv3.1.0.1.conv.output_quantizer                                         TensorQuantizer(disabled)
model.25.cv3.1.0.1.conv.weight_quantizer                                         TensorQuantizer(8 bit fake axis=0 amax=[0.0226, 0.1084](80) calibrator=MaxCalibrator quant)
model.25.cv3.1.0.1.bn.input_quantizer                                            TensorQuantizer(disabled)
model.25.cv3.1.0.1.bn.output_quantizer                                           TensorQuantizer(disabled)
model.25.cv3.1.1.0.conv.input_quantizer                                          TensorQuantizer(8 bit fake per-tensor amax=10.1877 calibrator=MaxCalibrator quant)
model.25.cv3.1.1.0.conv.output_quantizer                                         TensorQuantizer(disabled)
model.25.cv3.1.1.0.conv.weight_quantizer                                         TensorQuantizer(8 bit fake axis=0 amax=[0.0181, 0.1140](80) calibrator=MaxCalibrator quant)
model.25.cv3.1.1.0.bn.input_quantizer                                            TensorQuantizer(disabled)
model.25.cv3.1.1.0.bn.output_quantizer                                           TensorQuantizer(disabled)
model.25.cv3.1.1.1.conv.input_quantizer                                          TensorQuantizer(8 bit fake per-tensor amax=36.1072 calibrator=MaxCalibrator quant)
model.25.cv3.1.1.1.conv.output_quantizer                                         TensorQuantizer(disabled)
model.25.cv3.1.1.1.conv.weight_quantizer                                         TensorQuantizer(8 bit fake axis=0 amax=[0.0315, 0.0847](80) calibrator=MaxCalibrator quant)
model.25.cv3.1.1.1.bn.input_quantizer                                            TensorQuantizer(disabled)
model.25.cv3.1.1.1.bn.output_quantizer                                           TensorQuantizer(disabled)
model.25.cv3.1.2.input_quantizer                                                 TensorQuantizer(8 bit fake per-tensor amax=69.8236 calibrator=MaxCalibrator quant)
model.25.cv3.1.2.output_quantizer                                                TensorQuantizer(disabled)
model.25.cv3.1.2.weight_quantizer                                                TensorQuantizer(8 bit fake axis=0 amax=[0.0722, 0.1581](80) calibrator=MaxCalibrator quant)
model.25.cv3.2.0.0.conv.input_quantizer                                          TensorQuantizer(8 bit fake per-tensor amax=13.0698 calibrator=MaxCalibrator quant)
model.25.cv3.2.0.0.conv.output_quantizer                                         TensorQuantizer(disabled)
model.25.cv3.2.0.0.conv.weight_quantizer                                         TensorQuantizer(8 bit fake axis=0 amax=[0.0065, 0.0642](128) calibrator=MaxCalibrator quant)
model.25.cv3.2.0.0.bn.input_quantizer                                            TensorQuantizer(disabled)
model.25.cv3.2.0.0.bn.output_quantizer                                           TensorQuantizer(disabled)
model.25.cv3.2.0.1.conv.input_quantizer                                          TensorQuantizer(8 bit fake per-tensor amax=13.5202 calibrator=MaxCalibrator quant)
model.25.cv3.2.0.1.conv.output_quantizer                                         TensorQuantizer(disabled)
model.25.cv3.2.0.1.conv.weight_quantizer                                         TensorQuantizer(8 bit fake axis=0 amax=[0.0196, 0.0790](80) calibrator=MaxCalibrator quant)
model.25.cv3.2.0.1.bn.input_quantizer                                            TensorQuantizer(disabled)
model.25.cv3.2.0.1.bn.output_quantizer                                           TensorQuantizer(disabled)
model.25.cv3.2.1.0.conv.input_quantizer                                          TensorQuantizer(8 bit fake per-tensor amax=16.5733 calibrator=MaxCalibrator quant)
model.25.cv3.2.1.0.conv.output_quantizer                                         TensorQuantizer(disabled)
model.25.cv3.2.1.0.conv.weight_quantizer                                         TensorQuantizer(8 bit fake axis=0 amax=[0.0169, 0.0994](80) calibrator=MaxCalibrator quant)
model.25.cv3.2.1.0.bn.input_quantizer                                            TensorQuantizer(disabled)
model.25.cv3.2.1.0.bn.output_quantizer                                           TensorQuantizer(disabled)
model.25.cv3.2.1.1.conv.input_quantizer                                          TensorQuantizer(8 bit fake per-tensor amax=31.7963 calibrator=MaxCalibrator quant)
model.25.cv3.2.1.1.conv.output_quantizer                                         TensorQuantizer(disabled)
model.25.cv3.2.1.1.conv.weight_quantizer                                         TensorQuantizer(8 bit fake axis=0 amax=[0.0291, 0.0915](80) calibrator=MaxCalibrator quant)
model.25.cv3.2.1.1.bn.input_quantizer                                            TensorQuantizer(disabled)
model.25.cv3.2.1.1.bn.output_quantizer                                           TensorQuantizer(disabled)
model.25.cv3.2.2.input_quantizer                                                 TensorQuantizer(8 bit fake per-tensor amax=66.8969 calibrator=MaxCalibrator quant)
model.25.cv3.2.2.output_quantizer                                                TensorQuantizer(disabled)
model.25.cv3.2.2.weight_quantizer                                                TensorQuantizer(8 bit fake axis=0 amax=[0.0359, 0.1425](80) calibrator=MaxCalibrator quant)
model.25.dfl.conv.input_quantizer                                                TensorQuantizer(disabled)
model.25.dfl.conv.output_quantizer                                               TensorQuantizer(disabled)
model.25.dfl.conv.weight_quantizer                                               TensorQuantizer(disabled)
722 TensorQuantizers found in model
[mtq] exporting with 282 active quantizers (1 candidate weight sets)
[onnx] runs/a3/esmoen/qdq/qat_qdq_model.onnx
  [audit int8-qdq] engine layer precisions: {'Float': 116, 'Half': 170, 'Int8': 177}
Ultralytics 8.4.101 🚀 Python-3.11.10 torch-2.4.1+cu124 CUDA:0 (NVIDIA L4, 22563MiB)
Loading runs/a3/esmoen/qdq/model_int8-qdq_model.engine for TensorRT inference...
[08/23/2026-08:07:33] [TRT] [I] Loaded engine size: 11 MiB
[08/23/2026-08:07:33] [TRT] [I] [MemUsageChange] TensorRT-managed allocation in IExecutionContext creation: CPU +1, GPU +28, now: CPU 1, GPU 31 (MiB)
Setting batch=1 input of shape (1, 3, 640, 640)
WARNING ⚠️ [34m[1mval: [0mSlow image access detected (ping: 0.5±0.0 ms, read: 33.7±7.4 MB/s, size: 158.9 KB). Use local storage instead of remote/mounted storage for better performance. See https://docs.ultralytics.com/guides/model-training-tips/
[K[34m[1mval: [0mScanning /data/datasets/coco/labels/val2017.cache... 4952 images, 48 backgrounds, 0 corrupt: 100% ━━━━━━━━━━━━ 5000/5000 776.7Mit/s 0.0s
[K                 Class     Images  Instances      Box(P          R      mAP50  mAP50-95): 0% ──────────── 10/5000 29.4it/s 0.1s<2:49[K                 Class     Images  Instances      Box(P          R      mAP50  mAP50-95): 0% ──────────── 27/5000 69.5it/s 0.2s<1:12[K                 Class     Images  Instances      Box(P          R      mAP50  mAP50-95): 0% ──────────── 42/5000 92.9it/s 0.3s<53.4s[K                 Class     Images  Instances      Box(P          R      mAP50  mAP50-95): 1% ──────────── 55/5000 102.7it/s 0.4s<48.1s[K                 Class     Images  Instances      Box(P          R      mAP50  mAP50-95): 1% ──────────── 72/5000 120.6it/s 0.5s<40.9s[K                 Class     Images  Instances      Box(P          R      mAP50  mAP50-95): 1% ──────────── 88/5000 131.7it/s 0.6s<37.3s[K                 Class     Images  Instances      Box(P          R      mAP50  mAP50-95): 2% ──────────── 102/5000 133.8it/s 0.7s<36.6s[K                 Class     Images  Instances      Box(P          R      mAP50  mAP50-95): 2% ──────────── 117/5000 137.5it/s 0.8s<35.5s[K                 Class     Images  Instances      Box(P          R      mAP50  mAP50-95): 2% ──────────── 132/5000 139.0it/s 0.9s<35.0s[K                 Class     Images  Instances      Box(P          R      mAP50  mAP50-95): 2% ──────────── 146/5000 138.7it/s 1.0s<35.0s[K                 Class     Images  Instances      Box(P          R      mAP50  mAP50-95): 3% ──────────── 161/5000 139.5it/s 1.1s<34.7s[K                 Class     Images  Instances      Box(P          R      mAP50  mAP50-95): 3% ──────────── 176/5000 141.7it/s 1.2s<34.0s[K                 Class     Images  Instances      Box(P          R      mAP50  mAP50-95): 3% ──────────── 184/5000 121.9it/s 1.3s<39.5s[K                 Class     Images  Instances      Box(P          R      mAP50  mAP50-95): 3% ──────────── 199/5000 128.9it/s 1.4s<37.3s[K                 Class     Images  Instances      Box(P          R      mAP50  mAP50-95): 4% ╸─────────── 213/5000 131.0it/s 1.5s<36.5s[K                 Class     Images  Instances      Box(P          R      mAP50  mAP50-95): 4% ╸─────────── 228/5000 136.6it/s 1.6s<34.9s[K                 Class     Images  Instances      Box(P          R      mAP50  mAP50-95): 4% ╸─────────── 243/5000 139.4it/s 1.8s<34.1s[K                 Class     Images  Instances      Box(P          R      mAP50  mAP50-95): 5% ╸─────────── 258/5000 140.3it/s 1.9s<33.8s[K                 Class     Images  Instances      Box(P          R      mAP50  mAP50-95): 5% ╸─────────── 273/5000 140.7it/s 2.0s<33.6s[K                 Class     Images  Instances      Box(P          R      mAP50  mAP50-95): 5% ╸─────────── 288/5000 142.7it/s 2.1s<33.0s[K                 Class     Images  Instances      Box(P          R      mAP50  mAP50-95): 6% ╸─────────── 302/5000 141.8it/s 2.2s<33.1s[K                 Class     Images  Instances      Box(P          R      mAP50  mAP50-95): 6% ╸─────────── 317/5000 142.9it/s 2.3s<32.8s[K                 Class     Images  Instances      Box(P          R      mAP50  mAP50-95): 6% ╸─────────── 330/5000 137.3it/s 2.4s<34.0s[K                 Class     Images  Instances      Box(P          R      mAP50  mAP50-95): 6% ╸─────────── 345/5000 137.5it/s 2.5s<33.8s[K                 Class     Images  Instances      Box(P          R      mAP50  mAP50-95): 7% ╸─────────── 362/5000 143.5it/s 2.6s<32.3s[K                 Class     Images  Instances      Box(P          R      mAP50  mAP50-95): 7% ╸─────────── 377/5000 145.3it/s 2.7s<31.8s[K                 Class     Images  Instances      Box(P          R      mAP50  mAP50-95): 7% ╸─────────── 393/5000 148.5it/s 2.8s<31.0s[K                 Class     Images  Instances      Box(P          R      mAP50  mAP50-95): 8% ╸─────────── 408/5000 147.5it/s 2.9s<31.1s[K                 Class     Images  Instances      Box(P          R      mAP50  mAP50-95): 8% ━─────────── 423/5000 147.7it/s 3.0s<31.0s[K                 Class     Images  Instances      Box(P          R      mAP50  mAP50-95): 8% ━─────────── 439/5000 148.5it/s 3.1s<30.7s[K                 Class     Images  Instances      Box(P          R      mAP50  mAP50-95): 9% ━─────────── 454/5000 147.8it/s 3.2s<30.8s[K                 Class     Images  Instances      Box(P          R      mAP50  mAP50-95): 9% ━─────────── 468/5000 144.7it/s 3.3s<31.3s[K                 Class     Images  Instances      Box(P          R      mAP50  mAP50-95): 9% ━─────────── 483/5000 140.9it/s 3.4s<32.1s[K                 Class     Images  Instances      Box(P          R      mAP50  mAP50-95): 9% ━─────────── 499/5000 146.0it/s 3.5s<30.8s[K                 Class     Images  Instances      Box(P          R      mAP50  mAP50-95): 10% ━─────────── 514/5000 144.6it/s 3.6s<31.0s[K                 Class     Images  Instances      Box(P          R      mAP50  mAP50-95): 10% ━─────────── 529/5000 144.7it/s 3.7s<30.9s[K                 Class     Images  Instances      Box(P          R      mAP50  mAP50-95): 10% ━─────────── 543/5000 141.8it/s 3.8s<31.4s[K                 Class     Images  Instances      Box(P          R      mAP50  mAP50-95): 11% ━─────────── 557/5000 139.3it/s 3.9s<31.9s[K                 Class     Images  Instances      Box(P          R      mAP50  mAP50-95): 11% ━─────────── 572/5000 140.4it/s 4.0s<31.5s[K                 Class     Images  Instances      Box(P          R      mAP50  mAP50-95): 11% ━─────────── 586/5000 139.8it/s 4.1s<31.6s[K                 Class     Images  Instances      Box(P          R      mAP50  mAP50-95): 12% ━─────────── 601/5000 141.5it/s 4.2s<31.1s[K                 Class     Images  Instances      Box(P          R      mAP50  mAP50-95): 12% ━─────────── 616/5000 141.3it/s 4.4s<31.0s[K                 Class     Images  Instances      Box(P          R      mAP50  mAP50-95): 12% ━╸────────── 629/5000 137.4it/s 4.5s<31.8s[K                 Class     Images  Instances      Box(P          R      mAP50  mAP50-95): 12% ━╸────────── 645/5000 142.0it/s 4.6s<30.7s[K                 Class     Images  Instances      Box(P          R      mAP50  mAP50-95): 13% ━╸────────── 660/5000 143.0it/s 4.7s<30.3s[K                 Class     Images  Instances      Box(P          R      mAP50  mAP50-95): 13% ━╸────────── 675/5000 143.5it/s 4.8s<30.1s[K                 Class     Images  Instances      Box(P          R      mAP50  mAP50-95): 13% ━╸────────── 690/5000 143.9it/s 4.9s<29.9s[K                 Class     Images  Instances      Box(P          R      mAP50  mAP50-95): 14% ━╸────────── 705/5000 145.0it/s 5.0s<29.6s[K                 Class     Images  Instances      Box(P          R      mAP50  mAP50-95): 14% ━╸────────── 719/5000 142.6it/s 5.1s<30.0s[K                 Class     Images  Instances      Box(P          R      mAP50  mAP50-95): 14% ━╸────────── 734/5000 143.8it/s 5.2s<29.7s[K                 Class     Images  Instances      Box(P          R      mAP50  mAP50-95): 14% ━╸────────── 749/5000 144.5it/s 5.3s<29.4s[K                 Class     Images  Instances      Box(P          R      mAP50  mAP50-95): 15% ━╸────────── 763/5000 140.7it/s 5.4s<30.1s[K                 Class     Images  Instances      Box(P          R      mAP50  mAP50-95): 15% ━╸────────── 776/5000 136.7it/s 5.5s<30.9s[K                 Class     Images  Instances      Box(P          R      mAP50  mAP50-95): 15% ━╸────────── 793/5000 143.4it/s 5.6s<29.3s[K                 Class     Images  Instances      Box(P          R      mAP50  mAP50-95): 16% ━╸────────── 808/5000 143.8it/s 5.7s<29.1s[K                 Class     Images  Instances      Box(P          R      mAP50  mAP50-95): 16% ━╸────────── 823/5000 144.7it/s 5.8s<28.9s[K                 Class     Images  Instances      Box(P          R      mAP50  mAP50-95): 16% ━━────────── 838/5000 143.9it/s 5.9s<28.9s[K                 Class     Images  Instances      Box(P          R      mAP50  mAP50-95): 17% ━━────────── 853/5000 144.3it/s 6.0s<28.7s[K                 Class     Images  Instances      Box(P          R      mAP50  mAP50-95): 17% ━━────────── 868/5000 143.9it/s 6.1s<28.7s[K                 Class     Images  Instances      Box(P          R      mAP50  mAP50-95): 17% ━━────────── 883/5000 144.0it/s 6.2s<28.6s[K                 Class     Images  Instances      Box(P          R      mAP50  mAP50-95): 17% ━━────────── 897/5000 142.5it/s 6.3s<28.8s[K                 Class     Images  Instances      Box(P          R      mAP50  mAP50-95): 18% ━━────────── 911/5000 139.5it/s 6.4s<29.3s[K                 Class     Images  Instances      Box(P          R      mAP50  mAP50-95): 18% ━━────────── 926/5000 141.7it/s 6.5s<28.8s[K                 Class     Images  Instances      Box(P          R      mAP50  mAP50-95): 18% ━━────────── 941/5000 142.3it/s 6.6s<28.5s[K                 Class     Images  Instances      Box(P          R      mAP50  mAP50-95): 19% ━━────────── 956/5000 142.3it/s 6.7s<28.4s[K                 Class     Images  Instances      Box(P          R      mAP50  mAP50-95): 19% ━━────────── 970/5000 139.9it/s 6.8s<28.8s[K                 Class     Images  Instances      Box(P          R      mAP50  mAP50-95): 19% ━━────────── 985/5000 140.5it/s 6.9s<28.6s[K                 Class     Images  Instances      Box(P          R      mAP50  mAP50-95): 20% ━━────────── 1000/5000 140.9it/s 7.1s<28.4s[K                 Class     Images  Instances      Box(P          R      mAP50  mAP50-95): 20% ━━────────── 1015/5000 140.8it/s 7.2s<28.3s[K                 Class     Images  Instances      Box(P          R      mAP50  mAP50-95): 20% ━━────────── 1030/5000 141.1it/s 7.3s<28.1s[K                 Class     Images  Instances      Box(P          R      mAP50  mAP50-95): 20% ━━────────── 1041/5000 129.9it/s 7.4s<30.5s[K                 Class     Images  Instances      Box(P          R      mAP50  mAP50-95): 21% ━━╸───────── 1055/5000 132.4it/s 7.5s<29.8s[K                 Class     Images  Instances      Box(P          R      mAP50  mAP50-95): 21% ━━╸───────── 1070/5000 137.6it/s 7.6s<28.6s[K                 Class     Images  Instances      Box(P          R      mAP50  mAP50-95): 21% ━━╸───────── 1085/5000 139.3it/s 7.7s<28.1s[K                 Class     Images  Instances      Box(P          R      mAP50  mAP50-95): 22% ━━╸───────── 1100/5000 141.0it/s 7.8s<27.7s[K                 Class     Images  Instances      Box(P          R      mAP50  mAP50-95): 22% ━━╸───────── 1115/5000 142.5it/s 7.9s<27.3s[K                 Class     Images  Instances      Box(P          R      mAP50  mAP50-95): 22% ━━╸───────── 1130/5000 142.1it/s 8.0s<27.2s[K                 Class     Images  Instances      Box(P          R      mAP50  mAP50-95): 22% ━━╸───────── 1145/5000 141.7it/s 8.1s<27.2s[K                 Class     Images  Instances      Box(P          R      mAP50  mAP50-95): 23% ━━╸───────── 1161/5000 144.6it/s 8.2s<26.6s[K                 Class     Images  Instances      Box(P          R      mAP50  mAP50-95): 23% ━━╸───────── 1175/5000 141.6it/s 8.3s<27.0s[K                 Class     Images  Instances      Box(P          R      mAP50  mAP50-95): 23% ━━╸───────── 1188/5000 135.2it/s 8.4s<28.2s[K                 Class     Images  Instances      Box(P          R      mAP50  mAP50-95): 24% ━━╸───────── 1203/5000 139.0it/s 8.5s<27.3s[K                 Class     Images  Instances      Box(P          R      mAP50  mAP50-95): 24% ━━╸───────── 1218/5000 140.2it/s 8.6s<27.0s[K                 Class     Images  Instances      Box(P          R      mAP50  mAP50-95): 24% ━━╸───────── 1233/5000 140.5it/s 8.7s<26.8s[K                 Class     Images  Instances      Box(P          R      mAP50  mAP50-95): 24% ━━╸───────── 1248/5000 140.5it/s 8.8s<26.7s[K                 Class     Images  Instances      Box(P          R      mAP50  mAP50-95): 25% ━━━───────── 1263/5000 141.6it/s 8.9s<26.4s[K                 Class     Images  Instances      Box(P          R      mAP50  mAP50-95): 25% ━━━───────── 1278/5000 142.3it/s 9.0s<26.2s[K                 Class     Images  Instances      Box(P          R      mAP50  mAP50-95): 25% ━━━───────── 1293/5000 142.7it/s 9.1s<26.0s[K                 Class     Images  Instances      Box(P          R      mAP50  mAP50-95): 26% ━━━───────── 1308/5000 143.6it/s 9.3s<25.7s[K                 Class     Images  Instances      Box(P          R      mAP50  mAP50-95): 26% ━━━───────── 1322/5000 140.6it/s 9.4s<26.2s[K                 Class     Images  Instances      Box(P          R      mAP50  mAP50-95): 26% ━━━───────── 1335/5000 137.3it/s 9.5s<26.7s[K                 Class     Images  Instances      Box(P          R      mAP50  mAP50-95): 27% ━━━───────── 1351/5000 142.2it/s 9.6s<25.7s[K                 Class     Images  Instances      Box(P          R      mAP50  mAP50-95): 27% ━━━───────── 1366/5000 143.1it/s 9.7s<25.4s[K                 Class     Images  Instances      Box(P          R      mAP50  mAP50-95): 27% ━━━───────── 1381/5000 142.5it/s 9.8s<25.4s[K                 Class     Images  Instances      Box(P          R      mAP50  mAP50-95): 27% ━━━───────── 1395/5000 138.9it/s 9.9s<26.0s[K                 Class     Images  Instances      Box(P          R      mAP50  mAP50-95): 28% ━━━───────── 1409/5000 137.9it/s 10.0s<26.0s[K                 Class     Images  Instances      Box(P          R      mAP50  mAP50-95): 28% ━━━───────── 1423/5000 136.6it/s 10.1s<26.2s[K                 Class     Images  Instances      Box(P          R      mAP50  mAP50-95): 28% ━━━───────── 1437/5000 117.4it/s 10.3s<30.3s[K                 Class     Images  Instances      Box(P          R      mAP50  mAP50-95): 28% ━━━───────── 1447/5000 111.6it/s 10.4s<31.9s[K                 Class     Images  Instances      Box(P          R      mAP50  mAP50-95): 29% ━━━╸──────── 1461/5000 117.4it/s 10.5s<30.1s[K                 Class     Images  Instances      Box(P          R      mAP50  mAP50-95): 29% ━━━╸──────── 1475/5000 120.7it/s 10.6s<29.2s[K                 Class     Images  Instances      Box(P          R      mAP50  mAP50-95): 29% ━━━╸──────── 1488/5000 123.1it/s 10.7s<28.5s[K                 Class     Images  Instances      Box(P          R      mAP50  mAP50-95): 30% ━━━╸──────── 1502/5000 127.2it/s 10.8s<27.5s[K                 Class     Images  Instances      Box(P          R      mAP50  mAP50-95): 30% ━━━╸──────── 1516/5000 128.3it/s 10.9s<27.1s[K                 Class     Images  Instances      Box(P          R      mAP50  mAP50-95): 30% ━━━╸──────── 1529/5000 127.6it/s 11.0s<27.2s[K                 Class     Images  Instances      Box(P          R      mAP50  mAP50-95): 30% ━━━╸──────── 1541/5000 125.0it/s 11.1s<27.7s[K                 Class     Images  Instances      Box(P          R      mAP50  mAP50-95): 31% ━━━╸──────── 1553/5000 107.9it/s 11.3s<32.0s[K                 Class     Images  Instances      Box(P          R      mAP50  mAP50-95): 31% ━━━╸──────── 1566/5000 112.0it/s 11.4s<30.7s[K                 Class     Images  Instances      Box(P          R      mAP50  mAP50-95): 31% ━━━╸──────── 1579/5000 116.9it/s 11.5s<29.3s[K                 Class     Images  Instances      Box(P          R      mAP50  mAP50-95): 31% ━━━╸──────── 1593/5000 121.8it/s 11.6s<28.0s[K                 Class     Images  Instances      Box(P          R      mAP50  mAP50-95): 32% ━━━╸──────── 1607/5000 125.8it/s 11.7s<27.0s[K                 Class     Images  Instances      Box(P          R      mAP50  mAP50-95): 32% ━━━╸──────── 1621/5000 129.2it/s 11.8s<26.1s[K                 Class     Images  Instances      Box(P          R      mAP50  mAP50-95): 32% ━━━╸──────── 1636/5000 132.6it/s 11.9s<25.4s[K                 Class     Images  Instances      Box(P          R      mAP50  mAP50-95): 33% ━━━╸──────── 1650/5000 133.9it/s 12.0s<25.0s[K                 Class     Images  Instances      Box(P          R      mAP50  mAP50-95): 33% ━━━╸──────── 1665/5000 136.2it/s 12.1s<24.5s[K                 Class     Images  Instances      Box(P          R      mAP50  mAP50-95): 33% ━━━━──────── 1680/5000 137.0it/s 12.2s<24.2s[K                 Class     Images  Instances      Box(P          R      mAP50  mAP50-95): 33% ━━━━──────── 1694/5000 137.7it/s 12.3s<24.0s[K                 Class     Images  Instances      Box(P          R      mAP50  mAP50-95): 34% ━━━━──────── 1708/5000 138.2it/s 12.4s<23.8s[K                 Class     Images  Instances      Box(P          R      mAP50  mAP50-95): 34% ━━━━──────── 1723/5000 139.2it/s 12.5s<23.5s[K                 Class     Images  Instances      Box(P          R      mAP50  mAP50-95): 34% ━━━━──────── 1739/5000 142.4it/s 12.6s<22.9s[K                 Class     Images  Instances      Box(P          R      mAP50  mAP50-95): 34% ━━━━──────── 1747/5000 115.0it/s 12.8s<28.3s[K                 Class     Images  Instances      Box(P          R      mAP50  mAP50-95): 35% ━━━━──────── 1762/5000 124.7it/s 12.9s<26.0s[K                 Class     Images  Instances      Box(P          R      mAP50  mAP50-95): 35% ━━━━──────── 1777/5000 131.7it/s 13.0s<24.5s[K                 Class     Images  Instances      Box(P          R      mAP50  mAP50-95): 35% ━━━━──────── 1792/5000 131.0it/s 13.1s<24.5s[K                 Class     Images  Instances      Box(P          R      mAP50  mAP50-95): 36% ━━━━──────── 1805/5000 129.9it/s 13.2s<24.6s[K                 Class     Images  Instances      Box(P          R      mAP50  mAP50-95): 36% ━━━━──────── 1819/5000 131.9it/s 13.3s<24.1s[K                 Class     Images  Instances      Box(P          R      mAP50  mAP50-95): 36% ━━━━──────── 1835/5000 139.7it/s 13.4s<22.7s[K                 Class     Images  Instances      Box(P          R      mAP50  mAP50-95): 37% ━━━━──────── 1850/5000 140.8it/s 13.5s<22.4s[K                 Class     Images  Instances      Box(P          R      mAP50  mAP50-95): 37% ━━━━──────── 1865/5000 141.6it/s 13.6s<22.1s[K                 Class     Images  Instances      Box(P          R      mAP50  mAP50-95): 37% ━━━━╸─────── 1879/5000 138.8it/s 13.7s<22.5s[K                 Class     Images  Instances      Box(P          R      mAP50  mAP50-95): 37% ━━━━╸─────── 1894/5000 138.9it/s 13.8s<22.4s[K                 Class     Images  Instances      Box(P          R      mAP50  mAP50-95): 38% ━━━━╸─────── 1909/5000 141.0it/s 13.9s<21.9s[K                 Class     Images  Instances      Box(P          R      mAP50  mAP50-95): 38% ━━━━╸─────── 1924/5000 142.8it/s 14.1s<21.5s[K                 Class     Images  Instances      Box(P          R      mAP50  mAP50-95): 38% ━━━━╸─────── 1938/5000 141.5it/s 14.2s<21.6s[K                 Class     Images  Instances      Box(P          R      mAP50  mAP50-95): 39% ━━━━╸─────── 1954/5000 144.0it/s 14.3s<21.1s[K                 Class     Images  Instances      Box(P          R      mAP50  mAP50-95): 39% ━━━━╸─────── 1969/5000 144.5it/s 14.4s<21.0s[K                 Class     Images  Instances      Box(P          R      mAP50  mAP50-95): 39% ━━━━╸─────── 1983/5000 143.1it/s 14.5s<21.1s[K                 Class     Images  Instances      Box(P          R      mAP50  mAP50-95): 39% ━━━━╸─────── 1998/5000 143.8it/s 14.6s<20.9s[K                 Class     Images  Instances      Box(P          R      mAP50  mAP50-95): 40% ━━━━╸─────── 2013/5000 143.9it/s 14.7s<20.8s[K                 Class     Images  Instances      Box(P          R      mAP50  mAP50-95): 40% ━━━━╸─────── 2028/5000 143.1it/s 14.8s<20.8s[K                 Class     Images  Instances      Box(P          R      mAP50  mAP50-95): 40% ━━━━╸─────── 2043/5000 142.9it/s 14.9s<20.7s[K                 Class     Images  Instances      Box(P          R      mAP50  mAP50-95): 41% ━━━━╸─────── 2058/5000 144.4it/s 15.0s<20.4s[K                 Class     Images  Instances      Box(P          R      mAP50  mAP50-95): 41% ━━━━╸─────── 2071/5000 134.5it/s 15.1s<21.8s[K                 Class     Images  Instances      Box(P          R      mAP50  mAP50-95): 41% ━━━━━─────── 2087/5000 140.3it/s 15.2s<20.8s[K                 Class     Images  Instances      Box(P          R      mAP50  mAP50-95): 42% ━━━━━─────── 2103/5000 143.9it/s 15.3s<20.1s[K                 Class     Images  Instances      Box(P          R      mAP50  mAP50-95): 42% ━━━━━─────── 2117/5000 142.3it/s 15.4s<20.3s[K                 Class     Images  Instances      Box(P          R      mAP50  mAP50-95): 42% ━━━━━─────── 2132/5000 143.3it/s 15.5s<20.0s[K                 Class     Images  Instances      Box(P          R      mAP50  mAP50-95): 42% ━━━━━─────── 2146/5000 142.0it/s 15.6s<20.1s[K                 Class     Images  Instances      Box(P          R      mAP50  mAP50-95): 43% ━━━━━─────── 2160/5000 141.1it/s 15.7s<20.1s[K                 Class     Images  Instances      Box(P          R      mAP50  mAP50-95): 43% ━━━━━─────── 2175/5000 141.5it/s 15.8s<20.0s[K                 Class     Images  Instances      Box(P          R      mAP50  mAP50-95): 43% ━━━━━─────── 2190/5000 143.2it/s 15.9s<19.6s[K                 Class     Images  Instances      Box(P          R      mAP50  mAP50-95): 44% ━━━━━─────── 2204/5000 140.9it/s 16.0s<19.8s[K                 Class     Images  Instances      Box(P          R      mAP50  mAP50-95): 44% ━━━━━─────── 2218/5000 140.1it/s 16.1s<19.9s[K                 Class     Images  Instances      Box(P          R      mAP50  mAP50-95): 44% ━━━━━─────── 2232/5000 139.8it/s 16.2s<19.8s[K                 Class     Images  Instances      Box(P          R      mAP50  mAP50-95): 44% ━━━━━─────── 2246/5000 138.4it/s 16.3s<19.9s[K                 Class     Images  Instances      Box(P          R      mAP50  mAP50-95): 45% ━━━━━─────── 2261/5000 139.1it/s 16.4s<19.7s[K                 Class     Images  Instances      Box(P          R      mAP50  mAP50-95): 45% ━━━━━─────── 2276/5000 141.9it/s 16.5s<19.2s[K                 Class     Images  Instances      Box(P          R      mAP50  mAP50-95): 45% ━━━━━─────── 2291/5000 143.6it/s 16.6s<18.9s[K                 Class     Images  Instances      Box(P          R      mAP50  mAP50-95): 46% ━━━━━╸────── 2305/5000 142.0it/s 16.7s<19.0s[K                 Class     Images  Instances      Box(P          R      mAP50  mAP50-95): 46% ━━━━━╸────── 2320/5000 142.8it/s 16.8s<18.8s[K                 Class     Images  Instances      Box(P          R      mAP50  mAP50-95): 46% ━━━━━╸────── 2336/5000 144.9it/s 17.0s<18.4s[K                 Class     Images  Instances      Box(P          R      mAP50  mAP50-95): 47% ━━━━━╸────── 2350/5000 141.7it/s 17.1s<18.7s[K                 Class     Images  Instances      Box(P          R      mAP50  mAP50-95): 47% ━━━━━╸────── 2365/5000 138.0it/s 17.2s<19.1s[K                 Class     Images  Instances      Box(P          R      mAP50  mAP50-95): 47% ━━━━━╸────── 2381/5000 144.4it/s 17.3s<18.1s[K                 Class     Images  Instances      Box(P          R      mAP50  mAP50-95): 47% ━━━━━╸────── 2396/5000 143.9it/s 17.4s<18.1s[K                 Class     Images  Instances      Box(P          R      mAP50  mAP50-95): 48% ━━━━━╸────── 2411/5000 143.4it/s 17.5s<18.0s[K                 Class     Images  Instances      Box(P          R      mAP50  mAP50-95): 48% ━━━━━╸────── 2426/5000 142.7it/s 17.6s<18.0s[K                 Class     Images  Instances      Box(P          R      mAP50  mAP50-95): 48% ━━━━━╸────── 2441/5000 142.8it/s 17.7s<17.9s[K                 Class     Images  Instances      Box(P          R      mAP50  mAP50-95): 49% ━━━━━╸────── 2456/5000 143.2it/s 17.8s<17.8s[K                 Class     Images  Instances      Box(P          R      mAP50  mAP50-95): 49% ━━━━━╸────── 2471/5000 133.6it/s 17.9s<18.9s[K                 Class     Images  Instances      Box(P          R      mAP50  mAP50-95): 49% ━━━━━╸────── 2484/5000 131.5it/s 18.0s<19.1s[K                 Class     Images  Instances      Box(P          R      mAP50  mAP50-95): 49% ━━━━━╸────── 2497/5000 130.6it/s 18.1s<19.2s[K                 Class     Images  Instances      Box(P          R      mAP50  mAP50-95): 50% ━━━━━━────── 2513/5000 137.3it/s 18.2s<18.1s[K                 Class     Images  Instances      Box(P          R      mAP50  mAP50-95): 50% ━━━━━━────── 2528/5000 138.6it/s 18.3s<17.8s[K                 Class     Images  Instances      Box(P          R      mAP50  mAP50-95): 50% ━━━━━━────── 2542/5000 138.8it/s 18.4s<17.7s[K                 Class     Images  Instances      Box(P          R      mAP50  mAP50-95): 51% ━━━━━━────── 2556/5000 138.4it/s 18.5s<17.7s[K                 Class     Images  Instances      Box(P          R      mAP50  mAP50-95): 51% ━━━━━━────── 2571/5000 139.4it/s 18.7s<17.4s[K                 Class     Images  Instances      Box(P          R      mAP50  mAP50-95): 51% ━━━━━━────── 2585/5000 137.6it/s 18.8s<17.6s[K                 Class     Images  Instances      Box(P          R      mAP50  mAP50-95): 52% ━━━━━━────── 2600/5000 138.8it/s 18.9s<17.3s[K                 Class     Images  Instances      Box(P          R      mAP50  mAP50-95): 52% ━━━━━━────── 2612/5000 131.5it/s 19.0s<18.2s[K                 Class     Images  Instances      Box(P          R      mAP50  mAP50-95): 52% ━━━━━━────── 2627/5000 135.3it/s 19.1s<17.5s[K                 Class     Images  Instances      Box(P          R      mAP50  mAP50-95): 52% ━━━━━━────── 2642/5000 138.1it/s 19.2s<17.1s[K                 Class     Images  Instances      Box(P          R      mAP50  mAP50-95): 53% ━━━━━━────── 2656/5000 138.1it/s 19.3s<17.0s[K                 Class     Images  Instances      Box(P          R      mAP50  mAP50-95): 53% ━━━━━━────── 2671/5000 140.7it/s 19.4s<16.6s[K                 Class     Images  Instances      Box(P          R      mAP50  mAP50-95): 53% ━━━━━━────── 2686/5000 141.8it/s 19.5s<16.3s[K                 Class     Images  Instances      Box(P          R      mAP50  mAP50-95): 54% ━━━━━━────── 2701/5000 143.9it/s 19.6s<16.0s[K                 Class     Images  Instances      Box(P          R      mAP50  mAP50-95): 54% ━━━━━━╸───── 2716/5000 144.4it/s 19.7s<15.8s[K                 Class     Images  Instances      Box(P          R      mAP50  mAP50-95): 54% ━━━━━━╸───── 2730/5000 142.7it/s 19.8s<15.9s[K                 Class     Images  Instances      Box(P          R      mAP50  mAP50-95): 54% ━━━━━━╸───── 2745/5000 143.2it/s 19.9s<15.8s[K                 Class     Images  Instances      Box(P          R      mAP50  mAP50-95): 55% ━━━━━━╸───── 2759/5000 142.1it/s 20.0s<15.8s[K                 Class     Images  Instances      Box(P          R      mAP50  mAP50-95): 55% ━━━━━━╸───── 2774/5000 142.4it/s 20.1s<15.6s[K                 Class     Images  Instances      Box(P          R      mAP50  mAP50-95): 55% ━━━━━━╸───── 2788/5000 139.7it/s 20.2s<15.8s[K                 Class     Images  Instances      Box(P          R      mAP50  mAP50-95): 56% ━━━━━━╸───── 2802/5000 138.6it/s 20.3s<15.9s[K                 Class     Images  Instances      Box(P          R      mAP50  mAP50-95): 56% ━━━━━━╸───── 2816/5000 138.6it/s 20.4s<15.8s[K                 Class     Images  Instances      Box(P          R      mAP50  mAP50-95): 56% ━━━━━━╸───── 2830/5000 138.2it/s 20.5s<15.7s[K                 Class     Images  Instances      Box(P          R      mAP50  mAP50-95): 56% ━━━━━━╸───── 2835/5000 110.5it/s 20.6s<19.6s[K                 Class     Images  Instances      Box(P          R      mAP50  mAP50-95): 56% ━━━━━━╸───── 2845/5000 106.4it/s 20.7s<20.2s[K                 Class     Images  Instances      Box(P          R      mAP50  mAP50-95): 57% ━━━━━━╸───── 2859/5000 115.4it/s 20.8s<18.6s[K                 Class     Images  Instances      Box(P          R      mAP50  mAP50-95): 57% ━━━━━━╸───── 2874/5000 124.0it/s 20.9s<17.1s[K                 Class     Images  Instances      Box(P          R      mAP50  mAP50-95): 57% ━━━━━━╸───── 2889/5000 129.6it/s 21.0s<16.3s[K                 Class     Images  Instances      Box(P          R      mAP50  mAP50-95): 58% ━━━━━━╸───── 2904/5000 133.5it/s 21.1s<15.7s[K                 Class     Images  Instances      Box(P          R      mAP50  mAP50-95): 58% ━━━━━━━───── 2919/5000 136.8it/s 21.2s<15.2s[K                 Class     Images  Instances      Box(P          R      mAP50  mAP50-95): 58% ━━━━━━━───── 2934/5000 137.9it/s 21.4s<15.0s[K                 Class     Images  Instances      Box(P          R      mAP50  mAP50-95): 58% ━━━━━━━───── 2948/5000 138.3it/s 21.5s<14.8s[K                 Class     Images  Instances      Box(P          R      mAP50  mAP50-95): 59% ━━━━━━━───── 2956/5000 114.6it/s 21.6s<17.8s[K                 Class     Images  Instances      Box(P          R      mAP50  mAP50-95): 59% ━━━━━━━───── 2971/5000 124.4it/s 21.7s<16.3s[K                 Class     Images  Instances      Box(P          R      mAP50  mAP50-95): 59% ━━━━━━━───── 2985/5000 128.2it/s 21.8s<15.7s[K                 Class     Images  Instances      Box(P          R      mAP50  mAP50-95): 60% ━━━━━━━───── 3000/5000 132.4it/s 21.9s<15.1s[K                 Class     Images  Instances      Box(P          R      mAP50  mAP50-95): 60% ━━━━━━━───── 3015/5000 136.8it/s 22.0s<14.5s[K                 Class     Images  Instances      Box(P          R      mAP50  mAP50-95): 60% ━━━━━━━───── 3030/5000 138.0it/s 22.1s<14.3s[K                 Class     Images  Instances      Box(P          R      mAP50  mAP50-95): 60% ━━━━━━━───── 3045/5000 139.9it/s 22.2s<14.0s[K                 Class     Images  Instances      Box(P          R      mAP50  mAP50-95): 61% ━━━━━━━───── 3060/5000 141.7it/s 22.3s<13.7s[K                 Class     Images  Instances      Box(P          R      mAP50  mAP50-95): 61% ━━━━━━━───── 3075/5000 142.6it/s 22.4s<13.5s[K                 Class     Images  Instances      Box(P          R      mAP50  mAP50-95): 61% ━━━━━━━───── 3090/5000 143.6it/s 22.5s<13.3s[K                 Class     Images  Instances      Box(P          R      mAP50  mAP50-95): 62% ━━━━━━━───── 3104/5000 140.9it/s 22.6s<13.5s[K                 Class     Images  Instances      Box(P          R      mAP50  mAP50-95): 62% ━━━━━━━───── 3118/5000 138.7it/s 22.7s<13.6s[K                 Class     Images  Instances      Box(P          R      mAP50  mAP50-95): 62% ━━━━━━━╸──── 3132/5000 137.4it/s 22.8s<13.6s[K                 Class     Images  Instances      Box(P          R      mAP50  mAP50-95): 62% ━━━━━━━╸──── 3147/5000 138.5it/s 22.9s<13.4s[K                 Class     Images  Instances      Box(P          R      mAP50  mAP50-95): 63% ━━━━━━━╸──── 3162/5000 140.9it/s 23.0s<13.0s[K                 Class     Images  Instances      Box(P          R      mAP50  mAP50-95): 63% ━━━━━━━╸──── 3177/5000 140.8it/s 23.1s<12.9s[K                 Class     Images  Instances      Box(P          R      mAP50  mAP50-95): 63% ━━━━━━━╸──── 3192/5000 141.7it/s 23.3s<12.8s[K                 Class     Images  Instances      Box(P          R      mAP50  mAP50-95): 64% ━━━━━━━╸──── 3207/5000 141.6it/s 23.4s<12.7s[K                 Class     Images  Instances      Box(P          R      mAP50  mAP50-95): 64% ━━━━━━━╸──── 3222/5000 142.0it/s 23.5s<12.5s[K                 Class     Images  Instances      Box(P          R      mAP50  mAP50-95): 64% ━━━━━━━╸──── 3236/5000 141.1it/s 23.6s<12.5s[K                 Class     Images  Instances      Box(P          R      mAP50  mAP50-95): 64% ━━━━━━━╸──── 3248/5000 134.1it/s 23.7s<13.1s[K                 Class     Images  Instances      Box(P          R      mAP50  mAP50-95): 65% ━━━━━━━╸──── 3264/5000 138.5it/s 23.8s<12.5s[K                 Class     Images  Instances      Box(P          R      mAP50  mAP50-95): 65% ━━━━━━━╸──── 3281/5000 145.0it/s 23.9s<11.9s[K                 Class     Images  Instances      Box(P          R      mAP50  mAP50-95): 65% ━━━━━━━╸──── 3295/5000 141.9it/s 24.0s<12.0s[K                 Class     Images  Instances      Box(P          R      mAP50  mAP50-95): 66% ━━━━━━━╸──── 3309/5000 139.7it/s 24.1s<12.1s[K                 Class     Images  Instances      Box(P          R      mAP50  mAP50-95): 66% ━━━━━━━╸──── 3324/5000 141.5it/s 24.2s<11.8s[K                 Class     Images  Instances      Box(P          R      mAP50  mAP50-95): 66% ━━━━━━━━──── 3339/5000 141.8it/s 24.3s<11.7s[K                 Class     Images  Instances      Box(P          R      mAP50  mAP50-95): 67% ━━━━━━━━──── 3354/5000 141.9it/s 24.4s<11.6s[K                 Class     Images  Instances      Box(P          R      mAP50  mAP50-95): 67% ━━━━━━━━──── 3368/5000 140.7it/s 24.5s<11.6s[K                 Class     Images  Instances      Box(P          R      mAP50  mAP50-95): 67% ━━━━━━━━──── 3383/5000 138.1it/s 24.6s<11.7s[K                 Class     Images  Instances      Box(P          R      mAP50  mAP50-95): 67% ━━━━━━━━──── 3399/5000 143.4it/s 24.7s<11.2s[K                 Class     Images  Instances      Box(P          R      mAP50  mAP50-95): 68% ━━━━━━━━──── 3414/5000 144.2it/s 24.8s<11.0s[K                 Class     Images  Instances      Box(P          R      mAP50  mAP50-95): 68% ━━━━━━━━──── 3429/5000 144.5it/s 24.9s<10.9s[K                 Class     Images  Instances      Box(P          R      mAP50  mAP50-95): 68% ━━━━━━━━──── 3441/5000 136.7it/s 25.0s<11.4s[K                 Class     Images  Instances      Box(P          R      mAP50  mAP50-95): 69% ━━━━━━━━──── 3456/5000 138.1it/s 25.1s<11.2s[K                 Class     Images  Instances      Box(P          R      mAP50  mAP50-95): 69% ━━━━━━━━──── 3471/5000 141.1it/s 25.2s<10.8s[K                 Class     Images  Instances      Box(P          R      mAP50  mAP50-95): 69% ━━━━━━━━──── 3486/5000 142.6it/s 25.3s<10.6s[K                 Class     Images  Instances      Box(P          R      mAP50  mAP50-95): 70% ━━━━━━━━──── 3501/5000 142.6it/s 25.4s<10.5s[K                 Class     Images  Instances      Box(P          R      mAP50  mAP50-95): 70% ━━━━━━━━──── 3515/5000 140.5it/s 25.5s<10.6s[K                 Class     Images  Instances      Box(P          R      mAP50  mAP50-95): 70% ━━━━━━━━──── 3529/5000 139.6it/s 25.6s<10.5s[K                 Class     Images  Instances      Box(P          R      mAP50  mAP50-95): 70% ━━━━━━━━╸─── 3545/5000 143.7it/s 25.7s<10.1s[K                 Class     Images  Instances      Box(P          R      mAP50  mAP50-95): 71% ━━━━━━━━╸─── 3559/5000 142.4it/s 25.8s<10.1s[K                 Class     Images  Instances      Box(P          R      mAP50  mAP50-95): 71% ━━━━━━━━╸─── 3574/5000 142.7it/s 26.0s<10.0s[K                 Class     Images  Instances      Box(P          R      mAP50  mAP50-95): 71% ━━━━━━━━╸─── 3588/5000 141.8it/s 26.1s<10.0s[K                 Class     Images  Instances      Box(P          R      mAP50  mAP50-95): 72% ━━━━━━━━╸─── 3603/5000 141.4it/s 26.2s<9.9s[K                 Class     Images  Instances      Box(P          R      mAP50  mAP50-95): 72% ━━━━━━━━╸─── 3618/5000 142.1it/s 26.3s<9.7s[K                 Class     Images  Instances      Box(P          R      mAP50  mAP50-95): 72% ━━━━━━━━╸─── 3632/5000 141.1it/s 26.4s<9.7s[K                 Class     Images  Instances      Box(P          R      mAP50  mAP50-95): 72% ━━━━━━━━╸─── 3644/5000 133.8it/s 26.5s<10.1s[K                 Class     Images  Instances      Box(P          R      mAP50  mAP50-95): 73% ━━━━━━━━╸─── 3660/5000 138.9it/s 26.6s<9.6s[K                 Class     Images  Instances      Box(P          R      mAP50  mAP50-95): 73% ━━━━━━━━╸─── 3676/5000 142.4it/s 26.7s<9.3s[K                 Class     Images  Instances      Box(P          R      mAP50  mAP50-95): 73% ━━━━━━━━╸─── 3691/5000 142.7it/s 26.8s<9.2s[K                 Class     Images  Instances      Box(P          R      mAP50  mAP50-95): 74% ━━━━━━━━╸─── 3705/5000 141.7it/s 26.9s<9.1s[K                 Class     Images  Instances      Box(P          R      mAP50  mAP50-95): 74% ━━━━━━━━╸─── 3720/5000 142.3it/s 27.0s<9.0s[K                 Class     Images  Instances      Box(P          R      mAP50  mAP50-95): 74% ━━━━━━━━╸─── 3735/5000 141.8it/s 27.1s<8.9s[K                 Class     Images  Instances      Box(P          R      mAP50  mAP50-95): 74% ━━━━━━━━╸─── 3749/5000 135.3it/s 27.2s<9.2s[K                 Class     Images  Instances      Box(P          R      mAP50  mAP50-95): 75% ━━━━━━━━━─── 3762/5000 131.7it/s 27.3s<9.4s[K                 Class     Images  Instances      Box(P          R      mAP50  mAP50-95): 75% ━━━━━━━━━─── 3775/5000 129.3it/s 27.4s<9.5s[K                 Class     Images  Instances      Box(P          R      mAP50  mAP50-95): 75% ━━━━━━━━━─── 3790/5000 135.2it/s 27.5s<8.9s[K                 Class     Images  Instances      Box(P          R      mAP50  mAP50-95): 76% ━━━━━━━━━─── 3805/5000 137.4it/s 27.6s<8.7s[K                 Class     Images  Instances      Box(P          R      mAP50  mAP50-95): 76% ━━━━━━━━━─── 3820/5000 139.3it/s 27.7s<8.5s[K                 Class     Images  Instances      Box(P          R      mAP50  mAP50-95): 76% ━━━━━━━━━─── 3835/5000 140.7it/s 27.8s<8.3s[K                 Class     Images  Instances      Box(P          R      mAP50  mAP50-95): 77% ━━━━━━━━━─── 3850/5000 141.4it/s 27.9s<8.1s[K                 Class     Images  Instances      Box(P          R      mAP50  mAP50-95): 77% ━━━━━━━━━─── 3865/5000 142.1it/s 28.0s<8.0s[K                 Class     Images  Instances      Box(P          R      mAP50  mAP50-95): 77% ━━━━━━━━━─── 3879/5000 140.9it/s 28.1s<8.0s[K                 Class     Images  Instances      Box(P          R      mAP50  mAP50-95): 77% ━━━━━━━━━─── 3894/5000 142.0it/s 28.3s<7.8s[K                 Class     Images  Instances      Box(P          R      mAP50  mAP50-95): 78% ━━━━━━━━━─── 3907/5000 138.3it/s 28.4s<7.9s[K                 Class     Images  Instances      Box(P          R      mAP50  mAP50-95): 78% ━━━━━━━━━─── 3921/5000 137.7it/s 28.5s<7.8s[K                 Class     Images  Instances      Box(P          R      mAP50  mAP50-95): 78% ━━━━━━━━━─── 3936/5000 139.6it/s 28.6s<7.6s[K                 Class     Images  Instances      Box(P          R      mAP50  mAP50-95): 79% ━━━━━━━━━─── 3950/5000 138.5it/s 28.7s<7.6s[K                 Class     Images  Instances      Box(P          R      mAP50  mAP50-95): 79% ━━━━━━━━━╸── 3965/5000 139.7it/s 28.8s<7.4s[K                 Class     Images  Instances      Box(P          R      mAP50  mAP50-95): 79% ━━━━━━━━━╸── 3979/5000 139.8it/s 28.9s<7.3s[K                 Class     Images  Instances      Box(P          R      mAP50  mAP50-95): 79% ━━━━━━━━━╸── 3993/5000 139.7it/s 29.0s<7.2s[K                 Class     Images  Instances      Box(P          R      mAP50  mAP50-95): 80% ━━━━━━━━━╸── 4007/5000 137.9it/s 29.1s<7.2s[K                 Class     Images  Instances      Box(P          R      mAP50  mAP50-95): 80% ━━━━━━━━━╸── 4021/5000 138.2it/s 29.2s<7.1s[K                 Class     Images  Instances      Box(P          R      mAP50  mAP50-95): 80% ━━━━━━━━━╸── 4035/5000 137.4it/s 29.3s<7.0s[K                 Class     Images  Instances      Box(P          R      mAP50  mAP50-95): 80% ━━━━━━━━━╸── 4047/5000 131.6it/s 29.4s<7.2s[K                 Class     Images  Instances      Box(P          R      mAP50  mAP50-95): 81% ━━━━━━━━━╸── 4061/5000 134.0it/s 29.5s<7.0s[K                 Class     Images  Instances      Box(P          R      mAP50  mAP50-95): 81% ━━━━━━━━━╸── 4075/5000 134.3it/s 29.6s<6.9s[K                 Class     Images  Instances      Box(P          R      mAP50  mAP50-95): 81% ━━━━━━━━━╸── 4089/5000 134.1it/s 29.7s<6.8s[K                 Class     Images  Instances      Box(P          R      mAP50  mAP50-95): 82% ━━━━━━━━━╸── 4103/5000 134.0it/s 29.8s<6.7s[K                 Class     Images  Instances      Box(P          R      mAP50  mAP50-95): 82% ━━━━━━━━━╸── 4118/5000 136.2it/s 29.9s<6.5s[K                 Class     Images  Instances      Box(P          R      mAP50  mAP50-95): 82% ━━━━━━━━━╸── 4133/5000 137.2it/s 30.0s<6.3s[K                 Class     Images  Instances      Box(P          R      mAP50  mAP50-95): 82% ━━━━━━━━━╸── 4147/5000 137.8it/s 30.1s<6.2s[K                 Class     Images  Instances      Box(P          R      mAP50  mAP50-95): 83% ━━━━━━━━━╸── 4160/5000 134.0it/s 30.2s<6.3s[K                 Class     Images  Instances      Box(P          R      mAP50  mAP50-95): 83% ━━━━━━━━━━── 4174/5000 133.9it/s 30.3s<6.2s[K                 Class     Images  Instances      Box(P          R      mAP50  mAP50-95): 83% ━━━━━━━━━━── 4188/5000 130.8it/s 30.4s<6.2s[K                 Class     Images  Instances      Box(P          R      mAP50  mAP50-95): 84% ━━━━━━━━━━── 4202/5000 131.8it/s 30.5s<6.1s[K                 Class     Images  Instances      Box(P          R      mAP50  mAP50-95): 84% ━━━━━━━━━━── 4218/5000 137.9it/s 30.6s<5.7s[K                 Class     Images  Instances      Box(P          R      mAP50  mAP50-95): 84% ━━━━━━━━━━── 4232/5000 137.7it/s 30.7s<5.6s[K                 Class     Images  Instances      Box(P          R      mAP50  mAP50-95): 84% ━━━━━━━━━━── 4246/5000 136.6it/s 30.8s<5.5s[K                 Class     Images  Instances      Box(P          R      mAP50  mAP50-95): 85% ━━━━━━━━━━── 4260/5000 137.4it/s 30.9s<5.4s[K                 Class     Images  Instances      Box(P          R      mAP50  mAP50-95): 85% ━━━━━━━━━━── 4274/5000 137.5it/s 31.0s<5.3s[K                 Class     Images  Instances      Box(P          R      mAP50  mAP50-95): 85% ━━━━━━━━━━── 4288/5000 137.4it/s 31.1s<5.2s[K                 Class     Images  Instances      Box(P          R      mAP50  mAP50-95): 85% ━━━━━━━━━━── 4295/5000 111.7it/s 31.3s<6.3s[K                 Class     Images  Instances      Box(P          R      mAP50  mAP50-95): 86% ━━━━━━━━━━── 4309/5000 119.7it/s 31.4s<5.8s[K                 Class     Images  Instances      Box(P          R      mAP50  mAP50-95): 86% ━━━━━━━━━━── 4323/5000 122.2it/s 31.5s<5.5s[K                 Class     Images  Instances      Box(P          R      mAP50  mAP50-95): 86% ━━━━━━━━━━── 4339/5000 130.4it/s 31.6s<5.1s[K                 Class     Images  Instances      Box(P          R      mAP50  mAP50-95): 87% ━━━━━━━━━━── 4354/5000 134.8it/s 31.7s<4.8s[K                 Class     Images  Instances      Box(P          R      mAP50  mAP50-95): 87% ━━━━━━━━━━── 4368/5000 136.2it/s 31.8s<4.6s[K                 Class     Images  Instances      Box(P          R      mAP50  mAP50-95): 87% ━━━━━━━━━━╸─ 4382/5000 135.1it/s 31.9s<4.6s[K                 Class     Images  Instances      Box(P          R      mAP50  mAP50-95): 87% ━━━━━━━━━━╸─ 4396/5000 135.8it/s 32.0s<4.4s[K                 Class     Images  Instances      Box(P          R      mAP50  mAP50-95): 88% ━━━━━━━━━━╸─ 4410/5000 135.9it/s 32.1s<4.3s[K                 Class     Images  Instances      Box(P          R      mAP50  mAP50-95): 88% ━━━━━━━━━━╸─ 4425/5000 137.9it/s 32.2s<4.2s[K                 Class     Images  Instances      Box(P          R      mAP50  mAP50-95): 88% ━━━━━━━━━━╸─ 4438/5000 133.8it/s 32.3s<4.2s[K                 Class     Images  Instances      Box(P          R      mAP50  mAP50-95): 89% ━━━━━━━━━━╸─ 4452/5000 134.2it/s 32.4s<4.1s[K                 Class     Images  Instances      Box(P          R      mAP50  mAP50-95): 89% ━━━━━━━━━━╸─ 4467/5000 136.3it/s 32.5s<3.9s[K                 Class     Images  Instances      Box(P          R      mAP50  mAP50-95): 89% ━━━━━━━━━━╸─ 4482/5000 137.9it/s 32.6s<3.8s[K                 Class     Images  Instances      Box(P          R      mAP50  mAP50-95): 89% ━━━━━━━━━━╸─ 4496/5000 137.5it/s 32.7s<3.7s[K                 Class     Images  Instances      Box(P          R      mAP50  mAP50-95): 90% ━━━━━━━━━━╸─ 4510/5000 138.1it/s 32.8s<3.5s[K                 Class     Images  Instances      Box(P          R      mAP50  mAP50-95): 90% ━━━━━━━━━━╸─ 4524/5000 138.3it/s 32.9s<3.4s[K                 Class     Images  Instances      Box(P          R      mAP50  mAP50-95): 90% ━━━━━━━━━━╸─ 4538/5000 138.7it/s 33.0s<3.3s[K                 Class     Images  Instances      Box(P          R      mAP50  mAP50-95): 91% ━━━━━━━━━━╸─ 4552/5000 138.2it/s 33.1s<3.2s[K                 Class     Images  Instances      Box(P          R      mAP50  mAP50-95): 91% ━━━━━━━━━━╸─ 4566/5000 138.3it/s 33.2s<3.1s[K                 Class     Images  Instances      Box(P          R      mAP50  mAP50-95): 91% ━━━━━━━━━━╸─ 4580/5000 138.3it/s 33.4s<3.0s[K                 Class     Images  Instances      Box(P          R      mAP50  mAP50-95): 91% ━━━━━━━━━━━─ 4595/5000 139.1it/s 33.5s<2.9s[K                 Class     Images  Instances      Box(P          R      mAP50  mAP50-95): 92% ━━━━━━━━━━━─ 4609/5000 139.0it/s 33.6s<2.8s[K                 Class     Images  Instances      Box(P          R      mAP50  mAP50-95): 92% ━━━━━━━━━━━─ 4622/5000 135.4it/s 33.7s<2.8s[K                 Class     Images  Instances      Box(P          R      mAP50  mAP50-95): 92% ━━━━━━━━━━━─ 4636/5000 127.8it/s 33.8s<2.8s[K                 Class     Images  Instances      Box(P          R      mAP50  mAP50-95): 93% ━━━━━━━━━━━─ 4651/5000 132.9it/s 33.9s<2.6s[K                 Class     Images  Instances      Box(P          R      mAP50  mAP50-95): 93% ━━━━━━━━━━━─ 4665/5000 133.9it/s 34.0s<2.5s[K                 Class     Images  Instances      Box(P          R      mAP50  mAP50-95): 93% ━━━━━━━━━━━─ 4680/5000 137.7it/s 34.1s<2.3s[K                 Class     Images  Instances      Box(P          R      mAP50  mAP50-95): 93% ━━━━━━━━━━━─ 4694/5000 136.7it/s 34.2s<2.2s[K                 Class     Images  Instances      Box(P          R      mAP50  mAP50-95): 94% ━━━━━━━━━━━─ 4708/5000 135.0it/s 34.3s<2.2s[K                 Class     Images  Instances      Box(P          R      mAP50  mAP50-95): 94% ━━━━━━━━━━━─ 4722/5000 135.3it/s 34.4s<2.1s[K                 Class     Images  Instances      Box(P          R      mAP50  mAP50-95): 94% ━━━━━━━━━━━─ 4737/5000 137.9it/s 34.5s<1.9s[K                 Class     Images  Instances      Box(P          R      mAP50  mAP50-95): 95% ━━━━━━━━━━━─ 4752/5000 139.0it/s 34.6s<1.8s[K                 Class     Images  Instances      Box(P          R      mAP50  mAP50-95): 95% ━━━━━━━━━━━─ 4765/5000 134.9it/s 34.7s<1.7s[K                 Class     Images  Instances      Box(P          R      mAP50  mAP50-95): 95% ━━━━━━━━━━━─ 4780/5000 135.0it/s 34.8s<1.6s[K                 Class     Images  Instances      Box(P          R      mAP50  mAP50-95): 95% ━━━━━━━━━━━╸ 4796/5000 141.6it/s 34.9s<1.4s[K                 Class     Images  Instances      Box(P          R      mAP50  mAP50-95): 96% ━━━━━━━━━━━╸ 4811/5000 141.2it/s 35.0s<1.3s[K                 Class     Images  Instances      Box(P          R      mAP50  mAP50-95): 96% ━━━━━━━━━━━╸ 4826/5000 141.0it/s 35.2s<1.2s[K                 Class     Images  Instances      Box(P          R      mAP50  mAP50-95): 96% ━━━━━━━━━━━╸ 4841/5000 141.1it/s 35.3s<1.1s[K                 Class     Images  Instances      Box(P          R      mAP50  mAP50-95): 97% ━━━━━━━━━━━╸ 4855/5000 140.6it/s 35.4s<1.0s[K                 Class     Images  Instances      Box(P          R      mAP50  mAP50-95): 97% ━━━━━━━━━━━╸ 4870/5000 140.5it/s 35.5s<0.9s[K                 Class     Images  Instances      Box(P          R      mAP50  mAP50-95): 97% ━━━━━━━━━━━╸ 4885/5000 140.9it/s 35.6s<0.8s[K                 Class     Images  Instances      Box(P          R      mAP50  mAP50-95): 97% ━━━━━━━━━━━╸ 4899/5000 139.1it/s 35.7s<0.7s[K                 Class     Images  Instances      Box(P          R      mAP50  mAP50-95): 98% ━━━━━━━━━━━╸ 4912/5000 135.7it/s 35.8s<0.6s[K                 Class     Images  Instances      Box(P          R      mAP50  mAP50-95): 98% ━━━━━━━━━━━╸ 4927/5000 137.5it/s 35.9s<0.5s[K                 Class     Images  Instances      Box(P          R      mAP50  mAP50-95): 98% ━━━━━━━━━━━╸ 4942/5000 140.3it/s 36.0s<0.4s[K                 Class     Images  Instances      Box(P          R      mAP50  mAP50-95): 99% ━━━━━━━━━━━╸ 4957/5000 140.8it/s 36.1s<0.3s[K                 Class     Images  Instances      Box(P          R      mAP50  mAP50-95): 99% ━━━━━━━━━━━╸ 4972/5000 140.8it/s 36.2s<0.2s[K                 Class     Images  Instances      Box(P          R      mAP50  mAP50-95): 99% ━━━━━━━━━━━╸ 4986/5000 138.5it/s 36.3s<0.1s[K                 Class     Images  Instances      Box(P          R      mAP50  mAP50-95): 100% ━━━━━━━━━━━━ 5000/5000 137.4it/s 36.4s
                   all       5000      36335      0.673      0.523       0.57      0.408
Speed: 0.8ms preprocess, 2.6ms inference, 0.0ms loss, 0.9ms postprocess per image
[int8-qdq model] 2.195ms  mAP50 0.5698  mAP50-95 0.4082  size 12.6MB
