/usr/local/lib/python3.11/dist-packages/torch/cuda/__init__.py:58: FutureWarning: The pynvml package is deprecated. Please install nvidia-ml-py instead. If you did not install pynvml directly, please report this to the maintainers of the package that installed pynvml for you.
  import pynvml  # type: ignore[import]
[repair] legacy attrs filled: {'progressive_sparsity': 3, '_training_step': 3, 'warmup_steps': 3, 'expert_dropout_rate': 3, 'dropout_interval': 3, 'detach_routing': 3, 'last_routing_snapshot': 3, '_moe_nonfinite_events': 3, '_current_top_k': 3, 'routing.capacity_factor': 3}
[repair] add_residual forced False on 3 blocks; property shadows stripped 1; ES_MOE dense=False
[repair] attached moe_loss_fn to model.5 (E=4)
[repair] attached moe_loss_fn to model.8 (E=8)
[repair] attached moe_loss_fn to model.11 (E=16)
[mtq] sensitive set 'default': ('*model.0.*', '*model.1.*', '*routing*', '*router*', '*dfl*')
[calib] 1024 train images from /data/datasets/coco/images/train2017
Inserted 1371 quantizers
[mtq] calibrated in 65s, 536 active quantizers, 0 uncalibrated->disabled
model.0.conv.input_quantizer                                                     TensorQuantizer(disabled)
model.0.conv.output_quantizer                                                    TensorQuantizer(disabled)
model.0.conv.weight_quantizer                                                    TensorQuantizer(disabled)
model.0.bn.input_quantizer                                                       TensorQuantizer(disabled)
model.0.bn.output_quantizer                                                      TensorQuantizer(disabled)
model.1.conv.input_quantizer                                                     TensorQuantizer(disabled)
model.1.conv.output_quantizer                                                    TensorQuantizer(disabled)
model.1.conv.weight_quantizer                                                    TensorQuantizer(disabled)
model.1.bn.input_quantizer                                                       TensorQuantizer(disabled)
model.1.bn.output_quantizer                                                      TensorQuantizer(disabled)
model.2.cv1.conv.input_quantizer                                                 TensorQuantizer(8 bit fake per-tensor amax=144.0955 calibrator=MaxCalibrator quant)
model.2.cv1.conv.output_quantizer                                                TensorQuantizer(disabled)
model.2.cv1.conv.weight_quantizer                                                TensorQuantizer(8 bit fake axis=0 amax=[0.0328, 0.1825](128) calibrator=MaxCalibrator quant)
model.2.cv1.bn.input_quantizer                                                   TensorQuantizer(disabled)
model.2.cv1.bn.output_quantizer                                                  TensorQuantizer(disabled)
model.2.cv2.conv.input_quantizer                                                 TensorQuantizer(8 bit fake per-tensor amax=39.9231 calibrator=MaxCalibrator quant)
model.2.cv2.conv.output_quantizer                                                TensorQuantizer(disabled)
model.2.cv2.conv.weight_quantizer                                                TensorQuantizer(8 bit fake axis=0 amax=[0.0260, 0.1146](256) calibrator=MaxCalibrator quant)
model.2.cv2.bn.input_quantizer                                                   TensorQuantizer(disabled)
model.2.cv2.bn.output_quantizer                                                  TensorQuantizer(disabled)
model.2.m.0.cv1.conv.input_quantizer                                             TensorQuantizer(8 bit fake per-tensor amax=34.5914 calibrator=MaxCalibrator quant)
model.2.m.0.cv1.conv.output_quantizer                                            TensorQuantizer(disabled)
model.2.m.0.cv1.conv.weight_quantizer                                            TensorQuantizer(8 bit fake axis=0 amax=[0.0391, 0.1997](32) calibrator=MaxCalibrator quant)
model.2.m.0.cv1.bn.input_quantizer                                               TensorQuantizer(disabled)
model.2.m.0.cv1.bn.output_quantizer                                              TensorQuantizer(disabled)
model.2.m.0.cv2.conv.input_quantizer                                             TensorQuantizer(8 bit fake per-tensor amax=34.5914 calibrator=MaxCalibrator quant)
model.2.m.0.cv2.conv.output_quantizer                                            TensorQuantizer(disabled)
model.2.m.0.cv2.conv.weight_quantizer                                            TensorQuantizer(8 bit fake axis=0 amax=[0.0446, 0.1139](32) calibrator=MaxCalibrator quant)
model.2.m.0.cv2.bn.input_quantizer                                               TensorQuantizer(disabled)
model.2.m.0.cv2.bn.output_quantizer                                              TensorQuantizer(disabled)
model.2.m.0.cv3.conv.input_quantizer                                             TensorQuantizer(8 bit fake per-tensor amax=20.7549 calibrator=MaxCalibrator quant)
model.2.m.0.cv3.conv.output_quantizer                                            TensorQuantizer(disabled)
model.2.m.0.cv3.conv.weight_quantizer                                            TensorQuantizer(8 bit fake axis=0 amax=[0.0441, 0.1157](64) calibrator=MaxCalibrator quant)
model.2.m.0.cv3.bn.input_quantizer                                               TensorQuantizer(disabled)
model.2.m.0.cv3.bn.output_quantizer                                              TensorQuantizer(disabled)
model.2.m.0.m.0.cv1.conv.input_quantizer                                         TensorQuantizer(8 bit fake per-tensor amax=9.3951 calibrator=MaxCalibrator quant)
model.2.m.0.m.0.cv1.conv.output_quantizer                                        TensorQuantizer(disabled)
model.2.m.0.m.0.cv1.conv.weight_quantizer                                        TensorQuantizer(8 bit fake axis=0 amax=[0.0410, 0.1181](32) calibrator=MaxCalibrator quant)
model.2.m.0.m.0.cv1.bn.input_quantizer                                           TensorQuantizer(disabled)
model.2.m.0.m.0.cv1.bn.output_quantizer                                          TensorQuantizer(disabled)
model.2.m.0.m.0.cv2.conv.input_quantizer                                         TensorQuantizer(8 bit fake per-tensor amax=13.6247 calibrator=MaxCalibrator quant)
model.2.m.0.m.0.cv2.conv.output_quantizer                                        TensorQuantizer(disabled)
model.2.m.0.m.0.cv2.conv.weight_quantizer                                        TensorQuantizer(8 bit fake axis=0 amax=[0.0273, 0.0932](32) calibrator=MaxCalibrator quant)
model.2.m.0.m.0.cv2.bn.input_quantizer                                           TensorQuantizer(disabled)
model.2.m.0.m.0.cv2.bn.output_quantizer                                          TensorQuantizer(disabled)
model.2.m.0.m.1.cv1.conv.input_quantizer                                         TensorQuantizer(8 bit fake per-tensor amax=10.6627 calibrator=MaxCalibrator quant)
model.2.m.0.m.1.cv1.conv.output_quantizer                                        TensorQuantizer(disabled)
model.2.m.0.m.1.cv1.conv.weight_quantizer                                        TensorQuantizer(8 bit fake axis=0 amax=[0.0305, 0.0826](32) calibrator=MaxCalibrator quant)
model.2.m.0.m.1.cv1.bn.input_quantizer                                           TensorQuantizer(disabled)
model.2.m.0.m.1.cv1.bn.output_quantizer                                          TensorQuantizer(disabled)
model.2.m.0.m.1.cv2.conv.input_quantizer                                         TensorQuantizer(8 bit fake per-tensor amax=9.7493 calibrator=MaxCalibrator quant)
model.2.m.0.m.1.cv2.conv.output_quantizer                                        TensorQuantizer(disabled)
model.2.m.0.m.1.cv2.conv.weight_quantizer                                        TensorQuantizer(8 bit fake axis=0 amax=[0.0265, 0.0784](32) calibrator=MaxCalibrator quant)
model.2.m.0.m.1.cv2.bn.input_quantizer                                           TensorQuantizer(disabled)
model.2.m.0.m.1.cv2.bn.output_quantizer                                          TensorQuantizer(disabled)
model.2.m.1.cv1.conv.input_quantizer                                             TensorQuantizer(8 bit fake per-tensor amax=14.6341 calibrator=MaxCalibrator quant)
model.2.m.1.cv1.conv.output_quantizer                                            TensorQuantizer(disabled)
model.2.m.1.cv1.conv.weight_quantizer                                            TensorQuantizer(8 bit fake axis=0 amax=[0.0372, 0.0748](32) calibrator=MaxCalibrator quant)
model.2.m.1.cv1.bn.input_quantizer                                               TensorQuantizer(disabled)
model.2.m.1.cv1.bn.output_quantizer                                              TensorQuantizer(disabled)
model.2.m.1.cv2.conv.input_quantizer                                             TensorQuantizer(8 bit fake per-tensor amax=14.6341 calibrator=MaxCalibrator quant)
model.2.m.1.cv2.conv.output_quantizer                                            TensorQuantizer(disabled)
model.2.m.1.cv2.conv.weight_quantizer                                            TensorQuantizer(8 bit fake axis=0 amax=[0.0213, 0.0456](32) calibrator=MaxCalibrator quant)
model.2.m.1.cv2.bn.input_quantizer                                               TensorQuantizer(disabled)
model.2.m.1.cv2.bn.output_quantizer                                              TensorQuantizer(disabled)
model.2.m.1.cv3.conv.input_quantizer                                             TensorQuantizer(8 bit fake per-tensor amax=9.4197 calibrator=MaxCalibrator quant)
model.2.m.1.cv3.conv.output_quantizer                                            TensorQuantizer(disabled)
model.2.m.1.cv3.conv.weight_quantizer                                            TensorQuantizer(8 bit fake axis=0 amax=[0.0315, 0.0795](64) calibrator=MaxCalibrator quant)
model.2.m.1.cv3.bn.input_quantizer                                               TensorQuantizer(disabled)
model.2.m.1.cv3.bn.output_quantizer                                              TensorQuantizer(disabled)
model.2.m.1.m.0.cv1.conv.input_quantizer                                         TensorQuantizer(8 bit fake per-tensor amax=4.3053 calibrator=MaxCalibrator quant)
model.2.m.1.m.0.cv1.conv.output_quantizer                                        TensorQuantizer(disabled)
model.2.m.1.m.0.cv1.conv.weight_quantizer                                        TensorQuantizer(8 bit fake axis=0 amax=[0.0338, 0.0986](32) calibrator=MaxCalibrator quant)
model.2.m.1.m.0.cv1.bn.input_quantizer                                           TensorQuantizer(disabled)
model.2.m.1.m.0.cv1.bn.output_quantizer                                          TensorQuantizer(disabled)
model.2.m.1.m.0.cv2.conv.input_quantizer                                         TensorQuantizer(8 bit fake per-tensor amax=5.2248 calibrator=MaxCalibrator quant)
model.2.m.1.m.0.cv2.conv.output_quantizer                                        TensorQuantizer(disabled)
model.2.m.1.m.0.cv2.conv.weight_quantizer                                        TensorQuantizer(8 bit fake axis=0 amax=[0.0331, 0.0721](32) calibrator=MaxCalibrator quant)
model.2.m.1.m.0.cv2.bn.input_quantizer                                           TensorQuantizer(disabled)
model.2.m.1.m.0.cv2.bn.output_quantizer                                          TensorQuantizer(disabled)
model.2.m.1.m.1.cv1.conv.input_quantizer                                         TensorQuantizer(8 bit fake per-tensor amax=6.7530 calibrator=MaxCalibrator quant)
model.2.m.1.m.1.cv1.conv.output_quantizer                                        TensorQuantizer(disabled)
model.2.m.1.m.1.cv1.conv.weight_quantizer                                        TensorQuantizer(8 bit fake axis=0 amax=[0.0219, 0.1042](32) calibrator=MaxCalibrator quant)
model.2.m.1.m.1.cv1.bn.input_quantizer                                           TensorQuantizer(disabled)
model.2.m.1.m.1.cv1.bn.output_quantizer                                          TensorQuantizer(disabled)
model.2.m.1.m.1.cv2.conv.input_quantizer                                         TensorQuantizer(8 bit fake per-tensor amax=6.0939 calibrator=MaxCalibrator quant)
model.2.m.1.m.1.cv2.conv.output_quantizer                                        TensorQuantizer(disabled)
model.2.m.1.m.1.cv2.conv.weight_quantizer                                        TensorQuantizer(8 bit fake axis=0 amax=[0.0339, 0.0784](32) calibrator=MaxCalibrator quant)
model.2.m.1.m.1.cv2.bn.input_quantizer                                           TensorQuantizer(disabled)
model.2.m.1.m.1.cv2.bn.output_quantizer                                          TensorQuantizer(disabled)
model.3.conv.input_quantizer                                                     TensorQuantizer(8 bit fake per-tensor amax=10.7972 calibrator=MaxCalibrator quant)
model.3.conv.output_quantizer                                                    TensorQuantizer(disabled)
model.3.conv.weight_quantizer                                                    TensorQuantizer(8 bit fake axis=0 amax=[0.0145, 0.0678](256) calibrator=MaxCalibrator quant)
model.3.bn.input_quantizer                                                       TensorQuantizer(disabled)
model.3.bn.output_quantizer                                                      TensorQuantizer(disabled)
model.4.cv1.conv.input_quantizer                                                 TensorQuantizer(8 bit fake per-tensor amax=10.7307 calibrator=MaxCalibrator quant)
model.4.cv1.conv.output_quantizer                                                TensorQuantizer(disabled)
model.4.cv1.conv.weight_quantizer                                                TensorQuantizer(8 bit fake axis=0 amax=[0.0254, 0.1102](256) calibrator=MaxCalibrator quant)
model.4.cv1.bn.input_quantizer                                                   TensorQuantizer(disabled)
model.4.cv1.bn.output_quantizer                                                  TensorQuantizer(disabled)
model.4.cv2.conv.input_quantizer                                                 TensorQuantizer(8 bit fake per-tensor amax=17.4384 calibrator=MaxCalibrator quant)
model.4.cv2.conv.output_quantizer                                                TensorQuantizer(disabled)
model.4.cv2.conv.weight_quantizer                                                TensorQuantizer(8 bit fake axis=0 amax=[0.0173, 0.0906](512) calibrator=MaxCalibrator quant)
model.4.cv2.bn.input_quantizer                                                   TensorQuantizer(disabled)
model.4.cv2.bn.output_quantizer                                                  TensorQuantizer(disabled)
model.4.m.0.cv1.conv.input_quantizer                                             TensorQuantizer(8 bit fake per-tensor amax=13.3664 calibrator=MaxCalibrator quant)
model.4.m.0.cv1.conv.output_quantizer                                            TensorQuantizer(disabled)
model.4.m.0.cv1.conv.weight_quantizer                                            TensorQuantizer(8 bit fake axis=0 amax=[0.0243, 0.0638](64) calibrator=MaxCalibrator quant)
model.4.m.0.cv1.bn.input_quantizer                                               TensorQuantizer(disabled)
model.4.m.0.cv1.bn.output_quantizer                                              TensorQuantizer(disabled)
model.4.m.0.cv2.conv.input_quantizer                                             TensorQuantizer(8 bit fake per-tensor amax=13.3664 calibrator=MaxCalibrator quant)
model.4.m.0.cv2.conv.output_quantizer                                            TensorQuantizer(disabled)
model.4.m.0.cv2.conv.weight_quantizer                                            TensorQuantizer(8 bit fake axis=0 amax=[0.0176, 0.0635](64) calibrator=MaxCalibrator quant)
model.4.m.0.cv2.bn.input_quantizer                                               TensorQuantizer(disabled)
model.4.m.0.cv2.bn.output_quantizer                                              TensorQuantizer(disabled)
model.4.m.0.cv3.conv.input_quantizer                                             TensorQuantizer(8 bit fake per-tensor amax=17.2903 calibrator=MaxCalibrator quant)
model.4.m.0.cv3.conv.output_quantizer                                            TensorQuantizer(disabled)
model.4.m.0.cv3.conv.weight_quantizer                                            TensorQuantizer(8 bit fake axis=0 amax=[0.0249, 0.0738](128) calibrator=MaxCalibrator quant)
model.4.m.0.cv3.bn.input_quantizer                                               TensorQuantizer(disabled)
model.4.m.0.cv3.bn.output_quantizer                                              TensorQuantizer(disabled)
model.4.m.0.m.0.cv1.conv.input_quantizer                                         TensorQuantizer(8 bit fake per-tensor amax=8.5507 calibrator=MaxCalibrator quant)
model.4.m.0.m.0.cv1.conv.output_quantizer                                        TensorQuantizer(disabled)
model.4.m.0.m.0.cv1.conv.weight_quantizer                                        TensorQuantizer(8 bit fake axis=0 amax=[0.0206, 0.0575](64) calibrator=MaxCalibrator quant)
model.4.m.0.m.0.cv1.bn.input_quantizer                                           TensorQuantizer(disabled)
model.4.m.0.m.0.cv1.bn.output_quantizer                                          TensorQuantizer(disabled)
model.4.m.0.m.0.cv2.conv.input_quantizer                                         TensorQuantizer(8 bit fake per-tensor amax=10.5585 calibrator=MaxCalibrator quant)
model.4.m.0.m.0.cv2.conv.output_quantizer                                        TensorQuantizer(disabled)
model.4.m.0.m.0.cv2.conv.weight_quantizer                                        TensorQuantizer(8 bit fake axis=0 amax=[0.0184, 0.0771](64) calibrator=MaxCalibrator quant)
model.4.m.0.m.0.cv2.bn.input_quantizer                                           TensorQuantizer(disabled)
model.4.m.0.m.0.cv2.bn.output_quantizer                                          TensorQuantizer(disabled)
model.4.m.0.m.1.cv1.conv.input_quantizer                                         TensorQuantizer(8 bit fake per-tensor amax=14.6501 calibrator=MaxCalibrator quant)
model.4.m.0.m.1.cv1.conv.output_quantizer                                        TensorQuantizer(disabled)
model.4.m.0.m.1.cv1.conv.weight_quantizer                                        TensorQuantizer(8 bit fake axis=0 amax=[0.0219, 0.0528](64) calibrator=MaxCalibrator quant)
model.4.m.0.m.1.cv1.bn.input_quantizer                                           TensorQuantizer(disabled)
model.4.m.0.m.1.cv1.bn.output_quantizer                                          TensorQuantizer(disabled)
model.4.m.0.m.1.cv2.conv.input_quantizer                                         TensorQuantizer(8 bit fake per-tensor amax=10.7061 calibrator=MaxCalibrator quant)
model.4.m.0.m.1.cv2.conv.output_quantizer                                        TensorQuantizer(disabled)
model.4.m.0.m.1.cv2.conv.weight_quantizer                                        TensorQuantizer(8 bit fake axis=0 amax=[0.0193, 0.0469](64) calibrator=MaxCalibrator quant)
model.4.m.0.m.1.cv2.bn.input_quantizer                                           TensorQuantizer(disabled)
model.4.m.0.m.1.cv2.bn.output_quantizer                                          TensorQuantizer(disabled)
model.4.m.1.cv1.conv.input_quantizer                                             TensorQuantizer(8 bit fake per-tensor amax=14.5137 calibrator=MaxCalibrator quant)
model.4.m.1.cv1.conv.output_quantizer                                            TensorQuantizer(disabled)
model.4.m.1.cv1.conv.weight_quantizer                                            TensorQuantizer(8 bit fake axis=0 amax=[0.0212, 0.0574](64) calibrator=MaxCalibrator quant)
model.4.m.1.cv1.bn.input_quantizer                                               TensorQuantizer(disabled)
model.4.m.1.cv1.bn.output_quantizer                                              TensorQuantizer(disabled)
model.4.m.1.cv2.conv.input_quantizer                                             TensorQuantizer(8 bit fake per-tensor amax=14.5137 calibrator=MaxCalibrator quant)
model.4.m.1.cv2.conv.output_quantizer                                            TensorQuantizer(disabled)
model.4.m.1.cv2.conv.weight_quantizer                                            TensorQuantizer(8 bit fake axis=0 amax=[0.0125, 0.0458](64) calibrator=MaxCalibrator quant)
model.4.m.1.cv2.bn.input_quantizer                                               TensorQuantizer(disabled)
model.4.m.1.cv2.bn.output_quantizer                                              TensorQuantizer(disabled)
model.4.m.1.cv3.conv.input_quantizer                                             TensorQuantizer(8 bit fake per-tensor amax=16.7938 calibrator=MaxCalibrator quant)
model.4.m.1.cv3.conv.output_quantizer                                            TensorQuantizer(disabled)
model.4.m.1.cv3.conv.weight_quantizer                                            TensorQuantizer(8 bit fake axis=0 amax=[0.0195, 0.0732](128) calibrator=MaxCalibrator quant)
model.4.m.1.cv3.bn.input_quantizer                                               TensorQuantizer(disabled)
model.4.m.1.cv3.bn.output_quantizer                                              TensorQuantizer(disabled)
model.4.m.1.m.0.cv1.conv.input_quantizer                                         TensorQuantizer(8 bit fake per-tensor amax=8.1169 calibrator=MaxCalibrator quant)
model.4.m.1.m.0.cv1.conv.output_quantizer                                        TensorQuantizer(disabled)
model.4.m.1.m.0.cv1.conv.weight_quantizer                                        TensorQuantizer(8 bit fake axis=0 amax=[0.0182, 0.0469](64) calibrator=MaxCalibrator quant)
model.4.m.1.m.0.cv1.bn.input_quantizer                                           TensorQuantizer(disabled)
model.4.m.1.m.0.cv1.bn.output_quantizer                                          TensorQuantizer(disabled)
model.4.m.1.m.0.cv2.conv.input_quantizer                                         TensorQuantizer(8 bit fake per-tensor amax=18.3847 calibrator=MaxCalibrator quant)
model.4.m.1.m.0.cv2.conv.output_quantizer                                        TensorQuantizer(disabled)
model.4.m.1.m.0.cv2.conv.weight_quantizer                                        TensorQuantizer(8 bit fake axis=0 amax=[0.0191, 0.0460](64) calibrator=MaxCalibrator quant)
model.4.m.1.m.0.cv2.bn.input_quantizer                                           TensorQuantizer(disabled)
model.4.m.1.m.0.cv2.bn.output_quantizer                                          TensorQuantizer(disabled)
model.4.m.1.m.1.cv1.conv.input_quantizer                                         TensorQuantizer(8 bit fake per-tensor amax=9.3625 calibrator=MaxCalibrator quant)
model.4.m.1.m.1.cv1.conv.output_quantizer                                        TensorQuantizer(disabled)
model.4.m.1.m.1.cv1.conv.weight_quantizer                                        TensorQuantizer(8 bit fake axis=0 amax=[0.0154, 0.0542](64) calibrator=MaxCalibrator quant)
model.4.m.1.m.1.cv1.bn.input_quantizer                                           TensorQuantizer(disabled)
model.4.m.1.m.1.cv1.bn.output_quantizer                                          TensorQuantizer(disabled)
model.4.m.1.m.1.cv2.conv.input_quantizer                                         TensorQuantizer(8 bit fake per-tensor amax=13.1291 calibrator=MaxCalibrator quant)
model.4.m.1.m.1.cv2.conv.output_quantizer                                        TensorQuantizer(disabled)
model.4.m.1.m.1.cv2.conv.weight_quantizer                                        TensorQuantizer(8 bit fake axis=0 amax=[0.0163, 0.0507](64) calibrator=MaxCalibrator quant)
model.4.m.1.m.1.cv2.bn.input_quantizer                                           TensorQuantizer(disabled)
model.4.m.1.m.1.cv2.bn.output_quantizer                                          TensorQuantizer(disabled)
model.5.routing.router.0.input_quantizer                                         TensorQuantizer(disabled)
model.5.routing.router.0.output_quantizer                                        TensorQuantizer(disabled)
model.5.routing.router.0.weight_quantizer                                        TensorQuantizer(disabled)
model.5.routing.router.1.input_quantizer                                         TensorQuantizer(disabled)
model.5.routing.router.1.output_quantizer                                        TensorQuantizer(disabled)
model.5.routing.router.3.input_quantizer                                         TensorQuantizer(disabled)
model.5.routing.router.3.output_quantizer                                        TensorQuantizer(disabled)
model.5.routing.router.3.weight_quantizer                                        TensorQuantizer(disabled)
model.5.routing.router.4.input_quantizer                                         TensorQuantizer(disabled)
model.5.routing.router.4.output_quantizer                                        TensorQuantizer(disabled)
model.5.experts.0.conv.0.input_quantizer                                         TensorQuantizer(8 bit fake per-tensor amax=15.1785 calibrator=MaxCalibrator quant)
model.5.experts.0.conv.0.output_quantizer                                        TensorQuantizer(disabled)
model.5.experts.0.conv.0.weight_quantizer                                        TensorQuantizer(8 bit fake axis=0 amax=[0.0002, 0.0079](1024) calibrator=MaxCalibrator quant)
model.5.experts.0.conv.1.input_quantizer                                         TensorQuantizer(disabled)
model.5.experts.0.conv.1.output_quantizer                                        TensorQuantizer(disabled)
model.5.experts.0.conv.3.input_quantizer                                         TensorQuantizer(8 bit fake per-tensor amax=3.5082 calibrator=MaxCalibrator quant)
model.5.experts.0.conv.3.output_quantizer                                        TensorQuantizer(disabled)
model.5.experts.0.conv.3.weight_quantizer                                        TensorQuantizer(8 bit fake axis=0 amax=[0.0003, 0.0052](512) calibrator=MaxCalibrator quant)
model.5.experts.0.conv.4.input_quantizer                                         TensorQuantizer(disabled)
model.5.experts.0.conv.4.output_quantizer                                        TensorQuantizer(disabled)
model.5.experts.1.conv.0.input_quantizer                                         TensorQuantizer(8 bit fake per-tensor amax=15.1785 calibrator=MaxCalibrator quant)
model.5.experts.1.conv.0.output_quantizer                                        TensorQuantizer(disabled)
model.5.experts.1.conv.0.weight_quantizer                                        TensorQuantizer(8 bit fake axis=0 amax=[0.0044, 0.0419](1024) calibrator=MaxCalibrator quant)
model.5.experts.1.conv.1.input_quantizer                                         TensorQuantizer(disabled)
model.5.experts.1.conv.1.output_quantizer                                        TensorQuantizer(disabled)
model.5.experts.1.conv.3.input_quantizer                                         TensorQuantizer(8 bit fake per-tensor amax=9.7749 calibrator=MaxCalibrator quant)
model.5.experts.1.conv.3.output_quantizer                                        TensorQuantizer(disabled)
model.5.experts.1.conv.3.weight_quantizer                                        TensorQuantizer(8 bit fake axis=0 amax=[0.0041, 0.0272](512) calibrator=MaxCalibrator quant)
model.5.experts.1.conv.4.input_quantizer                                         TensorQuantizer(disabled)
model.5.experts.1.conv.4.output_quantizer                                        TensorQuantizer(disabled)
model.5.experts.2.conv.0.input_quantizer                                         TensorQuantizer(8 bit fake per-tensor amax=15.1785 calibrator=MaxCalibrator quant)
model.5.experts.2.conv.0.output_quantizer                                        TensorQuantizer(disabled)
model.5.experts.2.conv.0.weight_quantizer                                        TensorQuantizer(8 bit fake axis=0 amax=[0.0002, 0.0120](1024) calibrator=MaxCalibrator quant)
model.5.experts.2.conv.1.input_quantizer                                         TensorQuantizer(disabled)
model.5.experts.2.conv.1.output_quantizer                                        TensorQuantizer(disabled)
model.5.experts.2.conv.3.input_quantizer                                         TensorQuantizer(8 bit fake per-tensor amax=4.9892 calibrator=MaxCalibrator quant)
model.5.experts.2.conv.3.output_quantizer                                        TensorQuantizer(disabled)
model.5.experts.2.conv.3.weight_quantizer                                        TensorQuantizer(8 bit fake axis=0 amax=[0.0009, 0.0089](512) calibrator=MaxCalibrator quant)
model.5.experts.2.conv.4.input_quantizer                                         TensorQuantizer(disabled)
model.5.experts.2.conv.4.output_quantizer                                        TensorQuantizer(disabled)
model.5.experts.3.conv.0.input_quantizer                                         TensorQuantizer(8 bit fake per-tensor amax=15.1785 calibrator=MaxCalibrator quant)
model.5.experts.3.conv.0.output_quantizer                                        TensorQuantizer(disabled)
model.5.experts.3.conv.0.weight_quantizer                                        TensorQuantizer(8 bit fake axis=0 amax=[0.0066, 0.0365](1024) calibrator=MaxCalibrator quant)
model.5.experts.3.conv.1.input_quantizer                                         TensorQuantizer(disabled)
model.5.experts.3.conv.1.output_quantizer                                        TensorQuantizer(disabled)
model.5.experts.3.conv.3.input_quantizer                                         TensorQuantizer(8 bit fake per-tensor amax=11.8271 calibrator=MaxCalibrator quant)
model.5.experts.3.conv.3.output_quantizer                                        TensorQuantizer(disabled)
model.5.experts.3.conv.3.weight_quantizer                                        TensorQuantizer(8 bit fake axis=0 amax=[0.0048, 0.0349](512) calibrator=MaxCalibrator quant)
model.5.experts.3.conv.4.input_quantizer                                         TensorQuantizer(disabled)
model.5.experts.3.conv.4.output_quantizer                                        TensorQuantizer(disabled)
model.5.shared_expert.0.input_quantizer                                          TensorQuantizer(8 bit fake per-tensor amax=15.1785 calibrator=MaxCalibrator quant)
model.5.shared_expert.0.output_quantizer                                         TensorQuantizer(disabled)
model.5.shared_expert.0.weight_quantizer                                         TensorQuantizer(8 bit fake axis=0 amax=[0.0125, 0.1035](512) calibrator=MaxCalibrator quant)
model.5.shared_expert.1.input_quantizer                                          TensorQuantizer(disabled)
model.5.shared_expert.1.output_quantizer                                         TensorQuantizer(disabled)
model.6.conv.input_quantizer                                                     TensorQuantizer(8 bit fake per-tensor amax=21.0819 calibrator=MaxCalibrator quant)
model.6.conv.output_quantizer                                                    TensorQuantizer(disabled)
model.6.conv.weight_quantizer                                                    TensorQuantizer(8 bit fake axis=0 amax=[0.0059, 0.0859](512) calibrator=MaxCalibrator quant)
model.6.bn.input_quantizer                                                       TensorQuantizer(disabled)
model.6.bn.output_quantizer                                                      TensorQuantizer(disabled)
model.7.cv1.conv.input_quantizer                                                 TensorQuantizer(8 bit fake per-tensor amax=23.7754 calibrator=MaxCalibrator quant)
model.7.cv1.conv.output_quantizer                                                TensorQuantizer(disabled)
model.7.cv1.conv.weight_quantizer                                                TensorQuantizer(8 bit fake axis=0 amax=[0.0143, 0.1262](256) calibrator=MaxCalibrator quant)
model.7.cv1.bn.input_quantizer                                                   TensorQuantizer(disabled)
model.7.cv1.bn.output_quantizer                                                  TensorQuantizer(disabled)
model.7.cv2.conv.input_quantizer                                                 TensorQuantizer(8 bit fake per-tensor amax=29.9336 calibrator=MaxCalibrator quant)
model.7.cv2.conv.output_quantizer                                                TensorQuantizer(disabled)
model.7.cv2.conv.weight_quantizer                                                TensorQuantizer(8 bit fake axis=0 amax=[0.0078, 0.0632](512) calibrator=MaxCalibrator quant)
model.7.cv2.bn.input_quantizer                                                   TensorQuantizer(disabled)
model.7.cv2.bn.output_quantizer                                                  TensorQuantizer(disabled)
model.7.m.0.0.attn.qkv.conv.input_quantizer                                      TensorQuantizer(8 bit fake per-tensor amax=28.8301 calibrator=MaxCalibrator quant)
model.7.m.0.0.attn.qkv.conv.output_quantizer                                     TensorQuantizer(disabled)
model.7.m.0.0.attn.qkv.conv.weight_quantizer                                     TensorQuantizer(8 bit fake axis=0 amax=[0.0000, 0.1185](768) calibrator=MaxCalibrator quant)
model.7.m.0.0.attn.qkv.bn.input_quantizer                                        TensorQuantizer(disabled)
model.7.m.0.0.attn.qkv.bn.output_quantizer                                       TensorQuantizer(disabled)
model.7.m.0.0.attn.proj.conv.input_quantizer                                     TensorQuantizer(8 bit fake per-tensor amax=11.6520 calibrator=MaxCalibrator quant)
model.7.m.0.0.attn.proj.conv.output_quantizer                                    TensorQuantizer(disabled)
model.7.m.0.0.attn.proj.conv.weight_quantizer                                    TensorQuantizer(8 bit fake axis=0 amax=[0.0115, 0.1105](256) calibrator=MaxCalibrator quant)
model.7.m.0.0.attn.proj.bn.input_quantizer                                       TensorQuantizer(disabled)
model.7.m.0.0.attn.proj.bn.output_quantizer                                      TensorQuantizer(disabled)
model.7.m.0.0.attn.pe.conv.input_quantizer                                       TensorQuantizer(8 bit fake per-tensor amax=20.8047 calibrator=MaxCalibrator quant)
model.7.m.0.0.attn.pe.conv.output_quantizer                                      TensorQuantizer(disabled)
model.7.m.0.0.attn.pe.conv.weight_quantizer                                      TensorQuantizer(8 bit fake axis=0 amax=[0.0022, 0.0746](256) calibrator=MaxCalibrator quant)
model.7.m.0.0.attn.pe.bn.input_quantizer                                         TensorQuantizer(disabled)
model.7.m.0.0.attn.pe.bn.output_quantizer                                        TensorQuantizer(disabled)
model.7.m.0.0.mlp.0.conv.input_quantizer                                         TensorQuantizer(8 bit fake per-tensor amax=27.0676 calibrator=MaxCalibrator quant)
model.7.m.0.0.mlp.0.conv.output_quantizer                                        TensorQuantizer(disabled)
model.7.m.0.0.mlp.0.conv.weight_quantizer                                        TensorQuantizer(8 bit fake axis=0 amax=[0.0057, 0.0934](307) calibrator=MaxCalibrator quant)
model.7.m.0.0.mlp.0.bn.input_quantizer                                           TensorQuantizer(disabled)
model.7.m.0.0.mlp.0.bn.output_quantizer                                          TensorQuantizer(disabled)
model.7.m.0.0.mlp.1.conv.input_quantizer                                         TensorQuantizer(8 bit fake per-tensor amax=17.9875 calibrator=MaxCalibrator quant)
model.7.m.0.0.mlp.1.conv.output_quantizer                                        TensorQuantizer(disabled)
model.7.m.0.0.mlp.1.conv.weight_quantizer                                        TensorQuantizer(8 bit fake axis=0 amax=[0.0065, 0.0875](256) calibrator=MaxCalibrator quant)
model.7.m.0.0.mlp.1.bn.input_quantizer                                           TensorQuantizer(disabled)
model.7.m.0.0.mlp.1.bn.output_quantizer                                          TensorQuantizer(disabled)
model.7.m.0.1.attn.qkv.conv.input_quantizer                                      TensorQuantizer(8 bit fake per-tensor amax=30.9126 calibrator=MaxCalibrator quant)
model.7.m.0.1.attn.qkv.conv.output_quantizer                                     TensorQuantizer(disabled)
model.7.m.0.1.attn.qkv.conv.weight_quantizer                                     TensorQuantizer(8 bit fake axis=0 amax=[0.0035, 0.1077](768) calibrator=MaxCalibrator quant)
model.7.m.0.1.attn.qkv.bn.input_quantizer                                        TensorQuantizer(disabled)
model.7.m.0.1.attn.qkv.bn.output_quantizer                                       TensorQuantizer(disabled)
model.7.m.0.1.attn.proj.conv.input_quantizer                                     TensorQuantizer(8 bit fake per-tensor amax=11.1262 calibrator=MaxCalibrator quant)
model.7.m.0.1.attn.proj.conv.output_quantizer                                    TensorQuantizer(disabled)
model.7.m.0.1.attn.proj.conv.weight_quantizer                                    TensorQuantizer(8 bit fake axis=0 amax=[0.0082, 0.0552](256) calibrator=MaxCalibrator quant)
model.7.m.0.1.attn.proj.bn.input_quantizer                                       TensorQuantizer(disabled)
model.7.m.0.1.attn.proj.bn.output_quantizer                                      TensorQuantizer(disabled)
model.7.m.0.1.attn.pe.conv.input_quantizer                                       TensorQuantizer(8 bit fake per-tensor amax=13.4260 calibrator=MaxCalibrator quant)
model.7.m.0.1.attn.pe.conv.output_quantizer                                      TensorQuantizer(disabled)
model.7.m.0.1.attn.pe.conv.weight_quantizer                                      TensorQuantizer(8 bit fake axis=0 amax=[0.0076, 0.0793](256) calibrator=MaxCalibrator quant)
model.7.m.0.1.attn.pe.bn.input_quantizer                                         TensorQuantizer(disabled)
model.7.m.0.1.attn.pe.bn.output_quantizer                                        TensorQuantizer(disabled)
model.7.m.0.1.mlp.0.conv.input_quantizer                                         TensorQuantizer(8 bit fake per-tensor amax=30.1473 calibrator=MaxCalibrator quant)
model.7.m.0.1.mlp.0.conv.output_quantizer                                        TensorQuantizer(disabled)
model.7.m.0.1.mlp.0.conv.weight_quantizer                                        TensorQuantizer(8 bit fake axis=0 amax=[0.0056, 0.0523](307) calibrator=MaxCalibrator quant)
model.7.m.0.1.mlp.0.bn.input_quantizer                                           TensorQuantizer(disabled)
model.7.m.0.1.mlp.0.bn.output_quantizer                                          TensorQuantizer(disabled)
model.7.m.0.1.mlp.1.conv.input_quantizer                                         TensorQuantizer(8 bit fake per-tensor amax=13.3571 calibrator=MaxCalibrator quant)
model.7.m.0.1.mlp.1.conv.output_quantizer                                        TensorQuantizer(disabled)
model.7.m.0.1.mlp.1.conv.weight_quantizer                                        TensorQuantizer(8 bit fake axis=0 amax=[0.0069, 0.0634](256) calibrator=MaxCalibrator quant)
model.7.m.0.1.mlp.1.bn.input_quantizer                                           TensorQuantizer(disabled)
model.7.m.0.1.mlp.1.bn.output_quantizer                                          TensorQuantizer(disabled)
model.7.m.1.0.attn.qkv.conv.input_quantizer                                      TensorQuantizer(8 bit fake per-tensor amax=29.9336 calibrator=MaxCalibrator quant)
model.7.m.1.0.attn.qkv.conv.output_quantizer                                     TensorQuantizer(disabled)
model.7.m.1.0.attn.qkv.conv.weight_quantizer                                     TensorQuantizer(8 bit fake axis=0 amax=[0.0048, 0.0864](768) calibrator=MaxCalibrator quant)
model.7.m.1.0.attn.qkv.bn.input_quantizer                                        TensorQuantizer(disabled)
model.7.m.1.0.attn.qkv.bn.output_quantizer                                       TensorQuantizer(disabled)
model.7.m.1.0.attn.proj.conv.input_quantizer                                     TensorQuantizer(8 bit fake per-tensor amax=7.9684 calibrator=MaxCalibrator quant)
model.7.m.1.0.attn.proj.conv.output_quantizer                                    TensorQuantizer(disabled)
model.7.m.1.0.attn.proj.conv.weight_quantizer                                    TensorQuantizer(8 bit fake axis=0 amax=[0.0069, 0.1154](256) calibrator=MaxCalibrator quant)
model.7.m.1.0.attn.proj.bn.input_quantizer                                       TensorQuantizer(disabled)
model.7.m.1.0.attn.proj.bn.output_quantizer                                      TensorQuantizer(disabled)
model.7.m.1.0.attn.pe.conv.input_quantizer                                       TensorQuantizer(8 bit fake per-tensor amax=11.1459 calibrator=MaxCalibrator quant)
model.7.m.1.0.attn.pe.conv.output_quantizer                                      TensorQuantizer(disabled)
model.7.m.1.0.attn.pe.conv.weight_quantizer                                      TensorQuantizer(8 bit fake axis=0 amax=[0.0100, 0.0854](256) calibrator=MaxCalibrator quant)
model.7.m.1.0.attn.pe.bn.input_quantizer                                         TensorQuantizer(disabled)
model.7.m.1.0.attn.pe.bn.output_quantizer                                        TensorQuantizer(disabled)
model.7.m.1.0.mlp.0.conv.input_quantizer                                         TensorQuantizer(8 bit fake per-tensor amax=29.7283 calibrator=MaxCalibrator quant)
model.7.m.1.0.mlp.0.conv.output_quantizer                                        TensorQuantizer(disabled)
model.7.m.1.0.mlp.0.conv.weight_quantizer                                        TensorQuantizer(8 bit fake axis=0 amax=[0.0070, 0.0936](307) calibrator=MaxCalibrator quant)
model.7.m.1.0.mlp.0.bn.input_quantizer                                           TensorQuantizer(disabled)
model.7.m.1.0.mlp.0.bn.output_quantizer                                          TensorQuantizer(disabled)
model.7.m.1.0.mlp.1.conv.input_quantizer                                         TensorQuantizer(8 bit fake per-tensor amax=10.8602 calibrator=MaxCalibrator quant)
model.7.m.1.0.mlp.1.conv.output_quantizer                                        TensorQuantizer(disabled)
model.7.m.1.0.mlp.1.conv.weight_quantizer                                        TensorQuantizer(8 bit fake axis=0 amax=[0.0065, 0.0812](256) calibrator=MaxCalibrator quant)
model.7.m.1.0.mlp.1.bn.input_quantizer                                           TensorQuantizer(disabled)
model.7.m.1.0.mlp.1.bn.output_quantizer                                          TensorQuantizer(disabled)
model.7.m.1.1.attn.qkv.conv.input_quantizer                                      TensorQuantizer(8 bit fake per-tensor amax=28.9163 calibrator=MaxCalibrator quant)
model.7.m.1.1.attn.qkv.conv.output_quantizer                                     TensorQuantizer(disabled)
model.7.m.1.1.attn.qkv.conv.weight_quantizer                                     TensorQuantizer(8 bit fake axis=0 amax=[0.0101, 0.0770](768) calibrator=MaxCalibrator quant)
model.7.m.1.1.attn.qkv.bn.input_quantizer                                        TensorQuantizer(disabled)
model.7.m.1.1.attn.qkv.bn.output_quantizer                                       TensorQuantizer(disabled)
model.7.m.1.1.attn.proj.conv.input_quantizer                                     TensorQuantizer(8 bit fake per-tensor amax=8.4702 calibrator=MaxCalibrator quant)
model.7.m.1.1.attn.proj.conv.output_quantizer                                    TensorQuantizer(disabled)
model.7.m.1.1.attn.proj.conv.weight_quantizer                                    TensorQuantizer(8 bit fake axis=0 amax=[0.0134, 0.0717](256) calibrator=MaxCalibrator quant)
model.7.m.1.1.attn.proj.bn.input_quantizer                                       TensorQuantizer(disabled)
model.7.m.1.1.attn.proj.bn.output_quantizer                                      TensorQuantizer(disabled)
model.7.m.1.1.attn.pe.conv.input_quantizer                                       TensorQuantizer(8 bit fake per-tensor amax=10.3136 calibrator=MaxCalibrator quant)
model.7.m.1.1.attn.pe.conv.output_quantizer                                      TensorQuantizer(disabled)
model.7.m.1.1.attn.pe.conv.weight_quantizer                                      TensorQuantizer(8 bit fake axis=0 amax=[0.0042, 0.0884](256) calibrator=MaxCalibrator quant)
model.7.m.1.1.attn.pe.bn.input_quantizer                                         TensorQuantizer(disabled)
model.7.m.1.1.attn.pe.bn.output_quantizer                                        TensorQuantizer(disabled)
model.7.m.1.1.mlp.0.conv.input_quantizer                                         TensorQuantizer(8 bit fake per-tensor amax=29.5310 calibrator=MaxCalibrator quant)
model.7.m.1.1.mlp.0.conv.output_quantizer                                        TensorQuantizer(disabled)
model.7.m.1.1.mlp.0.conv.weight_quantizer                                        TensorQuantizer(8 bit fake axis=0 amax=[0.0113, 0.0528](307) calibrator=MaxCalibrator quant)
model.7.m.1.1.mlp.0.bn.input_quantizer                                           TensorQuantizer(disabled)
model.7.m.1.1.mlp.0.bn.output_quantizer                                          TensorQuantizer(disabled)
model.7.m.1.1.mlp.1.conv.input_quantizer                                         TensorQuantizer(8 bit fake per-tensor amax=11.4418 calibrator=MaxCalibrator quant)
model.7.m.1.1.mlp.1.conv.output_quantizer                                        TensorQuantizer(disabled)
model.7.m.1.1.mlp.1.conv.weight_quantizer                                        TensorQuantizer(8 bit fake axis=0 amax=[0.0068, 0.0512](256) calibrator=MaxCalibrator quant)
model.7.m.1.1.mlp.1.bn.input_quantizer                                           TensorQuantizer(disabled)
model.7.m.1.1.mlp.1.bn.output_quantizer                                          TensorQuantizer(disabled)
model.7.m.2.0.attn.qkv.conv.input_quantizer                                      TensorQuantizer(8 bit fake per-tensor amax=29.6633 calibrator=MaxCalibrator quant)
model.7.m.2.0.attn.qkv.conv.output_quantizer                                     TensorQuantizer(disabled)
model.7.m.2.0.attn.qkv.conv.weight_quantizer                                     TensorQuantizer(8 bit fake axis=0 amax=[0.0080, 0.1112](768) calibrator=MaxCalibrator quant)
model.7.m.2.0.attn.qkv.bn.input_quantizer                                        TensorQuantizer(disabled)
model.7.m.2.0.attn.qkv.bn.output_quantizer                                       TensorQuantizer(disabled)
model.7.m.2.0.attn.proj.conv.input_quantizer                                     TensorQuantizer(8 bit fake per-tensor amax=7.9024 calibrator=MaxCalibrator quant)
model.7.m.2.0.attn.proj.conv.output_quantizer                                    TensorQuantizer(disabled)
model.7.m.2.0.attn.proj.conv.weight_quantizer                                    TensorQuantizer(8 bit fake axis=0 amax=[0.0110, 0.0651](256) calibrator=MaxCalibrator quant)
model.7.m.2.0.attn.proj.bn.input_quantizer                                       TensorQuantizer(disabled)
model.7.m.2.0.attn.proj.bn.output_quantizer                                      TensorQuantizer(disabled)
model.7.m.2.0.attn.pe.conv.input_quantizer                                       TensorQuantizer(8 bit fake per-tensor amax=11.0234 calibrator=MaxCalibrator quant)
model.7.m.2.0.attn.pe.conv.output_quantizer                                      TensorQuantizer(disabled)
model.7.m.2.0.attn.pe.conv.weight_quantizer                                      TensorQuantizer(8 bit fake axis=0 amax=[0.0104, 0.0734](256) calibrator=MaxCalibrator quant)
model.7.m.2.0.attn.pe.bn.input_quantizer                                         TensorQuantizer(disabled)
model.7.m.2.0.attn.pe.bn.output_quantizer                                        TensorQuantizer(disabled)
model.7.m.2.0.mlp.0.conv.input_quantizer                                         TensorQuantizer(8 bit fake per-tensor amax=28.0791 calibrator=MaxCalibrator quant)
model.7.m.2.0.mlp.0.conv.output_quantizer                                        TensorQuantizer(disabled)
model.7.m.2.0.mlp.0.conv.weight_quantizer                                        TensorQuantizer(8 bit fake axis=0 amax=[0.0114, 0.0482](307) calibrator=MaxCalibrator quant)
model.7.m.2.0.mlp.0.bn.input_quantizer                                           TensorQuantizer(disabled)
model.7.m.2.0.mlp.0.bn.output_quantizer                                          TensorQuantizer(disabled)
model.7.m.2.0.mlp.1.conv.input_quantizer                                         TensorQuantizer(8 bit fake per-tensor amax=9.0971 calibrator=MaxCalibrator quant)
model.7.m.2.0.mlp.1.conv.output_quantizer                                        TensorQuantizer(disabled)
model.7.m.2.0.mlp.1.conv.weight_quantizer                                        TensorQuantizer(8 bit fake axis=0 amax=[0.0093, 0.0456](256) calibrator=MaxCalibrator quant)
model.7.m.2.0.mlp.1.bn.input_quantizer                                           TensorQuantizer(disabled)
model.7.m.2.0.mlp.1.bn.output_quantizer                                          TensorQuantizer(disabled)
model.7.m.2.1.attn.qkv.conv.input_quantizer                                      TensorQuantizer(8 bit fake per-tensor amax=27.4907 calibrator=MaxCalibrator quant)
model.7.m.2.1.attn.qkv.conv.output_quantizer                                     TensorQuantizer(disabled)
model.7.m.2.1.attn.qkv.conv.weight_quantizer                                     TensorQuantizer(8 bit fake axis=0 amax=[0.0079, 0.0425](768) calibrator=MaxCalibrator quant)
model.7.m.2.1.attn.qkv.bn.input_quantizer                                        TensorQuantizer(disabled)
model.7.m.2.1.attn.qkv.bn.output_quantizer                                       TensorQuantizer(disabled)
model.7.m.2.1.attn.proj.conv.input_quantizer                                     TensorQuantizer(8 bit fake per-tensor amax=7.9150 calibrator=MaxCalibrator quant)
model.7.m.2.1.attn.proj.conv.output_quantizer                                    TensorQuantizer(disabled)
model.7.m.2.1.attn.proj.conv.weight_quantizer                                    TensorQuantizer(8 bit fake axis=0 amax=[0.0079, 0.0359](256) calibrator=MaxCalibrator quant)
model.7.m.2.1.attn.proj.bn.input_quantizer                                       TensorQuantizer(disabled)
model.7.m.2.1.attn.proj.bn.output_quantizer                                      TensorQuantizer(disabled)
model.7.m.2.1.attn.pe.conv.input_quantizer                                       TensorQuantizer(8 bit fake per-tensor amax=11.7430 calibrator=MaxCalibrator quant)
model.7.m.2.1.attn.pe.conv.output_quantizer                                      TensorQuantizer(disabled)
model.7.m.2.1.attn.pe.conv.weight_quantizer                                      TensorQuantizer(8 bit fake axis=0 amax=[0.0066, 0.0767](256) calibrator=MaxCalibrator quant)
model.7.m.2.1.attn.pe.bn.input_quantizer                                         TensorQuantizer(disabled)
model.7.m.2.1.attn.pe.bn.output_quantizer                                        TensorQuantizer(disabled)
model.7.m.2.1.mlp.0.conv.input_quantizer                                         TensorQuantizer(8 bit fake per-tensor amax=27.7929 calibrator=MaxCalibrator quant)
model.7.m.2.1.mlp.0.conv.output_quantizer                                        TensorQuantizer(disabled)
model.7.m.2.1.mlp.0.conv.weight_quantizer                                        TensorQuantizer(8 bit fake axis=0 amax=[0.0103, 0.0427](307) calibrator=MaxCalibrator quant)
model.7.m.2.1.mlp.0.bn.input_quantizer                                           TensorQuantizer(disabled)
model.7.m.2.1.mlp.0.bn.output_quantizer                                          TensorQuantizer(disabled)
model.7.m.2.1.mlp.1.conv.input_quantizer                                         TensorQuantizer(8 bit fake per-tensor amax=11.2877 calibrator=MaxCalibrator quant)
model.7.m.2.1.mlp.1.conv.output_quantizer                                        TensorQuantizer(disabled)
model.7.m.2.1.mlp.1.conv.weight_quantizer                                        TensorQuantizer(8 bit fake axis=0 amax=[0.0085, 0.0388](256) calibrator=MaxCalibrator quant)
model.7.m.2.1.mlp.1.bn.input_quantizer                                           TensorQuantizer(disabled)
model.7.m.2.1.mlp.1.bn.output_quantizer                                          TensorQuantizer(disabled)
model.7.m.3.0.attn.qkv.conv.input_quantizer                                      TensorQuantizer(8 bit fake per-tensor amax=23.6870 calibrator=MaxCalibrator quant)
model.7.m.3.0.attn.qkv.conv.output_quantizer                                     TensorQuantizer(disabled)
model.7.m.3.0.attn.qkv.conv.weight_quantizer                                     TensorQuantizer(8 bit fake axis=0 amax=[0.0075, 0.0546](768) calibrator=MaxCalibrator quant)
model.7.m.3.0.attn.qkv.bn.input_quantizer                                        TensorQuantizer(disabled)
model.7.m.3.0.attn.qkv.bn.output_quantizer                                       TensorQuantizer(disabled)
model.7.m.3.0.attn.proj.conv.input_quantizer                                     TensorQuantizer(8 bit fake per-tensor amax=10.1012 calibrator=MaxCalibrator quant)
model.7.m.3.0.attn.proj.conv.output_quantizer                                    TensorQuantizer(disabled)
model.7.m.3.0.attn.proj.conv.weight_quantizer                                    TensorQuantizer(8 bit fake axis=0 amax=[0.0116, 0.0443](256) calibrator=MaxCalibrator quant)
model.7.m.3.0.attn.proj.bn.input_quantizer                                       TensorQuantizer(disabled)
model.7.m.3.0.attn.proj.bn.output_quantizer                                      TensorQuantizer(disabled)
model.7.m.3.0.attn.pe.conv.input_quantizer                                       TensorQuantizer(8 bit fake per-tensor amax=14.3402 calibrator=MaxCalibrator quant)
model.7.m.3.0.attn.pe.conv.output_quantizer                                      TensorQuantizer(disabled)
model.7.m.3.0.attn.pe.conv.weight_quantizer                                      TensorQuantizer(8 bit fake axis=0 amax=[0.0085, 0.0661](256) calibrator=MaxCalibrator quant)
model.7.m.3.0.attn.pe.bn.input_quantizer                                         TensorQuantizer(disabled)
model.7.m.3.0.attn.pe.bn.output_quantizer                                        TensorQuantizer(disabled)
model.7.m.3.0.mlp.0.conv.input_quantizer                                         TensorQuantizer(8 bit fake per-tensor amax=25.3917 calibrator=MaxCalibrator quant)
model.7.m.3.0.mlp.0.conv.output_quantizer                                        TensorQuantizer(disabled)
model.7.m.3.0.mlp.0.conv.weight_quantizer                                        TensorQuantizer(8 bit fake axis=0 amax=[0.0097, 0.0435](307) calibrator=MaxCalibrator quant)
model.7.m.3.0.mlp.0.bn.input_quantizer                                           TensorQuantizer(disabled)
model.7.m.3.0.mlp.0.bn.output_quantizer                                          TensorQuantizer(disabled)
model.7.m.3.0.mlp.1.conv.input_quantizer                                         TensorQuantizer(8 bit fake per-tensor amax=9.2948 calibrator=MaxCalibrator quant)
model.7.m.3.0.mlp.1.conv.output_quantizer                                        TensorQuantizer(disabled)
model.7.m.3.0.mlp.1.conv.weight_quantizer                                        TensorQuantizer(8 bit fake axis=0 amax=[0.0076, 0.0412](256) calibrator=MaxCalibrator quant)
model.7.m.3.0.mlp.1.bn.input_quantizer                                           TensorQuantizer(disabled)
model.7.m.3.0.mlp.1.bn.output_quantizer                                          TensorQuantizer(disabled)
model.7.m.3.1.attn.qkv.conv.input_quantizer                                      TensorQuantizer(8 bit fake per-tensor amax=25.3807 calibrator=MaxCalibrator quant)
model.7.m.3.1.attn.qkv.conv.output_quantizer                                     TensorQuantizer(disabled)
model.7.m.3.1.attn.qkv.conv.weight_quantizer                                     TensorQuantizer(8 bit fake axis=0 amax=[0.0086, 0.1231](768) calibrator=MaxCalibrator quant)
model.7.m.3.1.attn.qkv.bn.input_quantizer                                        TensorQuantizer(disabled)
model.7.m.3.1.attn.qkv.bn.output_quantizer                                       TensorQuantizer(disabled)
model.7.m.3.1.attn.proj.conv.input_quantizer                                     TensorQuantizer(8 bit fake per-tensor amax=10.8007 calibrator=MaxCalibrator quant)
model.7.m.3.1.attn.proj.conv.output_quantizer                                    TensorQuantizer(disabled)
model.7.m.3.1.attn.proj.conv.weight_quantizer                                    TensorQuantizer(8 bit fake axis=0 amax=[0.0116, 0.0587](256) calibrator=MaxCalibrator quant)
model.7.m.3.1.attn.proj.bn.input_quantizer                                       TensorQuantizer(disabled)
model.7.m.3.1.attn.proj.bn.output_quantizer                                      TensorQuantizer(disabled)
model.7.m.3.1.attn.pe.conv.input_quantizer                                       TensorQuantizer(8 bit fake per-tensor amax=17.6517 calibrator=MaxCalibrator quant)
model.7.m.3.1.attn.pe.conv.output_quantizer                                      TensorQuantizer(disabled)
model.7.m.3.1.attn.pe.conv.weight_quantizer                                      TensorQuantizer(8 bit fake axis=0 amax=[0.0082, 0.0687](256) calibrator=MaxCalibrator quant)
model.7.m.3.1.attn.pe.bn.input_quantizer                                         TensorQuantizer(disabled)
model.7.m.3.1.attn.pe.bn.output_quantizer                                        TensorQuantizer(disabled)
model.7.m.3.1.mlp.0.conv.input_quantizer                                         TensorQuantizer(8 bit fake per-tensor amax=29.4002 calibrator=MaxCalibrator quant)
model.7.m.3.1.mlp.0.conv.output_quantizer                                        TensorQuantizer(disabled)
model.7.m.3.1.mlp.0.conv.weight_quantizer                                        TensorQuantizer(8 bit fake axis=0 amax=[0.0093, 0.0360](307) calibrator=MaxCalibrator quant)
model.7.m.3.1.mlp.0.bn.input_quantizer                                           TensorQuantizer(disabled)
model.7.m.3.1.mlp.0.bn.output_quantizer                                          TensorQuantizer(disabled)
model.7.m.3.1.mlp.1.conv.input_quantizer                                         TensorQuantizer(8 bit fake per-tensor amax=12.2159 calibrator=MaxCalibrator quant)
model.7.m.3.1.mlp.1.conv.output_quantizer                                        TensorQuantizer(disabled)
model.7.m.3.1.mlp.1.conv.weight_quantizer                                        TensorQuantizer(8 bit fake axis=0 amax=[0.0077, 0.0207](256) calibrator=MaxCalibrator quant)
model.7.m.3.1.mlp.1.bn.input_quantizer                                           TensorQuantizer(disabled)
model.7.m.3.1.mlp.1.bn.output_quantizer                                          TensorQuantizer(disabled)
model.8.routing.router.0.input_quantizer                                         TensorQuantizer(disabled)
model.8.routing.router.0.output_quantizer                                        TensorQuantizer(disabled)
model.8.routing.router.0.weight_quantizer                                        TensorQuantizer(disabled)
model.8.routing.router.1.input_quantizer                                         TensorQuantizer(disabled)
model.8.routing.router.1.output_quantizer                                        TensorQuantizer(disabled)
model.8.routing.router.3.input_quantizer                                         TensorQuantizer(disabled)
model.8.routing.router.3.output_quantizer                                        TensorQuantizer(disabled)
model.8.routing.router.3.weight_quantizer                                        TensorQuantizer(disabled)
model.8.routing.router.4.input_quantizer                                         TensorQuantizer(disabled)
model.8.routing.router.4.output_quantizer                                        TensorQuantizer(disabled)
model.8.experts.0.conv.0.input_quantizer                                         TensorQuantizer(8 bit fake per-tensor amax=23.7673 calibrator=MaxCalibrator quant)
model.8.experts.0.conv.0.output_quantizer                                        TensorQuantizer(disabled)
model.8.experts.0.conv.0.weight_quantizer                                        TensorQuantizer(8 bit fake axis=0 amax=[0.0000, 0.0361](1024) calibrator=MaxCalibrator quant)
model.8.experts.0.conv.1.input_quantizer                                         TensorQuantizer(disabled)
model.8.experts.0.conv.1.output_quantizer                                        TensorQuantizer(disabled)
model.8.experts.0.conv.3.input_quantizer                                         TensorQuantizer(8 bit fake per-tensor amax=4.2560 calibrator=MaxCalibrator quant)
model.8.experts.0.conv.3.output_quantizer                                        TensorQuantizer(disabled)
model.8.experts.0.conv.3.weight_quantizer                                        TensorQuantizer(8 bit fake axis=0 amax=[0.0024, 0.0279](512) calibrator=MaxCalibrator quant)
model.8.experts.0.conv.4.input_quantizer                                         TensorQuantizer(disabled)
model.8.experts.0.conv.4.output_quantizer                                        TensorQuantizer(disabled)
model.8.experts.1.conv.0.input_quantizer                                         TensorQuantizer(8 bit fake per-tensor amax=23.7673 calibrator=MaxCalibrator quant)
model.8.experts.1.conv.0.output_quantizer                                        TensorQuantizer(disabled)
model.8.experts.1.conv.0.weight_quantizer                                        TensorQuantizer(8 bit fake axis=0 amax=[0.0001, 0.0200](1024) calibrator=MaxCalibrator quant)
model.8.experts.1.conv.1.input_quantizer                                         TensorQuantizer(disabled)
model.8.experts.1.conv.1.output_quantizer                                        TensorQuantizer(disabled)
model.8.experts.1.conv.3.input_quantizer                                         TensorQuantizer(8 bit fake per-tensor amax=7.1400 calibrator=MaxCalibrator quant)
model.8.experts.1.conv.3.output_quantizer                                        TensorQuantizer(disabled)
model.8.experts.1.conv.3.weight_quantizer                                        TensorQuantizer(8 bit fake axis=0 amax=[0.0015, 0.0246](512) calibrator=MaxCalibrator quant)
model.8.experts.1.conv.4.input_quantizer                                         TensorQuantizer(disabled)
model.8.experts.1.conv.4.output_quantizer                                        TensorQuantizer(disabled)
model.8.experts.2.conv.0.input_quantizer                                         TensorQuantizer(8 bit fake per-tensor amax=23.7673 calibrator=MaxCalibrator quant)
model.8.experts.2.conv.0.output_quantizer                                        TensorQuantizer(disabled)
model.8.experts.2.conv.0.weight_quantizer                                        TensorQuantizer(8 bit fake axis=0 amax=[0.0000, 0.0316](1024) calibrator=MaxCalibrator quant)
model.8.experts.2.conv.1.input_quantizer                                         TensorQuantizer(disabled)
model.8.experts.2.conv.1.output_quantizer                                        TensorQuantizer(disabled)
model.8.experts.2.conv.3.input_quantizer                                         TensorQuantizer(8 bit fake per-tensor amax=8.1493 calibrator=MaxCalibrator quant)
model.8.experts.2.conv.3.output_quantizer                                        TensorQuantizer(disabled)
model.8.experts.2.conv.3.weight_quantizer                                        TensorQuantizer(8 bit fake axis=0 amax=[0.0026, 0.0307](512) calibrator=MaxCalibrator quant)
model.8.experts.2.conv.4.input_quantizer                                         TensorQuantizer(disabled)
model.8.experts.2.conv.4.output_quantizer                                        TensorQuantizer(disabled)
model.8.experts.3.conv.0.input_quantizer                                         TensorQuantizer(8 bit fake per-tensor amax=23.7673 calibrator=MaxCalibrator quant)
model.8.experts.3.conv.0.output_quantizer                                        TensorQuantizer(disabled)
model.8.experts.3.conv.0.weight_quantizer                                        TensorQuantizer(8 bit fake axis=0 amax=[0.0000, 0.0362](1024) calibrator=MaxCalibrator quant)
model.8.experts.3.conv.1.input_quantizer                                         TensorQuantizer(disabled)
model.8.experts.3.conv.1.output_quantizer                                        TensorQuantizer(disabled)
model.8.experts.3.conv.3.input_quantizer                                         TensorQuantizer(8 bit fake per-tensor amax=5.3201 calibrator=MaxCalibrator quant)
model.8.experts.3.conv.3.output_quantizer                                        TensorQuantizer(disabled)
model.8.experts.3.conv.3.weight_quantizer                                        TensorQuantizer(8 bit fake axis=0 amax=[0.0033, 0.0292](512) calibrator=MaxCalibrator quant)
model.8.experts.3.conv.4.input_quantizer                                         TensorQuantizer(disabled)
model.8.experts.3.conv.4.output_quantizer                                        TensorQuantizer(disabled)
model.8.experts.4.conv.0.input_quantizer                                         TensorQuantizer(8 bit fake per-tensor amax=23.7673 calibrator=MaxCalibrator quant)
model.8.experts.4.conv.0.output_quantizer                                        TensorQuantizer(disabled)
model.8.experts.4.conv.0.weight_quantizer                                        TensorQuantizer(8 bit fake axis=0 amax=[0.0002, 0.0005](1024) calibrator=MaxCalibrator quant)
model.8.experts.4.conv.1.input_quantizer                                         TensorQuantizer(disabled)
model.8.experts.4.conv.1.output_quantizer                                        TensorQuantizer(disabled)
model.8.experts.4.conv.3.input_quantizer                                         TensorQuantizer(8 bit fake per-tensor amax=0.1271 calibrator=MaxCalibrator quant)
model.8.experts.4.conv.3.output_quantizer                                        TensorQuantizer(disabled)
model.8.experts.4.conv.3.weight_quantizer                                        TensorQuantizer(8 bit fake axis=0 amax=[0.0004, 0.0006](512) calibrator=MaxCalibrator quant)
model.8.experts.4.conv.4.input_quantizer                                         TensorQuantizer(disabled)
model.8.experts.4.conv.4.output_quantizer                                        TensorQuantizer(disabled)
model.8.experts.5.conv.0.input_quantizer                                         TensorQuantizer(8 bit fake per-tensor amax=23.7673 calibrator=MaxCalibrator quant)
model.8.experts.5.conv.0.output_quantizer                                        TensorQuantizer(disabled)
model.8.experts.5.conv.0.weight_quantizer                                        TensorQuantizer(8 bit fake axis=0 amax=[0.0001, 0.0243](1024) calibrator=MaxCalibrator quant)
model.8.experts.5.conv.1.input_quantizer                                         TensorQuantizer(disabled)
model.8.experts.5.conv.1.output_quantizer                                        TensorQuantizer(disabled)
model.8.experts.5.conv.3.input_quantizer                                         TensorQuantizer(8 bit fake per-tensor amax=5.0277 calibrator=MaxCalibrator quant)
model.8.experts.5.conv.3.output_quantizer                                        TensorQuantizer(disabled)
model.8.experts.5.conv.3.weight_quantizer                                        TensorQuantizer(8 bit fake axis=0 amax=[0.0012, 0.0256](512) calibrator=MaxCalibrator quant)
model.8.experts.5.conv.4.input_quantizer                                         TensorQuantizer(disabled)
model.8.experts.5.conv.4.output_quantizer                                        TensorQuantizer(disabled)
model.8.experts.6.conv.0.input_quantizer                                         TensorQuantizer(8 bit fake per-tensor amax=23.7673 calibrator=MaxCalibrator quant)
model.8.experts.6.conv.0.output_quantizer                                        TensorQuantizer(disabled)
model.8.experts.6.conv.0.weight_quantizer                                        TensorQuantizer(8 bit fake axis=0 amax=[0.0000, 0.0521](1024) calibrator=MaxCalibrator quant)
model.8.experts.6.conv.1.input_quantizer                                         TensorQuantizer(disabled)
model.8.experts.6.conv.1.output_quantizer                                        TensorQuantizer(disabled)
model.8.experts.6.conv.3.input_quantizer                                         TensorQuantizer(8 bit fake per-tensor amax=4.0135 calibrator=MaxCalibrator quant)
model.8.experts.6.conv.3.output_quantizer                                        TensorQuantizer(disabled)
model.8.experts.6.conv.3.weight_quantizer                                        TensorQuantizer(8 bit fake axis=0 amax=[0.0028, 0.0383](512) calibrator=MaxCalibrator quant)
model.8.experts.6.conv.4.input_quantizer                                         TensorQuantizer(disabled)
model.8.experts.6.conv.4.output_quantizer                                        TensorQuantizer(disabled)
model.8.experts.7.conv.0.input_quantizer                                         TensorQuantizer(8 bit fake per-tensor amax=23.7673 calibrator=MaxCalibrator quant)
model.8.experts.7.conv.0.output_quantizer                                        TensorQuantizer(disabled)
model.8.experts.7.conv.0.weight_quantizer                                        TensorQuantizer(8 bit fake axis=0 amax=[0.0000, 0.0078](1024) calibrator=MaxCalibrator quant)
model.8.experts.7.conv.1.input_quantizer                                         TensorQuantizer(disabled)
model.8.experts.7.conv.1.output_quantizer                                        TensorQuantizer(disabled)
model.8.experts.7.conv.3.input_quantizer                                         TensorQuantizer(8 bit fake per-tensor amax=3.6610 calibrator=MaxCalibrator quant)
model.8.experts.7.conv.3.output_quantizer                                        TensorQuantizer(disabled)
model.8.experts.7.conv.3.weight_quantizer                                        TensorQuantizer(8 bit fake axis=0 amax=[0.0001, 0.0059](512) calibrator=MaxCalibrator quant)
model.8.experts.7.conv.4.input_quantizer                                         TensorQuantizer(disabled)
model.8.experts.7.conv.4.output_quantizer                                        TensorQuantizer(disabled)
model.8.shared_expert.0.input_quantizer                                          TensorQuantizer(8 bit fake per-tensor amax=23.7673 calibrator=MaxCalibrator quant)
model.8.shared_expert.0.output_quantizer                                         TensorQuantizer(disabled)
model.8.shared_expert.0.weight_quantizer                                         TensorQuantizer(8 bit fake axis=0 amax=[0.0163, 0.1351](512) calibrator=MaxCalibrator quant)
model.8.shared_expert.1.input_quantizer                                          TensorQuantizer(disabled)
model.8.shared_expert.1.output_quantizer                                         TensorQuantizer(disabled)
model.9.conv.input_quantizer                                                     TensorQuantizer(8 bit fake per-tensor amax=11.1752 calibrator=MaxCalibrator quant)
model.9.conv.output_quantizer                                                    TensorQuantizer(disabled)
model.9.conv.weight_quantizer                                                    TensorQuantizer(8 bit fake axis=0 amax=[0.0060, 0.0740](512) calibrator=MaxCalibrator quant)
model.9.bn.input_quantizer                                                       TensorQuantizer(disabled)
model.9.bn.output_quantizer                                                      TensorQuantizer(disabled)
model.10.cv1.conv.input_quantizer                                                TensorQuantizer(8 bit fake per-tensor amax=10.3042 calibrator=MaxCalibrator quant)
model.10.cv1.conv.output_quantizer                                               TensorQuantizer(disabled)
model.10.cv1.conv.weight_quantizer                                               TensorQuantizer(8 bit fake axis=0 amax=[0.0108, 0.1071](256) calibrator=MaxCalibrator quant)
model.10.cv1.bn.input_quantizer                                                  TensorQuantizer(disabled)
model.10.cv1.bn.output_quantizer                                                 TensorQuantizer(disabled)
model.10.cv2.conv.input_quantizer                                                TensorQuantizer(8 bit fake per-tensor amax=18.9812 calibrator=MaxCalibrator quant)
model.10.cv2.conv.output_quantizer                                               TensorQuantizer(disabled)
model.10.cv2.conv.weight_quantizer                                               TensorQuantizer(8 bit fake axis=0 amax=[0.0024, 0.0382](512) calibrator=MaxCalibrator quant)
model.10.cv2.bn.input_quantizer                                                  TensorQuantizer(disabled)
model.10.cv2.bn.output_quantizer                                                 TensorQuantizer(disabled)
model.10.m.0.0.attn.qkv.conv.input_quantizer                                     TensorQuantizer(8 bit fake per-tensor amax=17.9963 calibrator=MaxCalibrator quant)
model.10.m.0.0.attn.qkv.conv.output_quantizer                                    TensorQuantizer(disabled)
model.10.m.0.0.attn.qkv.conv.weight_quantizer                                    TensorQuantizer(8 bit fake axis=0 amax=[0.0047, 0.0479](768) calibrator=MaxCalibrator quant)
model.10.m.0.0.attn.qkv.bn.input_quantizer                                       TensorQuantizer(disabled)
model.10.m.0.0.attn.qkv.bn.output_quantizer                                      TensorQuantizer(disabled)
model.10.m.0.0.attn.proj.conv.input_quantizer                                    TensorQuantizer(8 bit fake per-tensor amax=12.1999 calibrator=MaxCalibrator quant)
model.10.m.0.0.attn.proj.conv.output_quantizer                                   TensorQuantizer(disabled)
model.10.m.0.0.attn.proj.conv.weight_quantizer                                   TensorQuantizer(8 bit fake axis=0 amax=[0.0061, 0.0533](256) calibrator=MaxCalibrator quant)
model.10.m.0.0.attn.proj.bn.input_quantizer                                      TensorQuantizer(disabled)
model.10.m.0.0.attn.proj.bn.output_quantizer                                     TensorQuantizer(disabled)
model.10.m.0.0.attn.pe.conv.input_quantizer                                      TensorQuantizer(8 bit fake per-tensor amax=16.2371 calibrator=MaxCalibrator quant)
model.10.m.0.0.attn.pe.conv.output_quantizer                                     TensorQuantizer(disabled)
model.10.m.0.0.attn.pe.conv.weight_quantizer                                     TensorQuantizer(8 bit fake axis=0 amax=[0.0038, 0.0505](256) calibrator=MaxCalibrator quant)
model.10.m.0.0.attn.pe.bn.input_quantizer                                        TensorQuantizer(disabled)
model.10.m.0.0.attn.pe.bn.output_quantizer                                       TensorQuantizer(disabled)
model.10.m.0.0.mlp.0.conv.input_quantizer                                        TensorQuantizer(8 bit fake per-tensor amax=18.6033 calibrator=MaxCalibrator quant)
model.10.m.0.0.mlp.0.conv.output_quantizer                                       TensorQuantizer(disabled)
model.10.m.0.0.mlp.0.conv.weight_quantizer                                       TensorQuantizer(8 bit fake axis=0 amax=[0.0009, 0.0302](307) calibrator=MaxCalibrator quant)
model.10.m.0.0.mlp.0.bn.input_quantizer                                          TensorQuantizer(disabled)
model.10.m.0.0.mlp.0.bn.output_quantizer                                         TensorQuantizer(disabled)
model.10.m.0.0.mlp.1.conv.input_quantizer                                        TensorQuantizer(8 bit fake per-tensor amax=9.8686 calibrator=MaxCalibrator quant)
model.10.m.0.0.mlp.1.conv.output_quantizer                                       TensorQuantizer(disabled)
model.10.m.0.0.mlp.1.conv.weight_quantizer                                       TensorQuantizer(8 bit fake axis=0 amax=[0.0037, 0.0194](256) calibrator=MaxCalibrator quant)
model.10.m.0.0.mlp.1.bn.input_quantizer                                          TensorQuantizer(disabled)
model.10.m.0.0.mlp.1.bn.output_quantizer                                         TensorQuantizer(disabled)
model.10.m.0.1.attn.qkv.conv.input_quantizer                                     TensorQuantizer(8 bit fake per-tensor amax=20.3986 calibrator=MaxCalibrator quant)
model.10.m.0.1.attn.qkv.conv.output_quantizer                                    TensorQuantizer(disabled)
model.10.m.0.1.attn.qkv.conv.weight_quantizer                                    TensorQuantizer(8 bit fake axis=0 amax=[0.0017, 0.0316](768) calibrator=MaxCalibrator quant)
model.10.m.0.1.attn.qkv.bn.input_quantizer                                       TensorQuantizer(disabled)
model.10.m.0.1.attn.qkv.bn.output_quantizer                                      TensorQuantizer(disabled)
model.10.m.0.1.attn.proj.conv.input_quantizer                                    TensorQuantizer(8 bit fake per-tensor amax=6.5619 calibrator=MaxCalibrator quant)
model.10.m.0.1.attn.proj.conv.output_quantizer                                   TensorQuantizer(disabled)
model.10.m.0.1.attn.proj.conv.weight_quantizer                                   TensorQuantizer(8 bit fake axis=0 amax=[0.0037, 0.0609](256) calibrator=MaxCalibrator quant)
model.10.m.0.1.attn.proj.bn.input_quantizer                                      TensorQuantizer(disabled)
model.10.m.0.1.attn.proj.bn.output_quantizer                                     TensorQuantizer(disabled)
model.10.m.0.1.attn.pe.conv.input_quantizer                                      TensorQuantizer(8 bit fake per-tensor amax=9.7260 calibrator=MaxCalibrator quant)
model.10.m.0.1.attn.pe.conv.output_quantizer                                     TensorQuantizer(disabled)
model.10.m.0.1.attn.pe.conv.weight_quantizer                                     TensorQuantizer(8 bit fake axis=0 amax=[0.0014, 0.0565](256) calibrator=MaxCalibrator quant)
model.10.m.0.1.attn.pe.bn.input_quantizer                                        TensorQuantizer(disabled)
model.10.m.0.1.attn.pe.bn.output_quantizer                                       TensorQuantizer(disabled)
model.10.m.0.1.mlp.0.conv.input_quantizer                                        TensorQuantizer(8 bit fake per-tensor amax=18.3146 calibrator=MaxCalibrator quant)
model.10.m.0.1.mlp.0.conv.output_quantizer                                       TensorQuantizer(disabled)
model.10.m.0.1.mlp.0.conv.weight_quantizer                                       TensorQuantizer(8 bit fake axis=0 amax=[0.0006, 0.0256](307) calibrator=MaxCalibrator quant)
model.10.m.0.1.mlp.0.bn.input_quantizer                                          TensorQuantizer(disabled)
model.10.m.0.1.mlp.0.bn.output_quantizer                                         TensorQuantizer(disabled)
model.10.m.0.1.mlp.1.conv.input_quantizer                                        TensorQuantizer(8 bit fake per-tensor amax=6.2655 calibrator=MaxCalibrator quant)
model.10.m.0.1.mlp.1.conv.output_quantizer                                       TensorQuantizer(disabled)
model.10.m.0.1.mlp.1.conv.weight_quantizer                                       TensorQuantizer(8 bit fake axis=0 amax=[0.0035, 0.0268](256) calibrator=MaxCalibrator quant)
model.10.m.0.1.mlp.1.bn.input_quantizer                                          TensorQuantizer(disabled)
model.10.m.0.1.mlp.1.bn.output_quantizer                                         TensorQuantizer(disabled)
model.10.m.1.0.attn.qkv.conv.input_quantizer                                     TensorQuantizer(8 bit fake per-tensor amax=18.5397 calibrator=MaxCalibrator quant)
model.10.m.1.0.attn.qkv.conv.output_quantizer                                    TensorQuantizer(disabled)
model.10.m.1.0.attn.qkv.conv.weight_quantizer                                    TensorQuantizer(8 bit fake axis=0 amax=[0.0015, 0.0310](768) calibrator=MaxCalibrator quant)
model.10.m.1.0.attn.qkv.bn.input_quantizer                                       TensorQuantizer(disabled)
model.10.m.1.0.attn.qkv.bn.output_quantizer                                      TensorQuantizer(disabled)
model.10.m.1.0.attn.proj.conv.input_quantizer                                    TensorQuantizer(8 bit fake per-tensor amax=6.6645 calibrator=MaxCalibrator quant)
model.10.m.1.0.attn.proj.conv.output_quantizer                                   TensorQuantizer(disabled)
model.10.m.1.0.attn.proj.conv.weight_quantizer                                   TensorQuantizer(8 bit fake axis=0 amax=[0.0031, 0.0236](256) calibrator=MaxCalibrator quant)
model.10.m.1.0.attn.proj.bn.input_quantizer                                      TensorQuantizer(disabled)
model.10.m.1.0.attn.proj.bn.output_quantizer                                     TensorQuantizer(disabled)
model.10.m.1.0.attn.pe.conv.input_quantizer                                      TensorQuantizer(8 bit fake per-tensor amax=7.3895 calibrator=MaxCalibrator quant)
model.10.m.1.0.attn.pe.conv.output_quantizer                                     TensorQuantizer(disabled)
model.10.m.1.0.attn.pe.conv.weight_quantizer                                     TensorQuantizer(8 bit fake axis=0 amax=[0.0010, 0.0404](256) calibrator=MaxCalibrator quant)
model.10.m.1.0.attn.pe.bn.input_quantizer                                        TensorQuantizer(disabled)
model.10.m.1.0.attn.pe.bn.output_quantizer                                       TensorQuantizer(disabled)
model.10.m.1.0.mlp.0.conv.input_quantizer                                        TensorQuantizer(8 bit fake per-tensor amax=18.2711 calibrator=MaxCalibrator quant)
model.10.m.1.0.mlp.0.conv.output_quantizer                                       TensorQuantizer(disabled)
model.10.m.1.0.mlp.0.conv.weight_quantizer                                       TensorQuantizer(8 bit fake axis=0 amax=[0.0012, 0.0293](307) calibrator=MaxCalibrator quant)
model.10.m.1.0.mlp.0.bn.input_quantizer                                          TensorQuantizer(disabled)
model.10.m.1.0.mlp.0.bn.output_quantizer                                         TensorQuantizer(disabled)
model.10.m.1.0.mlp.1.conv.input_quantizer                                        TensorQuantizer(8 bit fake per-tensor amax=5.5859 calibrator=MaxCalibrator quant)
model.10.m.1.0.mlp.1.conv.output_quantizer                                       TensorQuantizer(disabled)
model.10.m.1.0.mlp.1.conv.weight_quantizer                                       TensorQuantizer(8 bit fake axis=0 amax=[0.0041, 0.0234](256) calibrator=MaxCalibrator quant)
model.10.m.1.0.mlp.1.bn.input_quantizer                                          TensorQuantizer(disabled)
model.10.m.1.0.mlp.1.bn.output_quantizer                                         TensorQuantizer(disabled)
model.10.m.1.1.attn.qkv.conv.input_quantizer                                     TensorQuantizer(8 bit fake per-tensor amax=17.6489 calibrator=MaxCalibrator quant)
model.10.m.1.1.attn.qkv.conv.output_quantizer                                    TensorQuantizer(disabled)
model.10.m.1.1.attn.qkv.conv.weight_quantizer                                    TensorQuantizer(8 bit fake axis=0 amax=[0.0019, 0.0277](768) calibrator=MaxCalibrator quant)
model.10.m.1.1.attn.qkv.bn.input_quantizer                                       TensorQuantizer(disabled)
model.10.m.1.1.attn.qkv.bn.output_quantizer                                      TensorQuantizer(disabled)
model.10.m.1.1.attn.proj.conv.input_quantizer                                    TensorQuantizer(8 bit fake per-tensor amax=4.1262 calibrator=MaxCalibrator quant)
model.10.m.1.1.attn.proj.conv.output_quantizer                                   TensorQuantizer(disabled)
model.10.m.1.1.attn.proj.conv.weight_quantizer                                   TensorQuantizer(8 bit fake axis=0 amax=[0.0030, 0.0336](256) calibrator=MaxCalibrator quant)
model.10.m.1.1.attn.proj.bn.input_quantizer                                      TensorQuantizer(disabled)
model.10.m.1.1.attn.proj.bn.output_quantizer                                     TensorQuantizer(disabled)
model.10.m.1.1.attn.pe.conv.input_quantizer                                      TensorQuantizer(8 bit fake per-tensor amax=5.9377 calibrator=MaxCalibrator quant)
model.10.m.1.1.attn.pe.conv.output_quantizer                                     TensorQuantizer(disabled)
model.10.m.1.1.attn.pe.conv.weight_quantizer                                     TensorQuantizer(8 bit fake axis=0 amax=[0.0013, 0.0588](256) calibrator=MaxCalibrator quant)
model.10.m.1.1.attn.pe.bn.input_quantizer                                        TensorQuantizer(disabled)
model.10.m.1.1.attn.pe.bn.output_quantizer                                       TensorQuantizer(disabled)
model.10.m.1.1.mlp.0.conv.input_quantizer                                        TensorQuantizer(8 bit fake per-tensor amax=17.7704 calibrator=MaxCalibrator quant)
model.10.m.1.1.mlp.0.conv.output_quantizer                                       TensorQuantizer(disabled)
model.10.m.1.1.mlp.0.conv.weight_quantizer                                       TensorQuantizer(8 bit fake axis=0 amax=[0.0008, 0.0385](307) calibrator=MaxCalibrator quant)
model.10.m.1.1.mlp.0.bn.input_quantizer                                          TensorQuantizer(disabled)
model.10.m.1.1.mlp.0.bn.output_quantizer                                         TensorQuantizer(disabled)
model.10.m.1.1.mlp.1.conv.input_quantizer                                        TensorQuantizer(8 bit fake per-tensor amax=5.0615 calibrator=MaxCalibrator quant)
model.10.m.1.1.mlp.1.conv.output_quantizer                                       TensorQuantizer(disabled)
model.10.m.1.1.mlp.1.conv.weight_quantizer                                       TensorQuantizer(8 bit fake axis=0 amax=[0.0028, 0.0355](256) calibrator=MaxCalibrator quant)
model.10.m.1.1.mlp.1.bn.input_quantizer                                          TensorQuantizer(disabled)
model.10.m.1.1.mlp.1.bn.output_quantizer                                         TensorQuantizer(disabled)
model.10.m.2.0.attn.qkv.conv.input_quantizer                                     TensorQuantizer(8 bit fake per-tensor amax=17.3356 calibrator=MaxCalibrator quant)
model.10.m.2.0.attn.qkv.conv.output_quantizer                                    TensorQuantizer(disabled)
model.10.m.2.0.attn.qkv.conv.weight_quantizer                                    TensorQuantizer(8 bit fake axis=0 amax=[0.0020, 0.0203](768) calibrator=MaxCalibrator quant)
model.10.m.2.0.attn.qkv.bn.input_quantizer                                       TensorQuantizer(disabled)
model.10.m.2.0.attn.qkv.bn.output_quantizer                                      TensorQuantizer(disabled)
model.10.m.2.0.attn.proj.conv.input_quantizer                                    TensorQuantizer(8 bit fake per-tensor amax=5.1313 calibrator=MaxCalibrator quant)
model.10.m.2.0.attn.proj.conv.output_quantizer                                   TensorQuantizer(disabled)
model.10.m.2.0.attn.proj.conv.weight_quantizer                                   TensorQuantizer(8 bit fake axis=0 amax=[0.0032, 0.0188](256) calibrator=MaxCalibrator quant)
model.10.m.2.0.attn.proj.bn.input_quantizer                                      TensorQuantizer(disabled)
model.10.m.2.0.attn.proj.bn.output_quantizer                                     TensorQuantizer(disabled)
model.10.m.2.0.attn.pe.conv.input_quantizer                                      TensorQuantizer(8 bit fake per-tensor amax=6.0239 calibrator=MaxCalibrator quant)
model.10.m.2.0.attn.pe.conv.output_quantizer                                     TensorQuantizer(disabled)
model.10.m.2.0.attn.pe.conv.weight_quantizer                                     TensorQuantizer(8 bit fake axis=0 amax=[0.0015, 0.0387](256) calibrator=MaxCalibrator quant)
model.10.m.2.0.attn.pe.bn.input_quantizer                                        TensorQuantizer(disabled)
model.10.m.2.0.attn.pe.bn.output_quantizer                                       TensorQuantizer(disabled)
model.10.m.2.0.mlp.0.conv.input_quantizer                                        TensorQuantizer(8 bit fake per-tensor amax=16.9366 calibrator=MaxCalibrator quant)
model.10.m.2.0.mlp.0.conv.output_quantizer                                       TensorQuantizer(disabled)
model.10.m.2.0.mlp.0.conv.weight_quantizer                                       TensorQuantizer(8 bit fake axis=0 amax=[0.0010, 0.0635](307) calibrator=MaxCalibrator quant)
model.10.m.2.0.mlp.0.bn.input_quantizer                                          TensorQuantizer(disabled)
model.10.m.2.0.mlp.0.bn.output_quantizer                                         TensorQuantizer(disabled)
model.10.m.2.0.mlp.1.conv.input_quantizer                                        TensorQuantizer(8 bit fake per-tensor amax=5.5935 calibrator=MaxCalibrator quant)
model.10.m.2.0.mlp.1.conv.output_quantizer                                       TensorQuantizer(disabled)
model.10.m.2.0.mlp.1.conv.weight_quantizer                                       TensorQuantizer(8 bit fake axis=0 amax=[0.0028, 0.0256](256) calibrator=MaxCalibrator quant)
model.10.m.2.0.mlp.1.bn.input_quantizer                                          TensorQuantizer(disabled)
model.10.m.2.0.mlp.1.bn.output_quantizer                                         TensorQuantizer(disabled)
model.10.m.2.1.attn.qkv.conv.input_quantizer                                     TensorQuantizer(8 bit fake per-tensor amax=16.6971 calibrator=MaxCalibrator quant)
model.10.m.2.1.attn.qkv.conv.output_quantizer                                    TensorQuantizer(disabled)
model.10.m.2.1.attn.qkv.conv.weight_quantizer                                    TensorQuantizer(8 bit fake axis=0 amax=[0.0032, 0.0276](768) calibrator=MaxCalibrator quant)
model.10.m.2.1.attn.qkv.bn.input_quantizer                                       TensorQuantizer(disabled)
model.10.m.2.1.attn.qkv.bn.output_quantizer                                      TensorQuantizer(disabled)
model.10.m.2.1.attn.proj.conv.input_quantizer                                    TensorQuantizer(8 bit fake per-tensor amax=6.0197 calibrator=MaxCalibrator quant)
model.10.m.2.1.attn.proj.conv.output_quantizer                                   TensorQuantizer(disabled)
model.10.m.2.1.attn.proj.conv.weight_quantizer                                   TensorQuantizer(8 bit fake axis=0 amax=[0.0069, 0.0220](256) calibrator=MaxCalibrator quant)
model.10.m.2.1.attn.proj.bn.input_quantizer                                      TensorQuantizer(disabled)
model.10.m.2.1.attn.proj.bn.output_quantizer                                     TensorQuantizer(disabled)
model.10.m.2.1.attn.pe.conv.input_quantizer                                      TensorQuantizer(8 bit fake per-tensor amax=9.9278 calibrator=MaxCalibrator quant)
model.10.m.2.1.attn.pe.conv.output_quantizer                                     TensorQuantizer(disabled)
model.10.m.2.1.attn.pe.conv.weight_quantizer                                     TensorQuantizer(8 bit fake axis=0 amax=[0.0023, 0.0523](256) calibrator=MaxCalibrator quant)
model.10.m.2.1.attn.pe.bn.input_quantizer                                        TensorQuantizer(disabled)
model.10.m.2.1.attn.pe.bn.output_quantizer                                       TensorQuantizer(disabled)
model.10.m.2.1.mlp.0.conv.input_quantizer                                        TensorQuantizer(8 bit fake per-tensor amax=17.1507 calibrator=MaxCalibrator quant)
model.10.m.2.1.mlp.0.conv.output_quantizer                                       TensorQuantizer(disabled)
model.10.m.2.1.mlp.0.conv.weight_quantizer                                       TensorQuantizer(8 bit fake axis=0 amax=[0.0043, 0.0238](307) calibrator=MaxCalibrator quant)
model.10.m.2.1.mlp.0.bn.input_quantizer                                          TensorQuantizer(disabled)
model.10.m.2.1.mlp.0.bn.output_quantizer                                         TensorQuantizer(disabled)
model.10.m.2.1.mlp.1.conv.input_quantizer                                        TensorQuantizer(8 bit fake per-tensor amax=6.2478 calibrator=MaxCalibrator quant)
model.10.m.2.1.mlp.1.conv.output_quantizer                                       TensorQuantizer(disabled)
model.10.m.2.1.mlp.1.conv.weight_quantizer                                       TensorQuantizer(8 bit fake axis=0 amax=[0.0051, 0.0174](256) calibrator=MaxCalibrator quant)
model.10.m.2.1.mlp.1.bn.input_quantizer                                          TensorQuantizer(disabled)
model.10.m.2.1.mlp.1.bn.output_quantizer                                         TensorQuantizer(disabled)
model.10.m.3.0.attn.qkv.conv.input_quantizer                                     TensorQuantizer(8 bit fake per-tensor amax=17.2763 calibrator=MaxCalibrator quant)
model.10.m.3.0.attn.qkv.conv.output_quantizer                                    TensorQuantizer(disabled)
model.10.m.3.0.attn.qkv.conv.weight_quantizer                                    TensorQuantizer(8 bit fake axis=0 amax=[0.0021, 0.0225](768) calibrator=MaxCalibrator quant)
model.10.m.3.0.attn.qkv.bn.input_quantizer                                       TensorQuantizer(disabled)
model.10.m.3.0.attn.qkv.bn.output_quantizer                                      TensorQuantizer(disabled)
model.10.m.3.0.attn.proj.conv.input_quantizer                                    TensorQuantizer(8 bit fake per-tensor amax=9.1777 calibrator=MaxCalibrator quant)
model.10.m.3.0.attn.proj.conv.output_quantizer                                   TensorQuantizer(disabled)
model.10.m.3.0.attn.proj.conv.weight_quantizer                                   TensorQuantizer(8 bit fake axis=0 amax=[0.0063, 0.0189](256) calibrator=MaxCalibrator quant)
model.10.m.3.0.attn.proj.bn.input_quantizer                                      TensorQuantizer(disabled)
model.10.m.3.0.attn.proj.bn.output_quantizer                                     TensorQuantizer(disabled)
model.10.m.3.0.attn.pe.conv.input_quantizer                                      TensorQuantizer(8 bit fake per-tensor amax=13.1081 calibrator=MaxCalibrator quant)
model.10.m.3.0.attn.pe.conv.output_quantizer                                     TensorQuantizer(disabled)
model.10.m.3.0.attn.pe.conv.weight_quantizer                                     TensorQuantizer(8 bit fake axis=0 amax=[0.0016, 0.0466](256) calibrator=MaxCalibrator quant)
model.10.m.3.0.attn.pe.bn.input_quantizer                                        TensorQuantizer(disabled)
model.10.m.3.0.attn.pe.bn.output_quantizer                                       TensorQuantizer(disabled)
model.10.m.3.0.mlp.0.conv.input_quantizer                                        TensorQuantizer(8 bit fake per-tensor amax=19.0686 calibrator=MaxCalibrator quant)
model.10.m.3.0.mlp.0.conv.output_quantizer                                       TensorQuantizer(disabled)
model.10.m.3.0.mlp.0.conv.weight_quantizer                                       TensorQuantizer(8 bit fake axis=0 amax=[0.0015, 0.0156](307) calibrator=MaxCalibrator quant)
model.10.m.3.0.mlp.0.bn.input_quantizer                                          TensorQuantizer(disabled)
model.10.m.3.0.mlp.0.bn.output_quantizer                                         TensorQuantizer(disabled)
model.10.m.3.0.mlp.1.conv.input_quantizer                                        TensorQuantizer(8 bit fake per-tensor amax=7.2686 calibrator=MaxCalibrator quant)
model.10.m.3.0.mlp.1.conv.output_quantizer                                       TensorQuantizer(disabled)
model.10.m.3.0.mlp.1.conv.weight_quantizer                                       TensorQuantizer(8 bit fake axis=0 amax=[0.0024, 0.0129](256) calibrator=MaxCalibrator quant)
model.10.m.3.0.mlp.1.bn.input_quantizer                                          TensorQuantizer(disabled)
model.10.m.3.0.mlp.1.bn.output_quantizer                                         TensorQuantizer(disabled)
model.10.m.3.1.attn.qkv.conv.input_quantizer                                     TensorQuantizer(8 bit fake per-tensor amax=19.4389 calibrator=MaxCalibrator quant)
model.10.m.3.1.attn.qkv.conv.output_quantizer                                    TensorQuantizer(disabled)
model.10.m.3.1.attn.qkv.conv.weight_quantizer                                    TensorQuantizer(8 bit fake axis=0 amax=[0.0010, 0.0169](768) calibrator=MaxCalibrator quant)
model.10.m.3.1.attn.qkv.bn.input_quantizer                                       TensorQuantizer(disabled)
model.10.m.3.1.attn.qkv.bn.output_quantizer                                      TensorQuantizer(disabled)
model.10.m.3.1.attn.proj.conv.input_quantizer                                    TensorQuantizer(8 bit fake per-tensor amax=11.8860 calibrator=MaxCalibrator quant)
model.10.m.3.1.attn.proj.conv.output_quantizer                                   TensorQuantizer(disabled)
model.10.m.3.1.attn.proj.conv.weight_quantizer                                   TensorQuantizer(8 bit fake axis=0 amax=[0.0028, 0.0135](256) calibrator=MaxCalibrator quant)
model.10.m.3.1.attn.proj.bn.input_quantizer                                      TensorQuantizer(disabled)
model.10.m.3.1.attn.proj.bn.output_quantizer                                     TensorQuantizer(disabled)
model.10.m.3.1.attn.pe.conv.input_quantizer                                      TensorQuantizer(8 bit fake per-tensor amax=9.2390 calibrator=MaxCalibrator quant)
model.10.m.3.1.attn.pe.conv.output_quantizer                                     TensorQuantizer(disabled)
model.10.m.3.1.attn.pe.conv.weight_quantizer                                     TensorQuantizer(8 bit fake axis=0 amax=[0.0012, 0.0370](256) calibrator=MaxCalibrator quant)
model.10.m.3.1.attn.pe.bn.input_quantizer                                        TensorQuantizer(disabled)
model.10.m.3.1.attn.pe.bn.output_quantizer                                       TensorQuantizer(disabled)
model.10.m.3.1.mlp.0.conv.input_quantizer                                        TensorQuantizer(8 bit fake per-tensor amax=19.1659 calibrator=MaxCalibrator quant)
model.10.m.3.1.mlp.0.conv.output_quantizer                                       TensorQuantizer(disabled)
model.10.m.3.1.mlp.0.conv.weight_quantizer                                       TensorQuantizer(8 bit fake axis=0 amax=[0.0031, 0.0143](307) calibrator=MaxCalibrator quant)
model.10.m.3.1.mlp.0.bn.input_quantizer                                          TensorQuantizer(disabled)
model.10.m.3.1.mlp.0.bn.output_quantizer                                         TensorQuantizer(disabled)
model.10.m.3.1.mlp.1.conv.input_quantizer                                        TensorQuantizer(8 bit fake per-tensor amax=7.5136 calibrator=MaxCalibrator quant)
model.10.m.3.1.mlp.1.conv.output_quantizer                                       TensorQuantizer(disabled)
model.10.m.3.1.mlp.1.conv.weight_quantizer                                       TensorQuantizer(8 bit fake axis=0 amax=[0.0035, 0.0096](256) calibrator=MaxCalibrator quant)
model.10.m.3.1.mlp.1.bn.input_quantizer                                          TensorQuantizer(disabled)
model.10.m.3.1.mlp.1.bn.output_quantizer                                         TensorQuantizer(disabled)
model.11.routing.router.0.input_quantizer                                        TensorQuantizer(disabled)
model.11.routing.router.0.output_quantizer                                       TensorQuantizer(disabled)
model.11.routing.router.0.weight_quantizer                                       TensorQuantizer(disabled)
model.11.routing.router.1.input_quantizer                                        TensorQuantizer(disabled)
model.11.routing.router.1.output_quantizer                                       TensorQuantizer(disabled)
model.11.routing.router.3.input_quantizer                                        TensorQuantizer(disabled)
model.11.routing.router.3.output_quantizer                                       TensorQuantizer(disabled)
model.11.routing.router.3.weight_quantizer                                       TensorQuantizer(disabled)
model.11.routing.router.4.input_quantizer                                        TensorQuantizer(disabled)
model.11.routing.router.4.output_quantizer                                       TensorQuantizer(disabled)
model.11.experts.0.conv.0.input_quantizer                                        TensorQuantizer(8 bit fake per-tensor amax=10.2953 calibrator=MaxCalibrator quant)
model.11.experts.0.conv.0.output_quantizer                                       TensorQuantizer(disabled)
model.11.experts.0.conv.0.weight_quantizer                                       TensorQuantizer(8 bit fake axis=0 amax=[0.0001, 0.0026](1024) calibrator=MaxCalibrator quant)
model.11.experts.0.conv.1.input_quantizer                                        TensorQuantizer(disabled)
model.11.experts.0.conv.1.output_quantizer                                       TensorQuantizer(disabled)
model.11.experts.0.conv.3.input_quantizer                                        TensorQuantizer(8 bit fake per-tensor amax=0.3475 calibrator=MaxCalibrator quant)
model.11.experts.0.conv.3.output_quantizer                                       TensorQuantizer(disabled)
model.11.experts.0.conv.3.weight_quantizer                                       TensorQuantizer(8 bit fake axis=0 amax=[0.0003, 0.0027](512) calibrator=MaxCalibrator quant)
model.11.experts.0.conv.4.input_quantizer                                        TensorQuantizer(disabled)
model.11.experts.0.conv.4.output_quantizer                                       TensorQuantizer(disabled)
model.11.experts.1.conv.0.input_quantizer                                        TensorQuantizer(8 bit fake per-tensor amax=10.2953 calibrator=MaxCalibrator quant)
model.11.experts.1.conv.0.output_quantizer                                       TensorQuantizer(disabled)
model.11.experts.1.conv.0.weight_quantizer                                       TensorQuantizer(8 bit fake axis=0 amax=[0.0001, 0.0047](1024) calibrator=MaxCalibrator quant)
model.11.experts.1.conv.1.input_quantizer                                        TensorQuantizer(disabled)
model.11.experts.1.conv.1.output_quantizer                                       TensorQuantizer(disabled)
model.11.experts.1.conv.3.input_quantizer                                        TensorQuantizer(8 bit fake per-tensor amax=1.1681 calibrator=MaxCalibrator quant)
model.11.experts.1.conv.3.output_quantizer                                       TensorQuantizer(disabled)
model.11.experts.1.conv.3.weight_quantizer                                       TensorQuantizer(8 bit fake axis=0 amax=[0.0008, 0.0032](512) calibrator=MaxCalibrator quant)
model.11.experts.1.conv.4.input_quantizer                                        TensorQuantizer(disabled)
model.11.experts.1.conv.4.output_quantizer                                       TensorQuantizer(disabled)
model.11.experts.2.conv.0.input_quantizer                                        TensorQuantizer(8 bit fake per-tensor amax=10.2953 calibrator=MaxCalibrator quant)
model.11.experts.2.conv.0.output_quantizer                                       TensorQuantizer(disabled)
model.11.experts.2.conv.0.weight_quantizer                                       TensorQuantizer(8 bit fake axis=0 amax=[0.0000, 0.0015](1024) calibrator=MaxCalibrator quant)
model.11.experts.2.conv.1.input_quantizer                                        TensorQuantizer(disabled)
model.11.experts.2.conv.1.output_quantizer                                       TensorQuantizer(disabled)
model.11.experts.2.conv.3.input_quantizer                                        TensorQuantizer(8 bit fake per-tensor amax=0.2865 calibrator=MaxCalibrator quant)
model.11.experts.2.conv.3.output_quantizer                                       TensorQuantizer(disabled)
model.11.experts.2.conv.3.weight_quantizer                                       TensorQuantizer(8 bit fake axis=0 amax=[0.0004, 0.0019](512) calibrator=MaxCalibrator quant)
model.11.experts.2.conv.4.input_quantizer                                        TensorQuantizer(disabled)
model.11.experts.2.conv.4.output_quantizer                                       TensorQuantizer(disabled)
model.11.experts.3.conv.0.input_quantizer                                        TensorQuantizer(8 bit fake per-tensor amax=10.2953 calibrator=MaxCalibrator quant)
model.11.experts.3.conv.0.output_quantizer                                       TensorQuantizer(disabled)
model.11.experts.3.conv.0.weight_quantizer                                       TensorQuantizer(8 bit fake axis=0 amax=[0.0000, 0.0018](1024) calibrator=MaxCalibrator quant)
model.11.experts.3.conv.1.input_quantizer                                        TensorQuantizer(disabled)
model.11.experts.3.conv.1.output_quantizer                                       TensorQuantizer(disabled)
model.11.experts.3.conv.3.input_quantizer                                        TensorQuantizer(8 bit fake per-tensor amax=0.2448 calibrator=MaxCalibrator quant)
model.11.experts.3.conv.3.output_quantizer                                       TensorQuantizer(disabled)
model.11.experts.3.conv.3.weight_quantizer                                       TensorQuantizer(8 bit fake axis=0 amax=[0.0003, 0.0015](512) calibrator=MaxCalibrator quant)
model.11.experts.3.conv.4.input_quantizer                                        TensorQuantizer(disabled)
model.11.experts.3.conv.4.output_quantizer                                       TensorQuantizer(disabled)
model.11.experts.4.conv.0.input_quantizer                                        TensorQuantizer(8 bit fake per-tensor amax=10.2953 calibrator=MaxCalibrator quant)
model.11.experts.4.conv.0.output_quantizer                                       TensorQuantizer(disabled)
model.11.experts.4.conv.0.weight_quantizer                                       TensorQuantizer(8 bit fake axis=0 amax=[0.0001, 0.0013](1024) calibrator=MaxCalibrator quant)
model.11.experts.4.conv.1.input_quantizer                                        TensorQuantizer(disabled)
model.11.experts.4.conv.1.output_quantizer                                       TensorQuantizer(disabled)
model.11.experts.4.conv.3.input_quantizer                                        TensorQuantizer(8 bit fake per-tensor amax=0.2670 calibrator=MaxCalibrator quant)
model.11.experts.4.conv.3.output_quantizer                                       TensorQuantizer(disabled)
model.11.experts.4.conv.3.weight_quantizer                                       TensorQuantizer(8 bit fake axis=0 amax=[0.0003, 0.0014](512) calibrator=MaxCalibrator quant)
model.11.experts.4.conv.4.input_quantizer                                        TensorQuantizer(disabled)
model.11.experts.4.conv.4.output_quantizer                                       TensorQuantizer(disabled)
model.11.experts.5.conv.0.input_quantizer                                        TensorQuantizer(8 bit fake per-tensor amax=10.2953 calibrator=MaxCalibrator quant)
model.11.experts.5.conv.0.output_quantizer                                       TensorQuantizer(disabled)
model.11.experts.5.conv.0.weight_quantizer                                       TensorQuantizer(8 bit fake axis=0 amax=[0.0001, 0.0017](1024) calibrator=MaxCalibrator quant)
model.11.experts.5.conv.1.input_quantizer                                        TensorQuantizer(disabled)
model.11.experts.5.conv.1.output_quantizer                                       TensorQuantizer(disabled)
model.11.experts.5.conv.3.input_quantizer                                        TensorQuantizer(8 bit fake per-tensor amax=0.3863 calibrator=MaxCalibrator quant)
model.11.experts.5.conv.3.output_quantizer                                       TensorQuantizer(disabled)
model.11.experts.5.conv.3.weight_quantizer                                       TensorQuantizer(8 bit fake axis=0 amax=[0.0004, 0.0016](512) calibrator=MaxCalibrator quant)
model.11.experts.5.conv.4.input_quantizer                                        TensorQuantizer(disabled)
model.11.experts.5.conv.4.output_quantizer                                       TensorQuantizer(disabled)
model.11.experts.6.conv.0.input_quantizer                                        TensorQuantizer(8 bit fake per-tensor amax=10.2953 calibrator=MaxCalibrator quant)
model.11.experts.6.conv.0.output_quantizer                                       TensorQuantizer(disabled)
model.11.experts.6.conv.0.weight_quantizer                                       TensorQuantizer(8 bit fake axis=0 amax=[0.0001, 0.0020](1024) calibrator=MaxCalibrator quant)
model.11.experts.6.conv.1.input_quantizer                                        TensorQuantizer(disabled)
model.11.experts.6.conv.1.output_quantizer                                       TensorQuantizer(disabled)
model.11.experts.6.conv.3.input_quantizer                                        TensorQuantizer(8 bit fake per-tensor amax=0.2817 calibrator=MaxCalibrator quant)
model.11.experts.6.conv.3.output_quantizer                                       TensorQuantizer(disabled)
model.11.experts.6.conv.3.weight_quantizer                                       TensorQuantizer(8 bit fake axis=0 amax=[0.0004, 0.0017](512) calibrator=MaxCalibrator quant)
model.11.experts.6.conv.4.input_quantizer                                        TensorQuantizer(disabled)
model.11.experts.6.conv.4.output_quantizer                                       TensorQuantizer(disabled)
model.11.experts.7.conv.0.input_quantizer                                        TensorQuantizer(8 bit fake per-tensor amax=10.2953 calibrator=MaxCalibrator quant)
model.11.experts.7.conv.0.output_quantizer                                       TensorQuantizer(disabled)
model.11.experts.7.conv.0.weight_quantizer                                       TensorQuantizer(8 bit fake axis=0 amax=[0.0001, 0.0018](1024) calibrator=MaxCalibrator quant)
model.11.experts.7.conv.1.input_quantizer                                        TensorQuantizer(disabled)
model.11.experts.7.conv.1.output_quantizer                                       TensorQuantizer(disabled)
model.11.experts.7.conv.3.input_quantizer                                        TensorQuantizer(8 bit fake per-tensor amax=0.2869 calibrator=MaxCalibrator quant)
model.11.experts.7.conv.3.output_quantizer                                       TensorQuantizer(disabled)
model.11.experts.7.conv.3.weight_quantizer                                       TensorQuantizer(8 bit fake axis=0 amax=[0.0003, 0.0017](512) calibrator=MaxCalibrator quant)
model.11.experts.7.conv.4.input_quantizer                                        TensorQuantizer(disabled)
model.11.experts.7.conv.4.output_quantizer                                       TensorQuantizer(disabled)
model.11.experts.8.conv.0.input_quantizer                                        TensorQuantizer(8 bit fake per-tensor amax=10.2953 calibrator=MaxCalibrator quant)
model.11.experts.8.conv.0.output_quantizer                                       TensorQuantizer(disabled)
model.11.experts.8.conv.0.weight_quantizer                                       TensorQuantizer(8 bit fake axis=0 amax=[0.0000, 0.0017](1024) calibrator=MaxCalibrator quant)
model.11.experts.8.conv.1.input_quantizer                                        TensorQuantizer(disabled)
model.11.experts.8.conv.1.output_quantizer                                       TensorQuantizer(disabled)
model.11.experts.8.conv.3.input_quantizer                                        TensorQuantizer(8 bit fake per-tensor amax=0.2896 calibrator=MaxCalibrator quant)
model.11.experts.8.conv.3.output_quantizer                                       TensorQuantizer(disabled)
model.11.experts.8.conv.3.weight_quantizer                                       TensorQuantizer(8 bit fake axis=0 amax=[0.0004, 0.0017](512) calibrator=MaxCalibrator quant)
model.11.experts.8.conv.4.input_quantizer                                        TensorQuantizer(disabled)
model.11.experts.8.conv.4.output_quantizer                                       TensorQuantizer(disabled)
model.11.experts.9.conv.0.input_quantizer                                        TensorQuantizer(8 bit fake per-tensor amax=10.2953 calibrator=MaxCalibrator quant)
model.11.experts.9.conv.0.output_quantizer                                       TensorQuantizer(disabled)
model.11.experts.9.conv.0.weight_quantizer                                       TensorQuantizer(8 bit fake axis=0 amax=[0.0001, 0.0015](1024) calibrator=MaxCalibrator quant)
model.11.experts.9.conv.1.input_quantizer                                        TensorQuantizer(disabled)
model.11.experts.9.conv.1.output_quantizer                                       TensorQuantizer(disabled)
model.11.experts.9.conv.3.input_quantizer                                        TensorQuantizer(8 bit fake per-tensor amax=0.3526 calibrator=MaxCalibrator quant)
model.11.experts.9.conv.3.output_quantizer                                       TensorQuantizer(disabled)
model.11.experts.9.conv.3.weight_quantizer                                       TensorQuantizer(8 bit fake axis=0 amax=[0.0003, 0.0012](512) calibrator=MaxCalibrator quant)
model.11.experts.9.conv.4.input_quantizer                                        TensorQuantizer(disabled)
model.11.experts.9.conv.4.output_quantizer                                       TensorQuantizer(disabled)
model.11.experts.10.conv.0.input_quantizer                                       TensorQuantizer(8 bit fake per-tensor amax=10.2953 calibrator=MaxCalibrator quant)
model.11.experts.10.conv.0.output_quantizer                                      TensorQuantizer(disabled)
model.11.experts.10.conv.0.weight_quantizer                                      TensorQuantizer(8 bit fake axis=0 amax=[0.0000, 0.0016](1024) calibrator=MaxCalibrator quant)
model.11.experts.10.conv.1.input_quantizer                                       TensorQuantizer(disabled)
model.11.experts.10.conv.1.output_quantizer                                      TensorQuantizer(disabled)
model.11.experts.10.conv.3.input_quantizer                                       TensorQuantizer(8 bit fake per-tensor amax=0.3133 calibrator=MaxCalibrator quant)
model.11.experts.10.conv.3.output_quantizer                                      TensorQuantizer(disabled)
model.11.experts.10.conv.3.weight_quantizer                                      TensorQuantizer(8 bit fake axis=0 amax=[0.0004, 0.0018](512) calibrator=MaxCalibrator quant)
model.11.experts.10.conv.4.input_quantizer                                       TensorQuantizer(disabled)
model.11.experts.10.conv.4.output_quantizer                                      TensorQuantizer(disabled)
model.11.experts.11.conv.0.input_quantizer                                       TensorQuantizer(8 bit fake per-tensor amax=10.2953 calibrator=MaxCalibrator quant)
model.11.experts.11.conv.0.output_quantizer                                      TensorQuantizer(disabled)
model.11.experts.11.conv.0.weight_quantizer                                      TensorQuantizer(8 bit fake axis=0 amax=[0.0002, 0.0018](1024) calibrator=MaxCalibrator quant)
model.11.experts.11.conv.1.input_quantizer                                       TensorQuantizer(disabled)
model.11.experts.11.conv.1.output_quantizer                                      TensorQuantizer(disabled)
model.11.experts.11.conv.3.input_quantizer                                       TensorQuantizer(8 bit fake per-tensor amax=0.2871 calibrator=MaxCalibrator quant)
model.11.experts.11.conv.3.output_quantizer                                      TensorQuantizer(disabled)
model.11.experts.11.conv.3.weight_quantizer                                      TensorQuantizer(8 bit fake axis=0 amax=[0.0004, 0.0018](512) calibrator=MaxCalibrator quant)
model.11.experts.11.conv.4.input_quantizer                                       TensorQuantizer(disabled)
model.11.experts.11.conv.4.output_quantizer                                      TensorQuantizer(disabled)
model.11.experts.12.conv.0.input_quantizer                                       TensorQuantizer(8 bit fake per-tensor amax=10.2953 calibrator=MaxCalibrator quant)
model.11.experts.12.conv.0.output_quantizer                                      TensorQuantizer(disabled)
model.11.experts.12.conv.0.weight_quantizer                                      TensorQuantizer(8 bit fake axis=0 amax=[0.0002, 0.0030](1024) calibrator=MaxCalibrator quant)
model.11.experts.12.conv.1.input_quantizer                                       TensorQuantizer(disabled)
model.11.experts.12.conv.1.output_quantizer                                      TensorQuantizer(disabled)
model.11.experts.12.conv.3.input_quantizer                                       TensorQuantizer(8 bit fake per-tensor amax=0.6078 calibrator=MaxCalibrator quant)
model.11.experts.12.conv.3.output_quantizer                                      TensorQuantizer(disabled)
model.11.experts.12.conv.3.weight_quantizer                                      TensorQuantizer(8 bit fake axis=0 amax=[0.0005, 0.0020](512) calibrator=MaxCalibrator quant)
model.11.experts.12.conv.4.input_quantizer                                       TensorQuantizer(disabled)
model.11.experts.12.conv.4.output_quantizer                                      TensorQuantizer(disabled)
model.11.experts.13.conv.0.input_quantizer                                       TensorQuantizer(8 bit fake per-tensor amax=10.2953 calibrator=MaxCalibrator quant)
model.11.experts.13.conv.0.output_quantizer                                      TensorQuantizer(disabled)
model.11.experts.13.conv.0.weight_quantizer                                      TensorQuantizer(8 bit fake axis=0 amax=[0.0001, 0.0017](1024) calibrator=MaxCalibrator quant)
model.11.experts.13.conv.1.input_quantizer                                       TensorQuantizer(disabled)
model.11.experts.13.conv.1.output_quantizer                                      TensorQuantizer(disabled)
model.11.experts.13.conv.3.input_quantizer                                       TensorQuantizer(8 bit fake per-tensor amax=0.3719 calibrator=MaxCalibrator quant)
model.11.experts.13.conv.3.output_quantizer                                      TensorQuantizer(disabled)
model.11.experts.13.conv.3.weight_quantizer                                      TensorQuantizer(8 bit fake axis=0 amax=[0.0004, 0.0018](512) calibrator=MaxCalibrator quant)
model.11.experts.13.conv.4.input_quantizer                                       TensorQuantizer(disabled)
model.11.experts.13.conv.4.output_quantizer                                      TensorQuantizer(disabled)
model.11.experts.14.conv.0.input_quantizer                                       TensorQuantizer(8 bit fake per-tensor amax=10.2953 calibrator=MaxCalibrator quant)
model.11.experts.14.conv.0.output_quantizer                                      TensorQuantizer(disabled)
model.11.experts.14.conv.0.weight_quantizer                                      TensorQuantizer(8 bit fake axis=0 amax=[0.0001, 0.0020](1024) calibrator=MaxCalibrator quant)
model.11.experts.14.conv.1.input_quantizer                                       TensorQuantizer(disabled)
model.11.experts.14.conv.1.output_quantizer                                      TensorQuantizer(disabled)
model.11.experts.14.conv.3.input_quantizer                                       TensorQuantizer(8 bit fake per-tensor amax=0.3339 calibrator=MaxCalibrator quant)
model.11.experts.14.conv.3.output_quantizer                                      TensorQuantizer(disabled)
model.11.experts.14.conv.3.weight_quantizer                                      TensorQuantizer(8 bit fake axis=0 amax=[0.0003, 0.0017](512) calibrator=MaxCalibrator quant)
model.11.experts.14.conv.4.input_quantizer                                       TensorQuantizer(disabled)
model.11.experts.14.conv.4.output_quantizer                                      TensorQuantizer(disabled)
model.11.experts.15.conv.0.input_quantizer                                       TensorQuantizer(8 bit fake per-tensor amax=10.2953 calibrator=MaxCalibrator quant)
model.11.experts.15.conv.0.output_quantizer                                      TensorQuantizer(disabled)
model.11.experts.15.conv.0.weight_quantizer                                      TensorQuantizer(8 bit fake axis=0 amax=[0.0001, 0.0015](1024) calibrator=MaxCalibrator quant)
model.11.experts.15.conv.1.input_quantizer                                       TensorQuantizer(disabled)
model.11.experts.15.conv.1.output_quantizer                                      TensorQuantizer(disabled)
model.11.experts.15.conv.3.input_quantizer                                       TensorQuantizer(8 bit fake per-tensor amax=0.3486 calibrator=MaxCalibrator quant)
model.11.experts.15.conv.3.output_quantizer                                      TensorQuantizer(disabled)
model.11.experts.15.conv.3.weight_quantizer                                      TensorQuantizer(8 bit fake axis=0 amax=[0.0004, 0.0016](512) calibrator=MaxCalibrator quant)
model.11.experts.15.conv.4.input_quantizer                                       TensorQuantizer(disabled)
model.11.experts.15.conv.4.output_quantizer                                      TensorQuantizer(disabled)
model.11.shared_expert.0.input_quantizer                                         TensorQuantizer(8 bit fake per-tensor amax=10.2953 calibrator=MaxCalibrator quant)
model.11.shared_expert.0.output_quantizer                                        TensorQuantizer(disabled)
model.11.shared_expert.0.weight_quantizer                                        TensorQuantizer(8 bit fake axis=0 amax=[0.0130, 0.0906](512) calibrator=MaxCalibrator quant)
model.11.shared_expert.1.input_quantizer                                         TensorQuantizer(disabled)
model.11.shared_expert.1.output_quantizer                                        TensorQuantizer(disabled)
model.14.cv1.conv.input_quantizer                                                TensorQuantizer(8 bit fake per-tensor amax=11.1752 calibrator=MaxCalibrator quant)
model.14.cv1.conv.output_quantizer                                               TensorQuantizer(disabled)
model.14.cv1.conv.weight_quantizer                                               TensorQuantizer(8 bit fake axis=0 amax=[0.0130, 0.1053](512) calibrator=MaxCalibrator quant)
model.14.cv1.bn.input_quantizer                                                  TensorQuantizer(disabled)
model.14.cv1.bn.output_quantizer                                                 TensorQuantizer(disabled)
model.14.cv2.conv.input_quantizer                                                TensorQuantizer(8 bit fake per-tensor amax=16.3396 calibrator=MaxCalibrator quant)
model.14.cv2.conv.output_quantizer                                               TensorQuantizer(disabled)
model.14.cv2.conv.weight_quantizer                                               TensorQuantizer(8 bit fake axis=0 amax=[0.0129, 0.0922](512) calibrator=MaxCalibrator quant)
model.14.cv2.bn.input_quantizer                                                  TensorQuantizer(disabled)
model.14.cv2.bn.output_quantizer                                                 TensorQuantizer(disabled)
model.14.m.0.cv1.conv.input_quantizer                                            TensorQuantizer(8 bit fake per-tensor amax=12.5528 calibrator=MaxCalibrator quant)
model.14.m.0.cv1.conv.output_quantizer                                           TensorQuantizer(disabled)
model.14.m.0.cv1.conv.weight_quantizer                                           TensorQuantizer(8 bit fake axis=0 amax=[0.0166, 0.0730](128) calibrator=MaxCalibrator quant)
model.14.m.0.cv1.bn.input_quantizer                                              TensorQuantizer(disabled)
model.14.m.0.cv1.bn.output_quantizer                                             TensorQuantizer(disabled)
model.14.m.0.cv2.conv.input_quantizer                                            TensorQuantizer(8 bit fake per-tensor amax=12.5528 calibrator=MaxCalibrator quant)
model.14.m.0.cv2.conv.output_quantizer                                           TensorQuantizer(disabled)
model.14.m.0.cv2.conv.weight_quantizer                                           TensorQuantizer(8 bit fake axis=0 amax=[0.0161, 0.0571](128) calibrator=MaxCalibrator quant)
model.14.m.0.cv2.bn.input_quantizer                                              TensorQuantizer(disabled)
model.14.m.0.cv2.bn.output_quantizer                                             TensorQuantizer(disabled)
model.14.m.0.cv3.conv.input_quantizer                                            TensorQuantizer(8 bit fake per-tensor amax=20.3246 calibrator=MaxCalibrator quant)
model.14.m.0.cv3.conv.output_quantizer                                           TensorQuantizer(disabled)
model.14.m.0.cv3.conv.weight_quantizer                                           TensorQuantizer(8 bit fake axis=0 amax=[0.0164, 0.0498](256) calibrator=MaxCalibrator quant)
model.14.m.0.cv3.bn.input_quantizer                                              TensorQuantizer(disabled)
model.14.m.0.cv3.bn.output_quantizer                                             TensorQuantizer(disabled)
model.14.m.0.m.0.cv1.conv.input_quantizer                                        TensorQuantizer(8 bit fake per-tensor amax=9.1122 calibrator=MaxCalibrator quant)
model.14.m.0.m.0.cv1.conv.output_quantizer                                       TensorQuantizer(disabled)
model.14.m.0.m.0.cv1.conv.weight_quantizer                                       TensorQuantizer(8 bit fake axis=0 amax=[0.0105, 0.0491](128) calibrator=MaxCalibrator quant)
model.14.m.0.m.0.cv1.bn.input_quantizer                                          TensorQuantizer(disabled)
model.14.m.0.m.0.cv1.bn.output_quantizer                                         TensorQuantizer(disabled)
model.14.m.0.m.0.cv2.conv.input_quantizer                                        TensorQuantizer(8 bit fake per-tensor amax=11.0676 calibrator=MaxCalibrator quant)
model.14.m.0.m.0.cv2.conv.output_quantizer                                       TensorQuantizer(disabled)
model.14.m.0.m.0.cv2.conv.weight_quantizer                                       TensorQuantizer(8 bit fake axis=0 amax=[0.0100, 0.0312](128) calibrator=MaxCalibrator quant)
model.14.m.0.m.0.cv2.bn.input_quantizer                                          TensorQuantizer(disabled)
model.14.m.0.m.0.cv2.bn.output_quantizer                                         TensorQuantizer(disabled)
model.14.m.0.m.1.cv1.conv.input_quantizer                                        TensorQuantizer(8 bit fake per-tensor amax=12.5063 calibrator=MaxCalibrator quant)
model.14.m.0.m.1.cv1.conv.output_quantizer                                       TensorQuantizer(disabled)
model.14.m.0.m.1.cv1.conv.weight_quantizer                                       TensorQuantizer(8 bit fake axis=0 amax=[0.0125, 0.0598](128) calibrator=MaxCalibrator quant)
model.14.m.0.m.1.cv1.bn.input_quantizer                                          TensorQuantizer(disabled)
model.14.m.0.m.1.cv1.bn.output_quantizer                                         TensorQuantizer(disabled)
model.14.m.0.m.1.cv2.conv.input_quantizer                                        TensorQuantizer(8 bit fake per-tensor amax=12.0176 calibrator=MaxCalibrator quant)
model.14.m.0.m.1.cv2.conv.output_quantizer                                       TensorQuantizer(disabled)
model.14.m.0.m.1.cv2.conv.weight_quantizer                                       TensorQuantizer(8 bit fake axis=0 amax=[0.0102, 0.0361](128) calibrator=MaxCalibrator quant)
model.14.m.0.m.1.cv2.bn.input_quantizer                                          TensorQuantizer(disabled)
model.14.m.0.m.1.cv2.bn.output_quantizer                                         TensorQuantizer(disabled)
model.14.m.1.cv1.conv.input_quantizer                                            TensorQuantizer(8 bit fake per-tensor amax=16.3396 calibrator=MaxCalibrator quant)
model.14.m.1.cv1.conv.output_quantizer                                           TensorQuantizer(disabled)
model.14.m.1.cv1.conv.weight_quantizer                                           TensorQuantizer(8 bit fake axis=0 amax=[0.0132, 0.0448](128) calibrator=MaxCalibrator quant)
model.14.m.1.cv1.bn.input_quantizer                                              TensorQuantizer(disabled)
model.14.m.1.cv1.bn.output_quantizer                                             TensorQuantizer(disabled)
model.14.m.1.cv2.conv.input_quantizer                                            TensorQuantizer(8 bit fake per-tensor amax=16.3396 calibrator=MaxCalibrator quant)
model.14.m.1.cv2.conv.output_quantizer                                           TensorQuantizer(disabled)
model.14.m.1.cv2.conv.weight_quantizer                                           TensorQuantizer(8 bit fake axis=0 amax=[0.0100, 0.0235](128) calibrator=MaxCalibrator quant)
model.14.m.1.cv2.bn.input_quantizer                                              TensorQuantizer(disabled)
model.14.m.1.cv2.bn.output_quantizer                                             TensorQuantizer(disabled)
model.14.m.1.cv3.conv.input_quantizer                                            TensorQuantizer(8 bit fake per-tensor amax=22.6218 calibrator=MaxCalibrator quant)
model.14.m.1.cv3.conv.output_quantizer                                           TensorQuantizer(disabled)
model.14.m.1.cv3.conv.weight_quantizer                                           TensorQuantizer(8 bit fake axis=0 amax=[0.0123, 0.0429](256) calibrator=MaxCalibrator quant)
model.14.m.1.cv3.bn.input_quantizer                                              TensorQuantizer(disabled)
model.14.m.1.cv3.bn.output_quantizer                                             TensorQuantizer(disabled)
model.14.m.1.m.0.cv1.conv.input_quantizer                                        TensorQuantizer(8 bit fake per-tensor amax=14.8567 calibrator=MaxCalibrator quant)
model.14.m.1.m.0.cv1.conv.output_quantizer                                       TensorQuantizer(disabled)
model.14.m.1.m.0.cv1.conv.weight_quantizer                                       TensorQuantizer(8 bit fake axis=0 amax=[0.0090, 0.0417](128) calibrator=MaxCalibrator quant)
model.14.m.1.m.0.cv1.bn.input_quantizer                                          TensorQuantizer(disabled)
model.14.m.1.m.0.cv1.bn.output_quantizer                                         TensorQuantizer(disabled)
model.14.m.1.m.0.cv2.conv.input_quantizer                                        TensorQuantizer(8 bit fake per-tensor amax=13.7661 calibrator=MaxCalibrator quant)
model.14.m.1.m.0.cv2.conv.output_quantizer                                       TensorQuantizer(disabled)
model.14.m.1.m.0.cv2.conv.weight_quantizer                                       TensorQuantizer(8 bit fake axis=0 amax=[0.0100, 0.0355](128) calibrator=MaxCalibrator quant)
model.14.m.1.m.0.cv2.bn.input_quantizer                                          TensorQuantizer(disabled)
model.14.m.1.m.0.cv2.bn.output_quantizer                                         TensorQuantizer(disabled)
model.14.m.1.m.1.cv1.conv.input_quantizer                                        TensorQuantizer(8 bit fake per-tensor amax=19.1243 calibrator=MaxCalibrator quant)
model.14.m.1.m.1.cv1.conv.output_quantizer                                       TensorQuantizer(disabled)
model.14.m.1.m.1.cv1.conv.weight_quantizer                                       TensorQuantizer(8 bit fake axis=0 amax=[0.0109, 0.0458](128) calibrator=MaxCalibrator quant)
model.14.m.1.m.1.cv1.bn.input_quantizer                                          TensorQuantizer(disabled)
model.14.m.1.m.1.cv1.bn.output_quantizer                                         TensorQuantizer(disabled)
model.14.m.1.m.1.cv2.conv.input_quantizer                                        TensorQuantizer(8 bit fake per-tensor amax=13.5704 calibrator=MaxCalibrator quant)
model.14.m.1.m.1.cv2.conv.output_quantizer                                       TensorQuantizer(disabled)
model.14.m.1.m.1.cv2.conv.weight_quantizer                                       TensorQuantizer(8 bit fake axis=0 amax=[0.0097, 0.0360](128) calibrator=MaxCalibrator quant)
model.14.m.1.m.1.cv2.bn.input_quantizer                                          TensorQuantizer(disabled)
model.14.m.1.m.1.cv2.bn.output_quantizer                                         TensorQuantizer(disabled)
model.17.cv1.conv.input_quantizer                                                TensorQuantizer(8 bit fake per-tensor amax=21.0819 calibrator=MaxCalibrator quant)
model.17.cv1.conv.output_quantizer                                               TensorQuantizer(disabled)
model.17.cv1.conv.weight_quantizer                                               TensorQuantizer(8 bit fake axis=0 amax=[0.0126, 0.1087](256) calibrator=MaxCalibrator quant)
model.17.cv1.bn.input_quantizer                                                  TensorQuantizer(disabled)
model.17.cv1.bn.output_quantizer                                                 TensorQuantizer(disabled)
model.17.cv2.conv.input_quantizer                                                TensorQuantizer(8 bit fake per-tensor amax=15.4963 calibrator=MaxCalibrator quant)
model.17.cv2.conv.output_quantizer                                               TensorQuantizer(disabled)
model.17.cv2.conv.weight_quantizer                                               TensorQuantizer(8 bit fake axis=0 amax=[0.0137, 0.0778](256) calibrator=MaxCalibrator quant)
model.17.cv2.bn.input_quantizer                                                  TensorQuantizer(disabled)
model.17.cv2.bn.output_quantizer                                                 TensorQuantizer(disabled)
model.17.m.0.cv1.conv.input_quantizer                                            TensorQuantizer(8 bit fake per-tensor amax=6.2441 calibrator=MaxCalibrator quant)
model.17.m.0.cv1.conv.output_quantizer                                           TensorQuantizer(disabled)
model.17.m.0.cv1.conv.weight_quantizer                                           TensorQuantizer(8 bit fake axis=0 amax=[0.0324, 0.0793](64) calibrator=MaxCalibrator quant)
model.17.m.0.cv1.bn.input_quantizer                                              TensorQuantizer(disabled)
model.17.m.0.cv1.bn.output_quantizer                                             TensorQuantizer(disabled)
model.17.m.0.cv2.conv.input_quantizer                                            TensorQuantizer(8 bit fake per-tensor amax=6.2441 calibrator=MaxCalibrator quant)
model.17.m.0.cv2.conv.output_quantizer                                           TensorQuantizer(disabled)
model.17.m.0.cv2.conv.weight_quantizer                                           TensorQuantizer(8 bit fake axis=0 amax=[0.0227, 0.0616](64) calibrator=MaxCalibrator quant)
model.17.m.0.cv2.bn.input_quantizer                                              TensorQuantizer(disabled)
model.17.m.0.cv2.bn.output_quantizer                                             TensorQuantizer(disabled)
model.17.m.0.cv3.conv.input_quantizer                                            TensorQuantizer(8 bit fake per-tensor amax=15.1983 calibrator=MaxCalibrator quant)
model.17.m.0.cv3.conv.output_quantizer                                           TensorQuantizer(disabled)
model.17.m.0.cv3.conv.weight_quantizer                                           TensorQuantizer(8 bit fake axis=0 amax=[0.0204, 0.0643](128) calibrator=MaxCalibrator quant)
model.17.m.0.cv3.bn.input_quantizer                                              TensorQuantizer(disabled)
model.17.m.0.cv3.bn.output_quantizer                                             TensorQuantizer(disabled)
model.17.m.0.m.0.cv1.conv.input_quantizer                                        TensorQuantizer(8 bit fake per-tensor amax=3.4564 calibrator=MaxCalibrator quant)
model.17.m.0.m.0.cv1.conv.output_quantizer                                       TensorQuantizer(disabled)
model.17.m.0.m.0.cv1.conv.weight_quantizer                                       TensorQuantizer(8 bit fake axis=0 amax=[0.0255, 0.0856](64) calibrator=MaxCalibrator quant)
model.17.m.0.m.0.cv1.bn.input_quantizer                                          TensorQuantizer(disabled)
model.17.m.0.m.0.cv1.bn.output_quantizer                                         TensorQuantizer(disabled)
model.17.m.0.m.0.cv2.conv.input_quantizer                                        TensorQuantizer(8 bit fake per-tensor amax=6.7354 calibrator=MaxCalibrator quant)
model.17.m.0.m.0.cv2.conv.output_quantizer                                       TensorQuantizer(disabled)
model.17.m.0.m.0.cv2.conv.weight_quantizer                                       TensorQuantizer(8 bit fake axis=0 amax=[0.0223, 0.0870](64) calibrator=MaxCalibrator quant)
model.17.m.0.m.0.cv2.bn.input_quantizer                                          TensorQuantizer(disabled)
model.17.m.0.m.0.cv2.bn.output_quantizer                                         TensorQuantizer(disabled)
model.17.m.0.m.1.cv1.conv.input_quantizer                                        TensorQuantizer(8 bit fake per-tensor amax=8.1074 calibrator=MaxCalibrator quant)
model.17.m.0.m.1.cv1.conv.output_quantizer                                       TensorQuantizer(disabled)
model.17.m.0.m.1.cv1.conv.weight_quantizer                                       TensorQuantizer(8 bit fake axis=0 amax=[0.0212, 0.1192](64) calibrator=MaxCalibrator quant)
model.17.m.0.m.1.cv1.bn.input_quantizer                                          TensorQuantizer(disabled)
model.17.m.0.m.1.cv1.bn.output_quantizer                                         TensorQuantizer(disabled)
model.17.m.0.m.1.cv2.conv.input_quantizer                                        TensorQuantizer(8 bit fake per-tensor amax=6.6104 calibrator=MaxCalibrator quant)
model.17.m.0.m.1.cv2.conv.output_quantizer                                       TensorQuantizer(disabled)
model.17.m.0.m.1.cv2.conv.weight_quantizer                                       TensorQuantizer(8 bit fake axis=0 amax=[0.0222, 0.0734](64) calibrator=MaxCalibrator quant)
model.17.m.0.m.1.cv2.bn.input_quantizer                                          TensorQuantizer(disabled)
model.17.m.0.m.1.cv2.bn.output_quantizer                                         TensorQuantizer(disabled)
model.17.m.1.cv1.conv.input_quantizer                                            TensorQuantizer(8 bit fake per-tensor amax=9.1537 calibrator=MaxCalibrator quant)
model.17.m.1.cv1.conv.output_quantizer                                           TensorQuantizer(disabled)
model.17.m.1.cv1.conv.weight_quantizer                                           TensorQuantizer(8 bit fake axis=0 amax=[0.0220, 0.0693](64) calibrator=MaxCalibrator quant)
model.17.m.1.cv1.bn.input_quantizer                                              TensorQuantizer(disabled)
model.17.m.1.cv1.bn.output_quantizer                                             TensorQuantizer(disabled)
model.17.m.1.cv2.conv.input_quantizer                                            TensorQuantizer(8 bit fake per-tensor amax=9.1537 calibrator=MaxCalibrator quant)
model.17.m.1.cv2.conv.output_quantizer                                           TensorQuantizer(disabled)
model.17.m.1.cv2.conv.weight_quantizer                                           TensorQuantizer(8 bit fake axis=0 amax=[0.0110, 0.0440](64) calibrator=MaxCalibrator quant)
model.17.m.1.cv2.bn.input_quantizer                                              TensorQuantizer(disabled)
model.17.m.1.cv2.bn.output_quantizer                                             TensorQuantizer(disabled)
model.17.m.1.cv3.conv.input_quantizer                                            TensorQuantizer(8 bit fake per-tensor amax=18.4936 calibrator=MaxCalibrator quant)
model.17.m.1.cv3.conv.output_quantizer                                           TensorQuantizer(disabled)
model.17.m.1.cv3.conv.weight_quantizer                                           TensorQuantizer(8 bit fake axis=0 amax=[0.0141, 0.0933](128) calibrator=MaxCalibrator quant)
model.17.m.1.cv3.bn.input_quantizer                                              TensorQuantizer(disabled)
model.17.m.1.cv3.bn.output_quantizer                                             TensorQuantizer(disabled)
model.17.m.1.m.0.cv1.conv.input_quantizer                                        TensorQuantizer(8 bit fake per-tensor amax=3.6426 calibrator=MaxCalibrator quant)
model.17.m.1.m.0.cv1.conv.output_quantizer                                       TensorQuantizer(disabled)
model.17.m.1.m.0.cv1.conv.weight_quantizer                                       TensorQuantizer(8 bit fake axis=0 amax=[0.0208, 0.0728](64) calibrator=MaxCalibrator quant)
model.17.m.1.m.0.cv1.bn.input_quantizer                                          TensorQuantizer(disabled)
model.17.m.1.m.0.cv1.bn.output_quantizer                                         TensorQuantizer(disabled)
model.17.m.1.m.0.cv2.conv.input_quantizer                                        TensorQuantizer(8 bit fake per-tensor amax=8.6484 calibrator=MaxCalibrator quant)
model.17.m.1.m.0.cv2.conv.output_quantizer                                       TensorQuantizer(disabled)
model.17.m.1.m.0.cv2.conv.weight_quantizer                                       TensorQuantizer(8 bit fake axis=0 amax=[0.0220, 0.1017](64) calibrator=MaxCalibrator quant)
model.17.m.1.m.0.cv2.bn.input_quantizer                                          TensorQuantizer(disabled)
model.17.m.1.m.0.cv2.bn.output_quantizer                                         TensorQuantizer(disabled)
model.17.m.1.m.1.cv1.conv.input_quantizer                                        TensorQuantizer(8 bit fake per-tensor amax=9.1437 calibrator=MaxCalibrator quant)
model.17.m.1.m.1.cv1.conv.output_quantizer                                       TensorQuantizer(disabled)
model.17.m.1.m.1.cv1.conv.weight_quantizer                                       TensorQuantizer(8 bit fake axis=0 amax=[0.0187, 0.0868](64) calibrator=MaxCalibrator quant)
model.17.m.1.m.1.cv1.bn.input_quantizer                                          TensorQuantizer(disabled)
model.17.m.1.m.1.cv1.bn.output_quantizer                                         TensorQuantizer(disabled)
model.17.m.1.m.1.cv2.conv.input_quantizer                                        TensorQuantizer(8 bit fake per-tensor amax=13.1533 calibrator=MaxCalibrator quant)
model.17.m.1.m.1.cv2.conv.output_quantizer                                       TensorQuantizer(disabled)
model.17.m.1.m.1.cv2.conv.weight_quantizer                                       TensorQuantizer(8 bit fake axis=0 amax=[0.0152, 0.1120](64) calibrator=MaxCalibrator quant)
model.17.m.1.m.1.cv2.bn.input_quantizer                                          TensorQuantizer(disabled)
model.17.m.1.m.1.cv2.bn.output_quantizer                                         TensorQuantizer(disabled)
model.18.conv.input_quantizer                                                    TensorQuantizer(8 bit fake per-tensor amax=12.4394 calibrator=MaxCalibrator quant)
model.18.conv.output_quantizer                                                   TensorQuantizer(disabled)
model.18.conv.weight_quantizer                                                   TensorQuantizer(8 bit fake axis=0 amax=[0.0060, 0.0385](256) calibrator=MaxCalibrator quant)
model.18.bn.input_quantizer                                                      TensorQuantizer(disabled)
model.18.bn.output_quantizer                                                     TensorQuantizer(disabled)
model.20.cv1.conv.input_quantizer                                                TensorQuantizer(8 bit fake per-tensor amax=21.0540 calibrator=MaxCalibrator quant)
model.20.cv1.conv.output_quantizer                                               TensorQuantizer(disabled)
model.20.cv1.conv.weight_quantizer                                               TensorQuantizer(8 bit fake axis=0 amax=[0.0077, 0.0543](512) calibrator=MaxCalibrator quant)
model.20.cv1.bn.input_quantizer                                                  TensorQuantizer(disabled)
model.20.cv1.bn.output_quantizer                                                 TensorQuantizer(disabled)
model.20.cv2.conv.input_quantizer                                                TensorQuantizer(8 bit fake per-tensor amax=17.8547 calibrator=MaxCalibrator quant)
model.20.cv2.conv.output_quantizer                                               TensorQuantizer(disabled)
model.20.cv2.conv.weight_quantizer                                               TensorQuantizer(8 bit fake axis=0 amax=[0.0072, 0.0462](512) calibrator=MaxCalibrator quant)
model.20.cv2.bn.input_quantizer                                                  TensorQuantizer(disabled)
model.20.cv2.bn.output_quantizer                                                 TensorQuantizer(disabled)
model.20.m.0.cv1.conv.input_quantizer                                            TensorQuantizer(8 bit fake per-tensor amax=17.3668 calibrator=MaxCalibrator quant)
model.20.m.0.cv1.conv.output_quantizer                                           TensorQuantizer(disabled)
model.20.m.0.cv1.conv.weight_quantizer                                           TensorQuantizer(8 bit fake axis=0 amax=[0.0143, 0.0472](128) calibrator=MaxCalibrator quant)
model.20.m.0.cv1.bn.input_quantizer                                              TensorQuantizer(disabled)
model.20.m.0.cv1.bn.output_quantizer                                             TensorQuantizer(disabled)
model.20.m.0.cv2.conv.input_quantizer                                            TensorQuantizer(8 bit fake per-tensor amax=17.3668 calibrator=MaxCalibrator quant)
model.20.m.0.cv2.conv.output_quantizer                                           TensorQuantizer(disabled)
model.20.m.0.cv2.conv.weight_quantizer                                           TensorQuantizer(8 bit fake axis=0 amax=[0.0075, 0.0393](128) calibrator=MaxCalibrator quant)
model.20.m.0.cv2.bn.input_quantizer                                              TensorQuantizer(disabled)
model.20.m.0.cv2.bn.output_quantizer                                             TensorQuantizer(disabled)
model.20.m.0.cv3.conv.input_quantizer                                            TensorQuantizer(8 bit fake per-tensor amax=21.3205 calibrator=MaxCalibrator quant)
model.20.m.0.cv3.conv.output_quantizer                                           TensorQuantizer(disabled)
model.20.m.0.cv3.conv.weight_quantizer                                           TensorQuantizer(8 bit fake axis=0 amax=[0.0078, 0.0518](256) calibrator=MaxCalibrator quant)
model.20.m.0.cv3.bn.input_quantizer                                              TensorQuantizer(disabled)
model.20.m.0.cv3.bn.output_quantizer                                             TensorQuantizer(disabled)
model.20.m.0.m.0.cv1.conv.input_quantizer                                        TensorQuantizer(8 bit fake per-tensor amax=7.7905 calibrator=MaxCalibrator quant)
model.20.m.0.m.0.cv1.conv.output_quantizer                                       TensorQuantizer(disabled)
model.20.m.0.m.0.cv1.conv.weight_quantizer                                       TensorQuantizer(8 bit fake axis=0 amax=[0.0094, 0.0363](128) calibrator=MaxCalibrator quant)
model.20.m.0.m.0.cv1.bn.input_quantizer                                          TensorQuantizer(disabled)
model.20.m.0.m.0.cv1.bn.output_quantizer                                         TensorQuantizer(disabled)
model.20.m.0.m.0.cv2.conv.input_quantizer                                        TensorQuantizer(8 bit fake per-tensor amax=12.8984 calibrator=MaxCalibrator quant)
model.20.m.0.m.0.cv2.conv.output_quantizer                                       TensorQuantizer(disabled)
model.20.m.0.m.0.cv2.conv.weight_quantizer                                       TensorQuantizer(8 bit fake axis=0 amax=[0.0084, 0.0471](128) calibrator=MaxCalibrator quant)
model.20.m.0.m.0.cv2.bn.input_quantizer                                          TensorQuantizer(disabled)
model.20.m.0.m.0.cv2.bn.output_quantizer                                         TensorQuantizer(disabled)
model.20.m.0.m.1.cv1.conv.input_quantizer                                        TensorQuantizer(8 bit fake per-tensor amax=14.5988 calibrator=MaxCalibrator quant)
model.20.m.0.m.1.cv1.conv.output_quantizer                                       TensorQuantizer(disabled)
model.20.m.0.m.1.cv1.conv.weight_quantizer                                       TensorQuantizer(8 bit fake axis=0 amax=[0.0102, 0.0509](128) calibrator=MaxCalibrator quant)
model.20.m.0.m.1.cv1.bn.input_quantizer                                          TensorQuantizer(disabled)
model.20.m.0.m.1.cv1.bn.output_quantizer                                         TensorQuantizer(disabled)
model.20.m.0.m.1.cv2.conv.input_quantizer                                        TensorQuantizer(8 bit fake per-tensor amax=14.8869 calibrator=MaxCalibrator quant)
model.20.m.0.m.1.cv2.conv.output_quantizer                                       TensorQuantizer(disabled)
model.20.m.0.m.1.cv2.conv.weight_quantizer                                       TensorQuantizer(8 bit fake axis=0 amax=[0.0096, 0.0422](128) calibrator=MaxCalibrator quant)
model.20.m.0.m.1.cv2.bn.input_quantizer                                          TensorQuantizer(disabled)
model.20.m.0.m.1.cv2.bn.output_quantizer                                         TensorQuantizer(disabled)
model.20.m.1.cv1.conv.input_quantizer                                            TensorQuantizer(8 bit fake per-tensor amax=17.1612 calibrator=MaxCalibrator quant)
model.20.m.1.cv1.conv.output_quantizer                                           TensorQuantizer(disabled)
model.20.m.1.cv1.conv.weight_quantizer                                           TensorQuantizer(8 bit fake axis=0 amax=[0.0106, 0.0583](128) calibrator=MaxCalibrator quant)
model.20.m.1.cv1.bn.input_quantizer                                              TensorQuantizer(disabled)
model.20.m.1.cv1.bn.output_quantizer                                             TensorQuantizer(disabled)
model.20.m.1.cv2.conv.input_quantizer                                            TensorQuantizer(8 bit fake per-tensor amax=17.1612 calibrator=MaxCalibrator quant)
model.20.m.1.cv2.conv.output_quantizer                                           TensorQuantizer(disabled)
model.20.m.1.cv2.conv.weight_quantizer                                           TensorQuantizer(8 bit fake axis=0 amax=[0.0049, 0.0243](128) calibrator=MaxCalibrator quant)
model.20.m.1.cv2.bn.input_quantizer                                              TensorQuantizer(disabled)
model.20.m.1.cv2.bn.output_quantizer                                             TensorQuantizer(disabled)
model.20.m.1.cv3.conv.input_quantizer                                            TensorQuantizer(8 bit fake per-tensor amax=24.1627 calibrator=MaxCalibrator quant)
model.20.m.1.cv3.conv.output_quantizer                                           TensorQuantizer(disabled)
model.20.m.1.cv3.conv.weight_quantizer                                           TensorQuantizer(8 bit fake axis=0 amax=[0.0079, 0.0566](256) calibrator=MaxCalibrator quant)
model.20.m.1.cv3.bn.input_quantizer                                              TensorQuantizer(disabled)
model.20.m.1.cv3.bn.output_quantizer                                             TensorQuantizer(disabled)
model.20.m.1.m.0.cv1.conv.input_quantizer                                        TensorQuantizer(8 bit fake per-tensor amax=15.7921 calibrator=MaxCalibrator quant)
model.20.m.1.m.0.cv1.conv.output_quantizer                                       TensorQuantizer(disabled)
model.20.m.1.m.0.cv1.conv.weight_quantizer                                       TensorQuantizer(8 bit fake axis=0 amax=[0.0056, 0.0574](128) calibrator=MaxCalibrator quant)
model.20.m.1.m.0.cv1.bn.input_quantizer                                          TensorQuantizer(disabled)
model.20.m.1.m.0.cv1.bn.output_quantizer                                         TensorQuantizer(disabled)
model.20.m.1.m.0.cv2.conv.input_quantizer                                        TensorQuantizer(8 bit fake per-tensor amax=20.5863 calibrator=MaxCalibrator quant)
model.20.m.1.m.0.cv2.conv.output_quantizer                                       TensorQuantizer(disabled)
model.20.m.1.m.0.cv2.conv.weight_quantizer                                       TensorQuantizer(8 bit fake axis=0 amax=[0.0063, 0.0518](128) calibrator=MaxCalibrator quant)
model.20.m.1.m.0.cv2.bn.input_quantizer                                          TensorQuantizer(disabled)
model.20.m.1.m.0.cv2.bn.output_quantizer                                         TensorQuantizer(disabled)
model.20.m.1.m.1.cv1.conv.input_quantizer                                        TensorQuantizer(8 bit fake per-tensor amax=15.6998 calibrator=MaxCalibrator quant)
model.20.m.1.m.1.cv1.conv.output_quantizer                                       TensorQuantizer(disabled)
model.20.m.1.m.1.cv1.conv.weight_quantizer                                       TensorQuantizer(8 bit fake axis=0 amax=[0.0047, 0.0621](128) calibrator=MaxCalibrator quant)
model.20.m.1.m.1.cv1.bn.input_quantizer                                          TensorQuantizer(disabled)
model.20.m.1.m.1.cv1.bn.output_quantizer                                         TensorQuantizer(disabled)
model.20.m.1.m.1.cv2.conv.input_quantizer                                        TensorQuantizer(8 bit fake per-tensor amax=13.8864 calibrator=MaxCalibrator quant)
model.20.m.1.m.1.cv2.conv.output_quantizer                                       TensorQuantizer(disabled)
model.20.m.1.m.1.cv2.conv.weight_quantizer                                       TensorQuantizer(8 bit fake axis=0 amax=[0.0080, 0.0616](128) calibrator=MaxCalibrator quant)
model.20.m.1.m.1.cv2.bn.input_quantizer                                          TensorQuantizer(disabled)
model.20.m.1.m.1.cv2.bn.output_quantizer                                         TensorQuantizer(disabled)
model.21.conv.input_quantizer                                                    TensorQuantizer(8 bit fake per-tensor amax=21.1353 calibrator=MaxCalibrator quant)
model.21.conv.output_quantizer                                                   TensorQuantizer(disabled)
model.21.conv.weight_quantizer                                                   TensorQuantizer(8 bit fake axis=0 amax=[0.0027, 0.0155](512) calibrator=MaxCalibrator quant)
model.21.bn.input_quantizer                                                      TensorQuantizer(disabled)
model.21.bn.output_quantizer                                                     TensorQuantizer(disabled)
model.23.cv1.conv.input_quantizer                                                TensorQuantizer(8 bit fake per-tensor amax=17.6526 calibrator=MaxCalibrator quant)
model.23.cv1.conv.output_quantizer                                               TensorQuantizer(disabled)
model.23.cv1.conv.weight_quantizer                                               TensorQuantizer(8 bit fake axis=0 amax=[0.0043, 0.0503](512) calibrator=MaxCalibrator quant)
model.23.cv1.bn.input_quantizer                                                  TensorQuantizer(disabled)
model.23.cv1.bn.output_quantizer                                                 TensorQuantizer(disabled)
model.23.cv2.conv.input_quantizer                                                TensorQuantizer(8 bit fake per-tensor amax=12.2734 calibrator=MaxCalibrator quant)
model.23.cv2.conv.output_quantizer                                               TensorQuantizer(disabled)
model.23.cv2.conv.weight_quantizer                                               TensorQuantizer(8 bit fake axis=0 amax=[0.0047, 0.0370](512) calibrator=MaxCalibrator quant)
model.23.cv2.bn.input_quantizer                                                  TensorQuantizer(disabled)
model.23.cv2.bn.output_quantizer                                                 TensorQuantizer(disabled)
model.23.m.0.cv1.conv.input_quantizer                                            TensorQuantizer(8 bit fake per-tensor amax=12.2734 calibrator=MaxCalibrator quant)
model.23.m.0.cv1.conv.output_quantizer                                           TensorQuantizer(disabled)
model.23.m.0.cv1.conv.weight_quantizer                                           TensorQuantizer(8 bit fake axis=0 amax=[0.0083, 0.0283](128) calibrator=MaxCalibrator quant)
model.23.m.0.cv1.bn.input_quantizer                                              TensorQuantizer(disabled)
model.23.m.0.cv1.bn.output_quantizer                                             TensorQuantizer(disabled)
model.23.m.0.cv2.conv.input_quantizer                                            TensorQuantizer(8 bit fake per-tensor amax=12.2734 calibrator=MaxCalibrator quant)
model.23.m.0.cv2.conv.output_quantizer                                           TensorQuantizer(disabled)
model.23.m.0.cv2.conv.weight_quantizer                                           TensorQuantizer(8 bit fake axis=0 amax=[0.0024, 0.0156](128) calibrator=MaxCalibrator quant)
model.23.m.0.cv2.bn.input_quantizer                                              TensorQuantizer(disabled)
model.23.m.0.cv2.bn.output_quantizer                                             TensorQuantizer(disabled)
model.23.m.0.cv3.conv.input_quantizer                                            TensorQuantizer(8 bit fake per-tensor amax=21.0348 calibrator=MaxCalibrator quant)
model.23.m.0.cv3.conv.output_quantizer                                           TensorQuantizer(disabled)
model.23.m.0.cv3.conv.weight_quantizer                                           TensorQuantizer(8 bit fake axis=0 amax=[0.0045, 0.0289](256) calibrator=MaxCalibrator quant)
model.23.m.0.cv3.bn.input_quantizer                                              TensorQuantizer(disabled)
model.23.m.0.cv3.bn.output_quantizer                                             TensorQuantizer(disabled)
model.23.m.0.m.0.cv1.conv.input_quantizer                                        TensorQuantizer(8 bit fake per-tensor amax=9.1679 calibrator=MaxCalibrator quant)
model.23.m.0.m.0.cv1.conv.output_quantizer                                       TensorQuantizer(disabled)
model.23.m.0.m.0.cv1.conv.weight_quantizer                                       TensorQuantizer(8 bit fake axis=0 amax=[0.0059, 0.0250](128) calibrator=MaxCalibrator quant)
model.23.m.0.m.0.cv1.bn.input_quantizer                                          TensorQuantizer(disabled)
model.23.m.0.m.0.cv1.bn.output_quantizer                                         TensorQuantizer(disabled)
model.23.m.0.m.0.cv2.conv.input_quantizer                                        TensorQuantizer(8 bit fake per-tensor amax=12.6719 calibrator=MaxCalibrator quant)
model.23.m.0.m.0.cv2.conv.output_quantizer                                       TensorQuantizer(disabled)
model.23.m.0.m.0.cv2.conv.weight_quantizer                                       TensorQuantizer(8 bit fake axis=0 amax=[0.0064, 0.0271](128) calibrator=MaxCalibrator quant)
model.23.m.0.m.0.cv2.bn.input_quantizer                                          TensorQuantizer(disabled)
model.23.m.0.m.0.cv2.bn.output_quantizer                                         TensorQuantizer(disabled)
model.23.m.0.m.1.cv1.conv.input_quantizer                                        TensorQuantizer(8 bit fake per-tensor amax=13.4253 calibrator=MaxCalibrator quant)
model.23.m.0.m.1.cv1.conv.output_quantizer                                       TensorQuantizer(disabled)
model.23.m.0.m.1.cv1.conv.weight_quantizer                                       TensorQuantizer(8 bit fake axis=0 amax=[0.0059, 0.0326](128) calibrator=MaxCalibrator quant)
model.23.m.0.m.1.cv1.bn.input_quantizer                                          TensorQuantizer(disabled)
model.23.m.0.m.1.cv1.bn.output_quantizer                                         TensorQuantizer(disabled)
model.23.m.0.m.1.cv2.conv.input_quantizer                                        TensorQuantizer(8 bit fake per-tensor amax=13.8997 calibrator=MaxCalibrator quant)
model.23.m.0.m.1.cv2.conv.output_quantizer                                       TensorQuantizer(disabled)
model.23.m.0.m.1.cv2.conv.weight_quantizer                                       TensorQuantizer(8 bit fake axis=0 amax=[0.0060, 0.0248](128) calibrator=MaxCalibrator quant)
model.23.m.0.m.1.cv2.bn.input_quantizer                                          TensorQuantizer(disabled)
model.23.m.0.m.1.cv2.bn.output_quantizer                                         TensorQuantizer(disabled)
model.23.m.1.cv1.conv.input_quantizer                                            TensorQuantizer(8 bit fake per-tensor amax=12.2608 calibrator=MaxCalibrator quant)
model.23.m.1.cv1.conv.output_quantizer                                           TensorQuantizer(disabled)
model.23.m.1.cv1.conv.weight_quantizer                                           TensorQuantizer(8 bit fake axis=0 amax=[0.0059, 0.0341](128) calibrator=MaxCalibrator quant)
model.23.m.1.cv1.bn.input_quantizer                                              TensorQuantizer(disabled)
model.23.m.1.cv1.bn.output_quantizer                                             TensorQuantizer(disabled)
model.23.m.1.cv2.conv.input_quantizer                                            TensorQuantizer(8 bit fake per-tensor amax=12.2608 calibrator=MaxCalibrator quant)
model.23.m.1.cv2.conv.output_quantizer                                           TensorQuantizer(disabled)
model.23.m.1.cv2.conv.weight_quantizer                                           TensorQuantizer(8 bit fake axis=0 amax=[0.0000, 0.0122](128) calibrator=MaxCalibrator quant)
model.23.m.1.cv2.bn.input_quantizer                                              TensorQuantizer(disabled)
model.23.m.1.cv2.bn.output_quantizer                                             TensorQuantizer(disabled)
model.23.m.1.cv3.conv.input_quantizer                                            TensorQuantizer(8 bit fake per-tensor amax=20.4304 calibrator=MaxCalibrator quant)
model.23.m.1.cv3.conv.output_quantizer                                           TensorQuantizer(disabled)
model.23.m.1.cv3.conv.weight_quantizer                                           TensorQuantizer(8 bit fake axis=0 amax=[0.0059, 0.0329](256) calibrator=MaxCalibrator quant)
model.23.m.1.cv3.bn.input_quantizer                                              TensorQuantizer(disabled)
model.23.m.1.cv3.bn.output_quantizer                                             TensorQuantizer(disabled)
model.23.m.1.m.0.cv1.conv.input_quantizer                                        TensorQuantizer(8 bit fake per-tensor amax=15.7704 calibrator=MaxCalibrator quant)
model.23.m.1.m.0.cv1.conv.output_quantizer                                       TensorQuantizer(disabled)
model.23.m.1.m.0.cv1.conv.weight_quantizer                                       TensorQuantizer(8 bit fake axis=0 amax=[0.0046, 0.0237](128) calibrator=MaxCalibrator quant)
model.23.m.1.m.0.cv1.bn.input_quantizer                                          TensorQuantizer(disabled)
model.23.m.1.m.0.cv1.bn.output_quantizer                                         TensorQuantizer(disabled)
model.23.m.1.m.0.cv2.conv.input_quantizer                                        TensorQuantizer(8 bit fake per-tensor amax=13.4156 calibrator=MaxCalibrator quant)
model.23.m.1.m.0.cv2.conv.output_quantizer                                       TensorQuantizer(disabled)
model.23.m.1.m.0.cv2.conv.weight_quantizer                                       TensorQuantizer(8 bit fake axis=0 amax=[0.0043, 0.0303](128) calibrator=MaxCalibrator quant)
model.23.m.1.m.0.cv2.bn.input_quantizer                                          TensorQuantizer(disabled)
model.23.m.1.m.0.cv2.bn.output_quantizer                                         TensorQuantizer(disabled)
model.23.m.1.m.1.cv1.conv.input_quantizer                                        TensorQuantizer(8 bit fake per-tensor amax=15.7305 calibrator=MaxCalibrator quant)
model.23.m.1.m.1.cv1.conv.output_quantizer                                       TensorQuantizer(disabled)
model.23.m.1.m.1.cv1.conv.weight_quantizer                                       TensorQuantizer(8 bit fake axis=0 amax=[0.0046, 0.0304](128) calibrator=MaxCalibrator quant)
model.23.m.1.m.1.cv1.bn.input_quantizer                                          TensorQuantizer(disabled)
model.23.m.1.m.1.cv1.bn.output_quantizer                                         TensorQuantizer(disabled)
model.23.m.1.m.1.cv2.conv.input_quantizer                                        TensorQuantizer(8 bit fake per-tensor amax=15.4808 calibrator=MaxCalibrator quant)
model.23.m.1.m.1.cv2.conv.output_quantizer                                       TensorQuantizer(disabled)
model.23.m.1.m.1.cv2.conv.weight_quantizer                                       TensorQuantizer(8 bit fake axis=0 amax=[0.0045, 0.0254](128) calibrator=MaxCalibrator quant)
model.23.m.1.m.1.cv2.bn.input_quantizer                                          TensorQuantizer(disabled)
model.23.m.1.m.1.cv2.bn.output_quantizer                                         TensorQuantizer(disabled)
model.24.cv2.0.0.conv.input_quantizer                                            TensorQuantizer(8 bit fake per-tensor amax=12.4394 calibrator=MaxCalibrator quant)
model.24.cv2.0.0.conv.output_quantizer                                           TensorQuantizer(disabled)
model.24.cv2.0.0.conv.weight_quantizer                                           TensorQuantizer(8 bit fake axis=0 amax=[0.0120, 0.0733](64) calibrator=MaxCalibrator quant)
model.24.cv2.0.0.bn.input_quantizer                                              TensorQuantizer(disabled)
model.24.cv2.0.0.bn.output_quantizer                                             TensorQuantizer(disabled)
model.24.cv2.0.1.conv.input_quantizer                                            TensorQuantizer(8 bit fake per-tensor amax=14.7250 calibrator=MaxCalibrator quant)
model.24.cv2.0.1.conv.output_quantizer                                           TensorQuantizer(disabled)
model.24.cv2.0.1.conv.weight_quantizer                                           TensorQuantizer(8 bit fake axis=0 amax=[0.0283, 0.0969](64) calibrator=MaxCalibrator quant)
model.24.cv2.0.1.bn.input_quantizer                                              TensorQuantizer(disabled)
model.24.cv2.0.1.bn.output_quantizer                                             TensorQuantizer(disabled)
model.24.cv2.0.2.input_quantizer                                                 TensorQuantizer(8 bit fake per-tensor amax=87.5033 calibrator=MaxCalibrator quant)
model.24.cv2.0.2.output_quantizer                                                TensorQuantizer(disabled)
model.24.cv2.0.2.weight_quantizer                                                TensorQuantizer(8 bit fake axis=0 amax=[0.0455, 0.2236](64) calibrator=MaxCalibrator quant)
model.24.cv2.1.0.conv.input_quantizer                                            TensorQuantizer(8 bit fake per-tensor amax=21.1353 calibrator=MaxCalibrator quant)
model.24.cv2.1.0.conv.output_quantizer                                           TensorQuantizer(disabled)
model.24.cv2.1.0.conv.weight_quantizer                                           TensorQuantizer(8 bit fake axis=0 amax=[0.0088, 0.0638](64) calibrator=MaxCalibrator quant)
model.24.cv2.1.0.bn.input_quantizer                                              TensorQuantizer(disabled)
model.24.cv2.1.0.bn.output_quantizer                                             TensorQuantizer(disabled)
model.24.cv2.1.1.conv.input_quantizer                                            TensorQuantizer(8 bit fake per-tensor amax=29.5803 calibrator=MaxCalibrator quant)
model.24.cv2.1.1.conv.output_quantizer                                           TensorQuantizer(disabled)
model.24.cv2.1.1.conv.weight_quantizer                                           TensorQuantizer(8 bit fake axis=0 amax=[0.0293, 0.1023](64) calibrator=MaxCalibrator quant)
model.24.cv2.1.1.bn.input_quantizer                                              TensorQuantizer(disabled)
model.24.cv2.1.1.bn.output_quantizer                                             TensorQuantizer(disabled)
model.24.cv2.1.2.input_quantizer                                                 TensorQuantizer(8 bit fake per-tensor amax=91.5438 calibrator=MaxCalibrator quant)
model.24.cv2.1.2.output_quantizer                                                TensorQuantizer(disabled)
model.24.cv2.1.2.weight_quantizer                                                TensorQuantizer(8 bit fake axis=0 amax=[0.0580, 0.2507](64) calibrator=MaxCalibrator quant)
model.24.cv2.2.0.conv.input_quantizer                                            TensorQuantizer(8 bit fake per-tensor amax=12.5015 calibrator=MaxCalibrator quant)
model.24.cv2.2.0.conv.output_quantizer                                           TensorQuantizer(disabled)
model.24.cv2.2.0.conv.weight_quantizer                                           TensorQuantizer(8 bit fake axis=0 amax=[0.0099, 0.0248](64) calibrator=MaxCalibrator quant)
model.24.cv2.2.0.bn.input_quantizer                                              TensorQuantizer(disabled)
model.24.cv2.2.0.bn.output_quantizer                                             TensorQuantizer(disabled)
model.24.cv2.2.1.conv.input_quantizer                                            TensorQuantizer(8 bit fake per-tensor amax=20.2291 calibrator=MaxCalibrator quant)
model.24.cv2.2.1.conv.output_quantizer                                           TensorQuantizer(disabled)
model.24.cv2.2.1.conv.weight_quantizer                                           TensorQuantizer(8 bit fake axis=0 amax=[0.0142, 0.0570](64) calibrator=MaxCalibrator quant)
model.24.cv2.2.1.bn.input_quantizer                                              TensorQuantizer(disabled)
model.24.cv2.2.1.bn.output_quantizer                                             TensorQuantizer(disabled)
model.24.cv2.2.2.input_quantizer                                                 TensorQuantizer(8 bit fake per-tensor amax=80.3713 calibrator=MaxCalibrator quant)
model.24.cv2.2.2.output_quantizer                                                TensorQuantizer(disabled)
model.24.cv2.2.2.weight_quantizer                                                TensorQuantizer(8 bit fake axis=0 amax=[0.0329, 0.1836](64) calibrator=MaxCalibrator quant)
model.24.cv3.0.0.0.conv.input_quantizer                                          TensorQuantizer(8 bit fake per-tensor amax=12.4394 calibrator=MaxCalibrator quant)
model.24.cv3.0.0.0.conv.output_quantizer                                         TensorQuantizer(disabled)
model.24.cv3.0.0.0.conv.weight_quantizer                                         TensorQuantizer(8 bit fake axis=0 amax=[0.0059, 0.0608](256) calibrator=MaxCalibrator quant)
model.24.cv3.0.0.0.bn.input_quantizer                                            TensorQuantizer(disabled)
model.24.cv3.0.0.0.bn.output_quantizer                                           TensorQuantizer(disabled)
model.24.cv3.0.0.1.conv.input_quantizer                                          TensorQuantizer(8 bit fake per-tensor amax=22.4036 calibrator=MaxCalibrator quant)
model.24.cv3.0.0.1.conv.output_quantizer                                         TensorQuantizer(disabled)
model.24.cv3.0.0.1.conv.weight_quantizer                                         TensorQuantizer(8 bit fake axis=0 amax=[0.0111, 0.0622](256) calibrator=MaxCalibrator quant)
model.24.cv3.0.0.1.bn.input_quantizer                                            TensorQuantizer(disabled)
model.24.cv3.0.0.1.bn.output_quantizer                                           TensorQuantizer(disabled)
model.24.cv3.0.1.0.conv.input_quantizer                                          TensorQuantizer(8 bit fake per-tensor amax=14.2996 calibrator=MaxCalibrator quant)
model.24.cv3.0.1.0.conv.output_quantizer                                         TensorQuantizer(disabled)
model.24.cv3.0.1.0.conv.weight_quantizer                                         TensorQuantizer(8 bit fake axis=0 amax=[0.0118, 0.1151](256) calibrator=MaxCalibrator quant)
model.24.cv3.0.1.0.bn.input_quantizer                                            TensorQuantizer(disabled)
model.24.cv3.0.1.0.bn.output_quantizer                                           TensorQuantizer(disabled)
model.24.cv3.0.1.1.conv.input_quantizer                                          TensorQuantizer(8 bit fake per-tensor amax=25.0037 calibrator=MaxCalibrator quant)
model.24.cv3.0.1.1.conv.output_quantizer                                         TensorQuantizer(disabled)
model.24.cv3.0.1.1.conv.weight_quantizer                                         TensorQuantizer(8 bit fake axis=0 amax=[0.0119, 0.0429](256) calibrator=MaxCalibrator quant)
model.24.cv3.0.1.1.bn.input_quantizer                                            TensorQuantizer(disabled)
model.24.cv3.0.1.1.bn.output_quantizer                                           TensorQuantizer(disabled)
model.24.cv3.0.2.input_quantizer                                                 TensorQuantizer(8 bit fake per-tensor amax=53.3160 calibrator=MaxCalibrator quant)
model.24.cv3.0.2.output_quantizer                                                TensorQuantizer(disabled)
model.24.cv3.0.2.weight_quantizer                                                TensorQuantizer(8 bit fake axis=0 amax=[0.0361, 0.0877](80) calibrator=MaxCalibrator quant)
model.24.cv3.1.0.0.conv.input_quantizer                                          TensorQuantizer(8 bit fake per-tensor amax=21.1353 calibrator=MaxCalibrator quant)
model.24.cv3.1.0.0.conv.output_quantizer                                         TensorQuantizer(disabled)
model.24.cv3.1.0.0.conv.weight_quantizer                                         TensorQuantizer(8 bit fake axis=0 amax=[0.0037, 0.0660](512) calibrator=MaxCalibrator quant)
model.24.cv3.1.0.0.bn.input_quantizer                                            TensorQuantizer(disabled)
model.24.cv3.1.0.0.bn.output_quantizer                                           TensorQuantizer(disabled)
model.24.cv3.1.0.1.conv.input_quantizer                                          TensorQuantizer(8 bit fake per-tensor amax=20.0948 calibrator=MaxCalibrator quant)
model.24.cv3.1.0.1.conv.output_quantizer                                         TensorQuantizer(disabled)
model.24.cv3.1.0.1.conv.weight_quantizer                                         TensorQuantizer(8 bit fake axis=0 amax=[0.0077, 0.0675](256) calibrator=MaxCalibrator quant)
model.24.cv3.1.0.1.bn.input_quantizer                                            TensorQuantizer(disabled)
model.24.cv3.1.0.1.bn.output_quantizer                                           TensorQuantizer(disabled)
model.24.cv3.1.1.0.conv.input_quantizer                                          TensorQuantizer(8 bit fake per-tensor amax=13.2810 calibrator=MaxCalibrator quant)
model.24.cv3.1.1.0.conv.output_quantizer                                         TensorQuantizer(disabled)
model.24.cv3.1.1.0.conv.weight_quantizer                                         TensorQuantizer(8 bit fake axis=0 amax=[0.0113, 0.1067](256) calibrator=MaxCalibrator quant)
model.24.cv3.1.1.0.bn.input_quantizer                                            TensorQuantizer(disabled)
model.24.cv3.1.1.0.bn.output_quantizer                                           TensorQuantizer(disabled)
model.24.cv3.1.1.1.conv.input_quantizer                                          TensorQuantizer(8 bit fake per-tensor amax=51.7541 calibrator=MaxCalibrator quant)
model.24.cv3.1.1.1.conv.output_quantizer                                         TensorQuantizer(disabled)
model.24.cv3.1.1.1.conv.weight_quantizer                                         TensorQuantizer(8 bit fake axis=0 amax=[0.0077, 0.0403](256) calibrator=MaxCalibrator quant)
model.24.cv3.1.1.1.bn.input_quantizer                                            TensorQuantizer(disabled)
model.24.cv3.1.1.1.bn.output_quantizer                                           TensorQuantizer(disabled)
model.24.cv3.1.2.input_quantizer                                                 TensorQuantizer(8 bit fake per-tensor amax=45.1786 calibrator=MaxCalibrator quant)
model.24.cv3.1.2.output_quantizer                                                TensorQuantizer(disabled)
model.24.cv3.1.2.weight_quantizer                                                TensorQuantizer(8 bit fake axis=0 amax=[0.0332, 0.0897](80) calibrator=MaxCalibrator quant)
model.24.cv3.2.0.0.conv.input_quantizer                                          TensorQuantizer(8 bit fake per-tensor amax=12.5015 calibrator=MaxCalibrator quant)
model.24.cv3.2.0.0.conv.output_quantizer                                         TensorQuantizer(disabled)
model.24.cv3.2.0.0.conv.weight_quantizer                                         TensorQuantizer(8 bit fake axis=0 amax=[0.0000, 0.0529](512) calibrator=MaxCalibrator quant)
model.24.cv3.2.0.0.bn.input_quantizer                                            TensorQuantizer(disabled)
model.24.cv3.2.0.0.bn.output_quantizer                                           TensorQuantizer(disabled)
model.24.cv3.2.0.1.conv.input_quantizer                                          TensorQuantizer(8 bit fake per-tensor amax=12.6167 calibrator=MaxCalibrator quant)
model.24.cv3.2.0.1.conv.output_quantizer                                         TensorQuantizer(disabled)
model.24.cv3.2.0.1.conv.weight_quantizer                                         TensorQuantizer(8 bit fake axis=0 amax=[0.0000, 0.0567](256) calibrator=MaxCalibrator quant)
model.24.cv3.2.0.1.bn.input_quantizer                                            TensorQuantizer(disabled)
model.24.cv3.2.0.1.bn.output_quantizer                                           TensorQuantizer(disabled)
model.24.cv3.2.1.0.conv.input_quantizer                                          TensorQuantizer(8 bit fake per-tensor amax=15.6551 calibrator=MaxCalibrator quant)
model.24.cv3.2.1.0.conv.output_quantizer                                         TensorQuantizer(disabled)
model.24.cv3.2.1.0.conv.weight_quantizer                                         TensorQuantizer(8 bit fake axis=0 amax=[0.0000, 0.0887](256) calibrator=MaxCalibrator quant)
model.24.cv3.2.1.0.bn.input_quantizer                                            TensorQuantizer(disabled)
model.24.cv3.2.1.0.bn.output_quantizer                                           TensorQuantizer(disabled)
model.24.cv3.2.1.1.conv.input_quantizer                                          TensorQuantizer(8 bit fake per-tensor amax=31.9381 calibrator=MaxCalibrator quant)
model.24.cv3.2.1.1.conv.output_quantizer                                         TensorQuantizer(disabled)
model.24.cv3.2.1.1.conv.weight_quantizer                                         TensorQuantizer(8 bit fake axis=0 amax=[0.0067, 0.0428](256) calibrator=MaxCalibrator quant)
model.24.cv3.2.1.1.bn.input_quantizer                                            TensorQuantizer(disabled)
model.24.cv3.2.1.1.bn.output_quantizer                                           TensorQuantizer(disabled)
model.24.cv3.2.2.input_quantizer                                                 TensorQuantizer(8 bit fake per-tensor amax=64.2365 calibrator=MaxCalibrator quant)
model.24.cv3.2.2.output_quantizer                                                TensorQuantizer(disabled)
model.24.cv3.2.2.weight_quantizer                                                TensorQuantizer(8 bit fake axis=0 amax=[0.0194, 0.0792](80) calibrator=MaxCalibrator quant)
model.24.dfl.conv.input_quantizer                                                TensorQuantizer(disabled)
model.24.dfl.conv.output_quantizer                                               TensorQuantizer(disabled)
model.24.dfl.conv.weight_quantizer                                               TensorQuantizer(disabled)
1371 TensorQuantizers found in model
[mtq] exporting with 536 active quantizers (1 candidate weight sets)
[onnx] runs/a3/v01l/qdq/qat_qdq_model.onnx
  [audit int8-qdq] engine layer precisions: {'Half': 389, 'Int8': 299, 'Float': 92}
Ultralytics 8.4.101 🚀 Python-3.11.10 torch-2.4.1+cu124 CUDA:0 (NVIDIA L4, 22563MiB)
Loading runs/a3/v01l/qdq/model_int8-qdq_model.engine for TensorRT inference...
[08/25/2026-16:39:26] [TRT] [I] Loaded engine size: 79 MiB
[08/25/2026-16:39:26] [TRT] [I] [MemUsageChange] TensorRT-managed allocation in IExecutionContext creation: CPU +1, GPU +76, now: CPU 2, GPU 143 (MiB)
Setting batch=1 input of shape (1, 3, 640, 640)
WARNING ⚠️ [34m[1mval: [0mSlow image access detected (ping: 0.5±0.1 ms, read: 33.1±22.1 MB/s, size: 193.2 KB). Use local storage instead of remote/mounted storage for better performance. See https://docs.ultralytics.com/guides/model-training-tips/
[K[34m[1mval: [0mScanning /data/datasets/coco/labels/val2017.cache... 4952 images, 48 backgrounds, 0 corrupt: 100% ━━━━━━━━━━━━ 5000/5000 635.5Mit/s 0.0s
[K                 Class     Images  Instances      Box(P          R      mAP50  mAP50-95): 0% ──────────── 2/5000 5.1it/s 0.1s<16:23[K                 Class     Images  Instances      Box(P          R      mAP50  mAP50-95): 0% ──────────── 5/5000 8.6it/s 0.3s<9:43[K                 Class     Images  Instances      Box(P          R      mAP50  mAP50-95): 0% ──────────── 8/5000 10.1it/s 0.5s<8:12[K                 Class     Images  Instances      Box(P          R      mAP50  mAP50-95): 0% ──────────── 13/5000 20.9it/s 0.6s<3:58[K                 Class     Images  Instances      Box(P          R      mAP50  mAP50-95): 0% ──────────── 16/5000 23.3it/s 0.7s<3:34[K                 Class     Images  Instances      Box(P          R      mAP50  mAP50-95): 0% ──────────── 20/5000 23.4it/s 0.9s<3:33[K                 Class     Images  Instances      Box(P          R      mAP50  mAP50-95): 0% ──────────── 23/5000 24.8it/s 1.0s<3:21[K                 Class     Images  Instances      Box(P          R      mAP50  mAP50-95): 0% ──────────── 26/5000 25.5it/s 1.1s<3:15[K                 Class     Images  Instances      Box(P          R      mAP50  mAP50-95): 0% ──────────── 29/5000 22.8it/s 1.3s<3:38[K                 Class     Images  Instances      Box(P          R      mAP50  mAP50-95): 0% ──────────── 32/5000 24.1it/s 1.4s<3:26[K                 Class     Images  Instances      Box(P          R      mAP50  mAP50-95): 0% ──────────── 35/5000 25.1it/s 1.5s<3:18[K                 Class     Images  Instances      Box(P          R      mAP50  mAP50-95): 0% ──────────── 38/5000 26.5it/s 1.6s<3:07[K                 Class     Images  Instances      Box(P          R      mAP50  mAP50-95): 0% ──────────── 41/5000 27.1it/s 1.7s<3:03[K                 Class     Images  Instances      Box(P          R      mAP50  mAP50-95): 0% ──────────── 44/5000 24.1it/s 1.9s<3:25[K                 Class     Images  Instances      Box(P          R      mAP50  mAP50-95): 0% ──────────── 47/5000 24.9it/s 2.0s<3:19[K                 Class     Images  Instances      Box(P          R      mAP50  mAP50-95): 0% ──────────── 49/5000 23.3it/s 2.1s<3:33[K                 Class     Images  Instances      Box(P          R      mAP50  mAP50-95): 1% ──────────── 51/5000 19.5it/s 2.3s<4:13[K                 Class     Images  Instances      Box(P          R      mAP50  mAP50-95): 1% ──────────── 53/5000 19.2it/s 2.4s<4:18[K                 Class     Images  Instances      Box(P          R      mAP50  mAP50-95): 1% ──────────── 55/5000 19.4it/s 2.5s<4:15[K                 Class     Images  Instances      Box(P          R      mAP50  mAP50-95): 1% ──────────── 58/5000 18.3it/s 2.7s<4:30[K                 Class     Images  Instances      Box(P          R      mAP50  mAP50-95): 1% ──────────── 60/5000 18.5it/s 2.8s<4:27[K                 Class     Images  Instances      Box(P          R      mAP50  mAP50-95): 1% ──────────── 64/5000 23.9it/s 2.9s<3:26[K                 Class     Images  Instances      Box(P          R      mAP50  mAP50-95): 1% ──────────── 68/5000 23.0it/s 3.1s<3:34[K                 Class     Images  Instances      Box(P          R      mAP50  mAP50-95): 1% ──────────── 69/5000 19.1it/s 3.2s<4:18[K                 Class     Images  Instances      Box(P          R      mAP50  mAP50-95): 1% ──────────── 71/5000 19.1it/s 3.3s<4:19[K                 Class     Images  Instances      Box(P          R      mAP50  mAP50-95): 1% ──────────── 74/5000 21.4it/s 3.4s<3:50[K                 Class     Images  Instances      Box(P          R      mAP50  mAP50-95): 1% ──────────── 78/5000 26.8it/s 3.5s<3:04[K                 Class     Images  Instances      Box(P          R      mAP50  mAP50-95): 1% ──────────── 81/5000 23.6it/s 3.7s<3:28[K                 Class     Images  Instances      Box(P          R      mAP50  mAP50-95): 1% ──────────── 83/5000 22.1it/s 3.8s<3:43[K                 Class     Images  Instances      Box(P          R      mAP50  mAP50-95): 1% ──────────── 86/5000 23.6it/s 3.9s<3:28[K                 Class     Images  Instances      Box(P          R      mAP50  mAP50-95): 1% ──────────── 89/5000 21.8it/s 4.1s<3:46[K                 Class     Images  Instances      Box(P          R      mAP50  mAP50-95): 1% ──────────── 91/5000 21.0it/s 4.2s<3:54[K                 Class     Images  Instances      Box(P          R      mAP50  mAP50-95): 1% ──────────── 94/5000 22.9it/s 4.3s<3:34[K                 Class     Images  Instances      Box(P          R      mAP50  mAP50-95): 1% ──────────── 97/5000 24.1it/s 4.4s<3:24[K                 Class     Images  Instances      Box(P          R      mAP50  mAP50-95): 1% ──────────── 99/5000 20.3it/s 4.6s<4:02[K                 Class     Images  Instances      Box(P          R      mAP50  mAP50-95): 2% ──────────── 101/5000 19.8it/s 4.7s<4:08[K                 Class     Images  Instances      Box(P          R      mAP50  mAP50-95): 2% ──────────── 104/5000 22.5it/s 4.8s<3:38[K                 Class     Images  Instances      Box(P          R      mAP50  mAP50-95): 2% ──────────── 107/5000 20.3it/s 5.0s<4:02[K                 Class     Images  Instances      Box(P          R      mAP50  mAP50-95): 2% ──────────── 110/5000 19.0it/s 5.2s<4:18[K                 Class     Images  Instances      Box(P          R      mAP50  mAP50-95): 2% ──────────── 113/5000 20.9it/s 5.3s<3:54[K                 Class     Images  Instances      Box(P          R      mAP50  mAP50-95): 2% ──────────── 115/5000 17.8it/s 5.5s<4:34[K                 Class     Images  Instances      Box(P          R      mAP50  mAP50-95): 2% ──────────── 117/5000 18.0it/s 5.6s<4:32[K                 Class     Images  Instances      Box(P          R      mAP50  mAP50-95): 2% ──────────── 120/5000 20.7it/s 5.7s<3:56[K                 Class     Images  Instances      Box(P          R      mAP50  mAP50-95): 2% ──────────── 123/5000 19.5it/s 5.9s<4:10[K                 Class     Images  Instances      Box(P          R      mAP50  mAP50-95): 2% ──────────── 125/5000 19.6it/s 6.0s<4:09[K                 Class     Images  Instances      Box(P          R      mAP50  mAP50-95): 2% ──────────── 127/5000 19.6it/s 6.1s<4:09[K                 Class     Images  Instances      Box(P          R      mAP50  mAP50-95): 2% ──────────── 129/5000 16.9it/s 6.3s<4:49[K                 Class     Images  Instances      Box(P          R      mAP50  mAP50-95): 2% ──────────── 131/5000 17.7it/s 6.4s<4:34[K                 Class     Images  Instances      Box(P          R      mAP50  mAP50-95): 2% ──────────── 134/5000 20.2it/s 6.5s<4:01[K                 Class     Images  Instances      Box(P          R      mAP50  mAP50-95): 2% ──────────── 136/5000 20.0it/s 6.6s<4:03[K                 Class     Images  Instances      Box(P          R      mAP50  mAP50-95): 2% ──────────── 138/5000 19.8it/s 6.7s<4:05[K                 Class     Images  Instances      Box(P          R      mAP50  mAP50-95): 2% ──────────── 141/5000 22.6it/s 6.8s<3:35[K                 Class     Images  Instances      Box(P          R      mAP50  mAP50-95): 2% ──────────── 143/5000 21.6it/s 6.9s<3:45[K                 Class     Images  Instances      Box(P          R      mAP50  mAP50-95): 2% ──────────── 145/5000 21.0it/s 7.0s<3:51[K                 Class     Images  Instances      Box(P          R      mAP50  mAP50-95): 2% ──────────── 147/5000 18.2it/s 7.2s<4:26[K                 Class     Images  Instances      Box(P          R      mAP50  mAP50-95): 2% ──────────── 149/5000 18.1it/s 7.3s<4:28[K                 Class     Images  Instances      Box(P          R      mAP50  mAP50-95): 3% ──────────── 151/5000 18.7it/s 7.4s<4:20[K                 Class     Images  Instances      Box(P          R      mAP50  mAP50-95): 3% ──────────── 154/5000 21.1it/s 7.5s<3:49[K                 Class     Images  Instances      Box(P          R      mAP50  mAP50-95): 3% ──────────── 156/5000 18.1it/s 7.7s<4:27[K                 Class     Images  Instances      Box(P          R      mAP50  mAP50-95): 3% ──────────── 158/5000 18.2it/s 7.8s<4:26[K                 Class     Images  Instances      Box(P          R      mAP50  mAP50-95): 3% ──────────── 161/5000 21.2it/s 7.9s<3:48[K                 Class     Images  Instances      Box(P          R      mAP50  mAP50-95): 3% ──────────── 163/5000 18.2it/s 8.1s<4:26[K                 Class     Images  Instances      Box(P          R      mAP50  mAP50-95): 3% ──────────── 166/5000 20.7it/s 8.2s<3:53[K                 Class     Images  Instances      Box(P          R      mAP50  mAP50-95): 3% ──────────── 168/5000 20.5it/s 8.3s<3:56[K                 Class     Images  Instances      Box(P          R      mAP50  mAP50-95): 3% ──────────── 170/5000 19.6it/s 8.4s<4:07[K                 Class     Images  Instances      Box(P          R      mAP50  mAP50-95): 3% ──────────── 172/5000 17.2it/s 8.6s<4:41[K                 Class     Images  Instances      Box(P          R      mAP50  mAP50-95): 3% ──────────── 175/5000 20.0it/s 8.7s<4:01[K                 Class     Images  Instances      Box(P          R      mAP50  mAP50-95): 3% ──────────── 177/5000 17.2it/s 8.9s<4:41[K                 Class     Images  Instances      Box(P          R      mAP50  mAP50-95): 3% ──────────── 179/5000 17.6it/s 9.0s<4:35[K                 Class     Images  Instances      Box(P          R      mAP50  mAP50-95): 3% ──────────── 182/5000 17.0it/s 9.2s<4:43[K                 Class     Images  Instances      Box(P          R      mAP50  mAP50-95): 3% ──────────── 184/5000 17.5it/s 9.3s<4:35[K                 Class     Images  Instances      Box(P          R      mAP50  mAP50-95): 3% ──────────── 186/5000 15.3it/s 9.5s<5:14[K                 Class     Images  Instances      Box(P          R      mAP50  mAP50-95): 3% ──────────── 189/5000 18.7it/s 9.6s<4:17[K                 Class     Images  Instances      Box(P          R      mAP50  mAP50-95): 3% ──────────── 191/5000 18.7it/s 9.7s<4:18[K                 Class     Images  Instances      Box(P          R      mAP50  mAP50-95): 3% ──────────── 194/5000 17.7it/s 9.9s<4:31[K                 Class     Images  Instances      Box(P          R      mAP50  mAP50-95): 3% ──────────── 196/5000 18.0it/s 10.0s<4:27[K                 Class     Images  Instances      Box(P          R      mAP50  mAP50-95): 3% ──────────── 199/5000 17.3it/s 10.2s<4:38[K                 Class     Images  Instances      Box(P          R      mAP50  mAP50-95): 4% ──────────── 201/5000 17.9it/s 10.3s<4:28[K                 Class     Images  Instances      Box(P          R      mAP50  mAP50-95): 4% ──────────── 203/5000 18.4it/s 10.4s<4:21[K                 Class     Images  Instances      Box(P          R      mAP50  mAP50-95): 4% ──────────── 206/5000 21.5it/s 10.5s<3:43[K                 Class     Images  Instances      Box(P          R      mAP50  mAP50-95): 4% ╸─────────── 209/5000 20.1it/s 10.7s<3:58[K                 Class     Images  Instances      Box(P          R      mAP50  mAP50-95): 4% ╸─────────── 212/5000 22.4it/s 10.8s<3:34[K                 Class     Images  Instances      Box(P          R      mAP50  mAP50-95): 4% ╸─────────── 215/5000 23.7it/s 10.9s<3:21[K                 Class     Images  Instances      Box(P          R      mAP50  mAP50-95): 4% ╸─────────── 218/5000 21.4it/s 11.1s<3:43[K                 Class     Images  Instances      Box(P          R      mAP50  mAP50-95): 4% ╸─────────── 220/5000 20.3it/s 11.2s<3:56[K                 Class     Images  Instances      Box(P          R      mAP50  mAP50-95): 4% ╸─────────── 223/5000 22.5it/s 11.3s<3:33[K                 Class     Images  Instances      Box(P          R      mAP50  mAP50-95): 4% ╸─────────── 227/5000 22.4it/s 11.5s<3:33[K                 Class     Images  Instances      Box(P          R      mAP50  mAP50-95): 4% ╸─────────── 230/5000 24.5it/s 11.6s<3:15[K                 Class     Images  Instances      Box(P          R      mAP50  mAP50-95): 4% ╸─────────── 233/5000 25.4it/s 11.7s<3:08[K                 Class     Images  Instances      Box(P          R      mAP50  mAP50-95): 4% ╸─────────── 236/5000 22.6it/s 11.9s<3:31[K                 Class     Images  Instances      Box(P          R      mAP50  mAP50-95): 4% ╸─────────── 238/5000 21.5it/s 12.0s<3:42[K                 Class     Images  Instances      Box(P          R      mAP50  mAP50-95): 4% ╸─────────── 240/5000 20.2it/s 12.1s<3:56[K                 Class     Images  Instances      Box(P          R      mAP50  mAP50-95): 4% ╸─────────── 242/5000 17.6it/s 12.3s<4:31[K                 Class     Images  Instances      Box(P          R      mAP50  mAP50-95): 4% ╸─────────── 244/5000 17.9it/s 12.4s<4:26[K                 Class     Images  Instances      Box(P          R      mAP50  mAP50-95): 4% ╸─────────── 246/5000 18.1it/s 12.5s<4:23[K                 Class     Images  Instances      Box(P          R      mAP50  mAP50-95): 4% ╸─────────── 248/5000 18.5it/s 12.6s<4:16[K                 Class     Images  Instances      Box(P          R      mAP50  mAP50-95): 5% ╸─────────── 252/5000 24.8it/s 12.7s<3:11[K                 Class     Images  Instances      Box(P          R      mAP50  mAP50-95): 5% ╸─────────── 255/5000 22.5it/s 12.9s<3:31[K                 Class     Images  Instances      Box(P          R      mAP50  mAP50-95): 5% ╸─────────── 257/5000 21.3it/s 13.0s<3:43[K                 Class     Images  Instances      Box(P          R      mAP50  mAP50-95): 5% ╸─────────── 260/5000 23.8it/s 13.1s<3:19[K                 Class     Images  Instances      Box(P          R      mAP50  mAP50-95): 5% ╸─────────── 264/5000 28.4it/s 13.2s<2:47[K                 Class     Images  Instances      Box(P          R      mAP50  mAP50-95): 5% ╸─────────── 267/5000 24.7it/s 13.4s<3:12[K                 Class     Images  Instances      Box(P          R      mAP50  mAP50-95): 5% ╸─────────── 269/5000 23.2it/s 13.5s<3:24[K                 Class     Images  Instances      Box(P          R      mAP50  mAP50-95): 5% ╸─────────── 272/5000 24.1it/s 13.6s<3:16[K                 Class     Images  Instances      Box(P          R      mAP50  mAP50-95): 5% ╸─────────── 276/5000 27.5it/s 13.7s<2:52[K                 Class     Images  Instances      Box(P          R      mAP50  mAP50-95): 5% ╸─────────── 279/5000 24.5it/s 13.9s<3:13[K                 Class     Images  Instances      Box(P          R      mAP50  mAP50-95): 5% ╸─────────── 282/5000 25.5it/s 14.0s<3:05[K                 Class     Images  Instances      Box(P          R      mAP50  mAP50-95): 5% ╸─────────── 284/5000 23.6it/s 14.1s<3:20[K                 Class     Images  Instances      Box(P          R      mAP50  mAP50-95): 5% ╸─────────── 286/5000 22.3it/s 14.2s<3:31[K                 Class     Images  Instances      Box(P          R      mAP50  mAP50-95): 5% ╸─────────── 288/5000 18.7it/s 14.4s<4:13[K                 Class     Images  Instances      Box(P          R      mAP50  mAP50-95): 5% ╸─────────── 290/5000 18.9it/s 14.5s<4:09[K                 Class     Images  Instances      Box(P          R      mAP50  mAP50-95): 5% ╸─────────── 292/5000 19.2it/s 14.6s<4:05[K                 Class     Images  Instances      Box(P          R      mAP50  mAP50-95): 5% ╸─────────── 295/5000 21.8it/s 14.7s<3:36[K                 Class     Images  Instances      Box(P          R      mAP50  mAP50-95): 5% ╸─────────── 299/5000 22.1it/s 14.9s<3:33[K                 Class     Images  Instances      Box(P          R      mAP50  mAP50-95): 6% ╸─────────── 302/5000 24.4it/s 15.0s<3:12[K                 Class     Images  Instances      Box(P          R      mAP50  mAP50-95): 6% ╸─────────── 305/5000 25.4it/s 15.1s<3:05[K                 Class     Images  Instances      Box(P          R      mAP50  mAP50-95): 6% ╸─────────── 308/5000 25.9it/s 15.2s<3:01[K                 Class     Images  Instances      Box(P          R      mAP50  mAP50-95): 6% ╸─────────── 310/5000 24.0it/s 15.3s<3:16[K                 Class     Images  Instances      Box(P          R      mAP50  mAP50-95): 6% ╸─────────── 313/5000 21.8it/s 15.5s<3:35[K                 Class     Images  Instances      Box(P          R      mAP50  mAP50-95): 6% ╸─────────── 316/5000 23.3it/s 15.6s<3:21[K                 Class     Images  Instances      Box(P          R      mAP50  mAP50-95): 6% ╸─────────── 318/5000 21.9it/s 15.7s<3:34[K                 Class     Images  Instances      Box(P          R      mAP50  mAP50-95): 6% ╸─────────── 321/5000 20.3it/s 15.9s<3:50[K                 Class     Images  Instances      Box(P          R      mAP50  mAP50-95): 6% ╸─────────── 324/5000 22.6it/s 16.0s<3:27[K                 Class     Images  Instances      Box(P          R      mAP50  mAP50-95): 6% ╸─────────── 327/5000 24.4it/s 16.1s<3:12[K                 Class     Images  Instances      Box(P          R      mAP50  mAP50-95): 6% ╸─────────── 330/5000 25.4it/s 16.2s<3:04[K                 Class     Images  Instances      Box(P          R      mAP50  mAP50-95): 6% ╸─────────── 333/5000 22.6it/s 16.4s<3:27[K                 Class     Images  Instances      Box(P          R      mAP50  mAP50-95): 6% ╸─────────── 337/5000 27.4it/s 16.5s<2:50[K                 Class     Images  Instances      Box(P          R      mAP50  mAP50-95): 6% ╸─────────── 340/5000 27.6it/s 16.6s<2:49[K                 Class     Images  Instances      Box(P          R      mAP50  mAP50-95): 6% ╸─────────── 343/5000 28.3it/s 16.7s<2:45[K                 Class     Images  Instances      Box(P          R      mAP50  mAP50-95): 6% ╸─────────── 345/5000 23.0it/s 16.9s<3:22[K                 Class     Images  Instances      Box(P          R      mAP50  mAP50-95): 6% ╸─────────── 347/5000 21.6it/s 17.0s<3:35[K                 Class     Images  Instances      Box(P          R      mAP50  mAP50-95): 7% ╸─────────── 350/5000 23.3it/s 17.1s<3:19[K                 Class     Images  Instances      Box(P          R      mAP50  mAP50-95): 7% ╸─────────── 354/5000 22.8it/s 17.3s<3:24[K                 Class     Images  Instances      Box(P          R      mAP50  mAP50-95): 7% ╸─────────── 356/5000 22.0it/s 17.4s<3:31[K                 Class     Images  Instances      Box(P          R      mAP50  mAP50-95): 7% ╸─────────── 359/5000 23.9it/s 17.5s<3:14[K                 Class     Images  Instances      Box(P          R      mAP50  mAP50-95): 7% ╸─────────── 361/5000 19.9it/s 17.7s<3:53[K                 Class     Images  Instances      Box(P          R      mAP50  mAP50-95): 7% ╸─────────── 363/5000 19.4it/s 17.8s<3:59[K                 Class     Images  Instances      Box(P          R      mAP50  mAP50-95): 7% ╸─────────── 366/5000 22.0it/s 17.9s<3:30[K                 Class     Images  Instances      Box(P          R      mAP50  mAP50-95): 7% ╸─────────── 369/5000 24.1it/s 18.0s<3:12[K                 Class     Images  Instances      Box(P          R      mAP50  mAP50-95): 7% ╸─────────── 372/5000 21.7it/s 18.2s<3:33[K                 Class     Images  Instances      Box(P          R      mAP50  mAP50-95): 7% ╸─────────── 374/5000 21.0it/s 18.3s<3:40[K                 Class     Images  Instances      Box(P          R      mAP50  mAP50-95): 7% ╸─────────── 377/5000 23.2it/s 18.4s<3:19[K                 Class     Images  Instances      Box(P          R      mAP50  mAP50-95): 7% ╸─────────── 380/5000 24.8it/s 18.5s<3:06[K                 Class     Images  Instances      Box(P          R      mAP50  mAP50-95): 7% ╸─────────── 382/5000 20.7it/s 18.7s<3:43[K                 Class     Images  Instances      Box(P          R      mAP50  mAP50-95): 7% ╸─────────── 384/5000 20.4it/s 18.8s<3:47[K                 Class     Images  Instances      Box(P          R      mAP50  mAP50-95): 7% ╸─────────── 387/5000 22.9it/s 18.9s<3:21[K                 Class     Images  Instances      Box(P          R      mAP50  mAP50-95): 7% ╸─────────── 389/5000 21.7it/s 19.0s<3:32[K                 Class     Images  Instances      Box(P          R      mAP50  mAP50-95): 7% ╸─────────── 391/5000 20.8it/s 19.1s<3:41[K                 Class     Images  Instances      Box(P          R      mAP50  mAP50-95): 7% ╸─────────── 394/5000 19.5it/s 19.3s<3:56[K                 Class     Images  Instances      Box(P          R      mAP50  mAP50-95): 7% ╸─────────── 397/5000 22.1it/s 19.4s<3:28[K                 Class     Images  Instances      Box(P          R      mAP50  mAP50-95): 7% ╸─────────── 399/5000 21.4it/s 19.5s<3:35[K                 Class     Images  Instances      Box(P          R      mAP50  mAP50-95): 8% ╸─────────── 401/5000 20.7it/s 19.6s<3:42[K                 Class     Images  Instances      Box(P          R      mAP50  mAP50-95): 8% ╸─────────── 403/5000 20.4it/s 19.7s<3:45[K                 Class     Images  Instances      Box(P          R      mAP50  mAP50-95): 8% ╸─────────── 406/5000 19.0it/s 19.9s<4:02[K                 Class     Images  Instances      Box(P          R      mAP50  mAP50-95): 8% ╸─────────── 408/5000 19.0it/s 20.0s<4:02[K                 Class     Images  Instances      Box(P          R      mAP50  mAP50-95): 8% ╸─────────── 411/5000 21.7it/s 20.1s<3:31[K                 Class     Images  Instances      Box(P          R      mAP50  mAP50-95): 8% ╸─────────── 414/5000 23.7it/s 20.2s<3:13[K                 Class     Images  Instances      Box(P          R      mAP50  mAP50-95): 8% ╸─────────── 416/5000 22.3it/s 20.3s<3:26[K                 Class     Images  Instances      Box(P          R      mAP50  mAP50-95): 8% ━─────────── 419/5000 20.5it/s 20.5s<3:43[K                 Class     Images  Instances      Box(P          R      mAP50  mAP50-95): 8% ━─────────── 421/5000 20.4it/s 20.6s<3:45[K                 Class     Images  Instances      Box(P          R      mAP50  mAP50-95): 8% ━─────────── 424/5000 23.2it/s 20.7s<3:18[K                 Class     Images  Instances      Box(P          R      mAP50  mAP50-95): 8% ━─────────── 425/5000 19.2it/s 20.8s<3:59[K                 Class     Images  Instances      Box(P          R      mAP50  mAP50-95): 8% ━─────────── 426/5000 16.4it/s 20.9s<4:39[K                 Class     Images  Instances      Box(P          R      mAP50  mAP50-95): 8% ━─────────── 428/5000 17.1it/s 21.0s<4:28[K                 Class     Images  Instances      Box(P          R      mAP50  mAP50-95): 8% ━─────────── 430/5000 17.9it/s 21.1s<4:16[K                 Class     Images  Instances      Box(P          R      mAP50  mAP50-95): 8% ━─────────── 434/5000 18.7it/s 21.3s<4:05[K                 Class     Images  Instances      Box(P          R      mAP50  mAP50-95): 8% ━─────────── 436/5000 16.4it/s 21.5s<4:38[K                 Class     Images  Instances      Box(P          R      mAP50  mAP50-95): 8% ━─────────── 438/5000 17.0it/s 21.6s<4:29[K                 Class     Images  Instances      Box(P          R      mAP50  mAP50-95): 8% ━─────────── 441/5000 20.5it/s 21.7s<3:42[K                 Class     Images  Instances      Box(P          R      mAP50  mAP50-95): 8% ━─────────── 444/5000 22.6it/s 21.8s<3:22[K                 Class     Images  Instances      Box(P          R      mAP50  mAP50-95): 8% ━─────────── 446/5000 19.1it/s 22.0s<3:58[K                 Class     Images  Instances      Box(P          R      mAP50  mAP50-95): 8% ━─────────── 448/5000 16.4it/s 22.2s<4:37[K                 Class     Images  Instances      Box(P          R      mAP50  mAP50-95): 9% ━─────────── 450/5000 16.6it/s 22.3s<4:34[K                 Class     Images  Instances      Box(P          R      mAP50  mAP50-95): 9% ━─────────── 453/5000 19.7it/s 22.4s<3:51[K                 Class     Images  Instances      Box(P          R      mAP50  mAP50-95): 9% ━─────────── 457/5000 20.8it/s 22.6s<3:39[K                 Class     Images  Instances      Box(P          R      mAP50  mAP50-95): 9% ━─────────── 459/5000 20.1it/s 22.7s<3:46[K                 Class     Images  Instances      Box(P          R      mAP50  mAP50-95): 9% ━─────────── 461/5000 19.9it/s 22.8s<3:48[K                 Class     Images  Instances      Box(P          R      mAP50  mAP50-95): 9% ━─────────── 465/5000 25.8it/s 22.9s<2:56[K                 Class     Images  Instances      Box(P          R      mAP50  mAP50-95): 9% ━─────────── 469/5000 29.4it/s 23.0s<2:34[K                 Class     Images  Instances      Box(P          R      mAP50  mAP50-95): 9% ━─────────── 471/5000 23.9it/s 23.2s<3:10[K                 Class     Images  Instances      Box(P          R      mAP50  mAP50-95): 9% ━─────────── 473/5000 22.3it/s 23.3s<3:23[K                 Class     Images  Instances      Box(P          R      mAP50  mAP50-95): 9% ━─────────── 475/5000 21.5it/s 23.4s<3:31[K                 Class     Images  Instances      Box(P          R      mAP50  mAP50-95): 9% ━─────────── 479/5000 26.9it/s 23.5s<2:48[K                 Class     Images  Instances      Box(P          R      mAP50  mAP50-95): 9% ━─────────── 482/5000 27.5it/s 23.6s<2:45[K                 Class     Images  Instances      Box(P          R      mAP50  mAP50-95): 9% ━─────────── 486/5000 30.4it/s 23.7s<2:28[K                 Class     Images  Instances      Box(P          R      mAP50  mAP50-95): 9% ━─────────── 489/5000 26.1it/s 23.9s<2:53[K                 Class     Images  Instances      Box(P          R      mAP50  mAP50-95): 9% ━─────────── 492/5000 23.0it/s 24.1s<3:16[K                 Class     Images  Instances      Box(P          R      mAP50  mAP50-95): 9% ━─────────── 494/5000 21.8it/s 24.2s<3:27[K                 Class     Images  Instances      Box(P          R      mAP50  mAP50-95): 9% ━─────────── 496/5000 21.2it/s 24.3s<3:33[K                 Class     Images  Instances      Box(P          R      mAP50  mAP50-95): 10% ━─────────── 505/5000 39.5it/s 24.4s<1:54[K                 Class     Images  Instances      Box(P          R      mAP50  mAP50-95): 10% ━─────────── 514/5000 51.9it/s 24.5s<1:26[K                 Class     Images  Instances      Box(P          R      mAP50  mAP50-95): 10% ━─────────── 523/5000 61.4it/s 24.6s<1:13[K                 Class     Images  Instances      Box(P          R      mAP50  mAP50-95): 10% ━─────────── 532/5000 67.4it/s 24.7s<1:06[K                 Class     Images  Instances      Box(P          R      mAP50  mAP50-95): 10% ━─────────── 541/5000 72.4it/s 24.9s<1:02[K                 Class     Images  Instances      Box(P          R      mAP50  mAP50-95): 11% ━─────────── 550/5000 75.9it/s 25.0s<58.7s[K                 Class     Images  Instances      Box(P          R      mAP50  mAP50-95): 11% ━─────────── 557/5000 68.1it/s 25.1s<1:05[K                 Class     Images  Instances      Box(P          R      mAP50  mAP50-95): 11% ━─────────── 559/5000 53.3it/s 25.2s<1:23[K                 Class     Images  Instances      Box(P          R      mAP50  mAP50-95): 11% ━─────────── 561/5000 43.0it/s 25.3s<1:43[K                 Class     Images  Instances      Box(P          R      mAP50  mAP50-95): 11% ━─────────── 567/5000 39.7it/s 25.5s<1:52[K                 Class     Images  Instances      Box(P          R      mAP50  mAP50-95): 11% ━─────────── 570/5000 35.8it/s 25.6s<2:04[K                 Class     Images  Instances      Box(P          R      mAP50  mAP50-95): 11% ━─────────── 572/5000 30.9it/s 25.7s<2:23[K                 Class     Images  Instances      Box(P          R      mAP50  mAP50-95): 11% ━─────────── 574/5000 27.6it/s 25.8s<2:40[K                 Class     Images  Instances      Box(P          R      mAP50  mAP50-95): 11% ━─────────── 576/5000 25.2it/s 25.9s<2:56[K                 Class     Images  Instances      Box(P          R      mAP50  mAP50-95): 11% ━─────────── 578/5000 23.5it/s 26.0s<3:08[K                 Class     Images  Instances      Box(P          R      mAP50  mAP50-95): 11% ━─────────── 581/5000 25.1it/s 26.1s<2:56[K                 Class     Images  Instances      Box(P          R      mAP50  mAP50-95): 11% ━─────────── 583/5000 20.8it/s 26.3s<3:32[K                 Class     Images  Instances      Box(P          R      mAP50  mAP50-95): 11% ━─────────── 585/5000 20.1it/s 26.4s<3:40[K                 Class     Images  Instances      Box(P          R      mAP50  mAP50-95): 11% ━─────────── 588/5000 22.3it/s 26.5s<3:18[K                 Class     Images  Instances      Box(P          R      mAP50  mAP50-95): 11% ━─────────── 591/5000 20.6it/s 26.7s<3:34[K                 Class     Images  Instances      Box(P          R      mAP50  mAP50-95): 11% ━─────────── 593/5000 20.2it/s 26.8s<3:39[K                 Class     Images  Instances      Box(P          R      mAP50  mAP50-95): 11% ━─────────── 595/5000 19.6it/s 26.9s<3:45[K                 Class     Images  Instances      Box(P          R      mAP50  mAP50-95): 11% ━─────────── 597/5000 19.3it/s 27.0s<3:48[K                 Class     Images  Instances      Box(P          R      mAP50  mAP50-95): 12% ━─────────── 600/5000 18.8it/s 27.2s<3:54[K                 Class     Images  Instances      Box(P          R      mAP50  mAP50-95): 12% ━─────────── 602/5000 19.1it/s 27.3s<3:50[K                 Class     Images  Instances      Box(P          R      mAP50  mAP50-95): 12% ━─────────── 605/5000 21.5it/s 27.4s<3:25[K                 Class     Images  Instances      Box(P          R      mAP50  mAP50-95): 12% ━─────────── 607/5000 21.0it/s 27.5s<3:29[K                 Class     Images  Instances      Box(P          R      mAP50  mAP50-95): 12% ━─────────── 609/5000 20.6it/s 27.6s<3:33[K                 Class     Images  Instances      Box(P          R      mAP50  mAP50-95): 12% ━─────────── 611/5000 20.3it/s 27.7s<3:36[K                 Class     Images  Instances      Box(P          R      mAP50  mAP50-95): 12% ━─────────── 613/5000 19.7it/s 27.8s<3:42[K                 Class     Images  Instances      Box(P          R      mAP50  mAP50-95): 12% ━─────────── 615/5000 17.1it/s 28.0s<4:16[K                 Class     Images  Instances      Box(P          R      mAP50  mAP50-95): 12% ━─────────── 617/5000 17.9it/s 28.1s<4:05[K                 Class     Images  Instances      Box(P          R      mAP50  mAP50-95): 12% ━─────────── 620/5000 21.1it/s 28.2s<3:27[K                 Class     Images  Instances      Box(P          R      mAP50  mAP50-95): 12% ━─────────── 622/5000 18.0it/s 28.4s<4:03[K                 Class     Images  Instances      Box(P          R      mAP50  mAP50-95): 12% ━─────────── 625/5000 21.5it/s 28.5s<3:23[K                 Class     Images  Instances      Box(P          R      mAP50  mAP50-95): 12% ━╸────────── 628/5000 23.3it/s 28.6s<3:07[K                 Class     Images  Instances      Box(P          R      mAP50  mAP50-95): 12% ━╸────────── 631/5000 24.3it/s 28.7s<2:59[K                 Class     Images  Instances      Box(P          R      mAP50  mAP50-95): 12% ━╸────────── 634/5000 22.0it/s 28.9s<3:18[K                 Class     Images  Instances      Box(P          R      mAP50  mAP50-95): 12% ━╸────────── 637/5000 23.6it/s 29.0s<3:05[K                 Class     Images  Instances      Box(P          R      mAP50  mAP50-95): 12% ━╸────────── 639/5000 22.3it/s 29.1s<3:15[K                 Class     Images  Instances      Box(P          R      mAP50  mAP50-95): 12% ━╸────────── 641/5000 21.6it/s 29.2s<3:22[K                 Class     Images  Instances      Box(P          R      mAP50  mAP50-95): 12% ━╸────────── 643/5000 20.8it/s 29.3s<3:29[K                 Class     Images  Instances      Box(P          R      mAP50  mAP50-95): 12% ━╸────────── 646/5000 19.4it/s 29.5s<3:45[K                 Class     Images  Instances      Box(P          R      mAP50  mAP50-95): 12% ━╸────────── 648/5000 19.6it/s 29.6s<3:43[K                 Class     Images  Instances      Box(P          R      mAP50  mAP50-95): 13% ━╸────────── 651/5000 22.1it/s 29.7s<3:16[K                 Class     Images  Instances      Box(P          R      mAP50  mAP50-95): 13% ━╸────────── 654/5000 23.8it/s 29.8s<3:03[K                 Class     Images  Instances      Box(P          R      mAP50  mAP50-95): 13% ━╸────────── 656/5000 22.6it/s 29.9s<3:12[K                 Class     Images  Instances      Box(P          R      mAP50  mAP50-95): 13% ━╸────────── 659/5000 20.6it/s 30.1s<3:31[K                 Class     Images  Instances      Box(P          R      mAP50  mAP50-95): 13% ━╸────────── 661/5000 20.2it/s 30.2s<3:34[K                 Class     Images  Instances      Box(P          R      mAP50  mAP50-95): 13% ━╸────────── 664/5000 22.2it/s 30.3s<3:15[K                 Class     Images  Instances      Box(P          R      mAP50  mAP50-95): 13% ━╸────────── 666/5000 18.9it/s 30.5s<3:49[K                 Class     Images  Instances      Box(P          R      mAP50  mAP50-95): 13% ━╸────────── 668/5000 18.9it/s 30.6s<3:50[K                 Class     Images  Instances      Box(P          R      mAP50  mAP50-95): 13% ━╸────────── 671/5000 21.0it/s 30.7s<3:26[K                 Class     Images  Instances      Box(P          R      mAP50  mAP50-95): 13% ━╸────────── 673/5000 17.9it/s 30.9s<4:01[K                 Class     Images  Instances      Box(P          R      mAP50  mAP50-95): 13% ━╸────────── 675/5000 15.7it/s 31.1s<4:35[K                 Class     Images  Instances      Box(P          R      mAP50  mAP50-95): 13% ━╸────────── 678/5000 19.2it/s 31.2s<3:45[K                 Class     Images  Instances      Box(P          R      mAP50  mAP50-95): 13% ━╸────────── 680/5000 16.5it/s 31.4s<4:22[K                 Class     Images  Instances      Box(P          R      mAP50  mAP50-95): 13% ━╸────────── 682/5000 17.5it/s 31.5s<4:07[K                 Class     Images  Instances      Box(P          R      mAP50  mAP50-95): 13% ━╸────────── 684/5000 18.2it/s 31.6s<3:57[K                 Class     Images  Instances      Box(P          R      mAP50  mAP50-95): 13% ━╸────────── 686/5000 18.5it/s 31.7s<3:53[K                 Class     Images  Instances      Box(P          R      mAP50  mAP50-95): 13% ━╸────────── 690/5000 19.4it/s 31.9s<3:42[K                 Class     Images  Instances      Box(P          R      mAP50  mAP50-95): 13% ━╸────────── 692/5000 19.2it/s 32.0s<3:44[K                 Class     Images  Instances      Box(P          R      mAP50  mAP50-95): 13% ━╸────────── 695/5000 21.9it/s 32.1s<3:17[K                 Class     Images  Instances      Box(P          R      mAP50  mAP50-95): 13% ━╸────────── 698/5000 20.2it/s 32.3s<3:33[K                 Class     Images  Instances      Box(P          R      mAP50  mAP50-95): 14% ━╸────────── 702/5000 25.2it/s 32.4s<2:50[K                 Class     Images  Instances      Box(P          R      mAP50  mAP50-95): 14% ━╸────────── 705/5000 26.2it/s 32.5s<2:44[K                 Class     Images  Instances      Box(P          R      mAP50  mAP50-95): 14% ━╸────────── 708/5000 26.6it/s 32.6s<2:41[K                 Class     Images  Instances      Box(P          R      mAP50  mAP50-95): 14% ━╸────────── 711/5000 23.2it/s 32.8s<3:05[K                 Class     Images  Instances      Box(P          R      mAP50  mAP50-95): 14% ━╸────────── 713/5000 19.4it/s 33.0s<3:40[K                 Class     Images  Instances      Box(P          R      mAP50  mAP50-95): 14% ━╸────────── 715/5000 19.4it/s 33.1s<3:41[K                 Class     Images  Instances      Box(P          R      mAP50  mAP50-95): 14% ━╸────────── 717/5000 19.6it/s 33.2s<3:39[K                 Class     Images  Instances      Box(P          R      mAP50  mAP50-95): 14% ━╸────────── 719/5000 19.7it/s 33.3s<3:37[K                 Class     Images  Instances      Box(P          R      mAP50  mAP50-95): 14% ━╸────────── 722/5000 22.6it/s 33.4s<3:10[K                 Class     Images  Instances      Box(P          R      mAP50  mAP50-95): 14% ━╸────────── 726/5000 26.5it/s 33.5s<2:41[K                 Class     Images  Instances      Box(P          R      mAP50  mAP50-95): 14% ━╸────────── 728/5000 22.0it/s 33.7s<3:15[K                 Class     Images  Instances      Box(P          R      mAP50  mAP50-95): 14% ━╸────────── 731/5000 24.3it/s 33.8s<2:56[K                 Class     Images  Instances      Box(P          R      mAP50  mAP50-95): 14% ━╸────────── 735/5000 27.7it/s 33.9s<2:34[K                 Class     Images  Instances      Box(P          R      mAP50  mAP50-95): 14% ━╸────────── 737/5000 25.2it/s 34.0s<2:49[K                 Class     Images  Instances      Box(P          R      mAP50  mAP50-95): 14% ━╸────────── 739/5000 23.4it/s 34.1s<3:02[K                 Class     Images  Instances      Box(P          R      mAP50  mAP50-95): 14% ━╸────────── 741/5000 22.3it/s 34.2s<3:11[K                 Class     Images  Instances      Box(P          R      mAP50  mAP50-95): 14% ━╸────────── 743/5000 18.9it/s 34.4s<3:46[K                 Class     Images  Instances      Box(P          R      mAP50  mAP50-95): 14% ━╸────────── 745/5000 19.0it/s 34.5s<3:44[K                 Class     Images  Instances      Box(P          R      mAP50  mAP50-95): 14% ━╸────────── 749/5000 25.1it/s 34.6s<2:49[K                 Class     Images  Instances      Box(P          R      mAP50  mAP50-95): 15% ━╸────────── 751/5000 23.3it/s 34.7s<3:03[K                 Class     Images  Instances      Box(P          R      mAP50  mAP50-95): 15% ━╸────────── 753/5000 22.1it/s 34.8s<3:12[K                 Class     Images  Instances      Box(P          R      mAP50  mAP50-95): 15% ━╸────────── 755/5000 18.9it/s 35.0s<3:45[K                 Class     Images  Instances      Box(P          R      mAP50  mAP50-95): 15% ━╸────────── 758/5000 21.5it/s 35.1s<3:18[K                 Class     Images  Instances      Box(P          R      mAP50  mAP50-95): 15% ━╸────────── 761/5000 23.4it/s 35.2s<3:01[K                 Class     Images  Instances      Box(P          R      mAP50  mAP50-95): 15% ━╸────────── 764/5000 24.8it/s 35.3s<2:51[K                 Class     Images  Instances      Box(P          R      mAP50  mAP50-95): 15% ━╸────────── 766/5000 19.5it/s 35.6s<3:37[K                 Class     Images  Instances      Box(P          R      mAP50  mAP50-95): 15% ━╸────────── 767/5000 16.6it/s 35.7s<4:15[K                 Class     Images  Instances      Box(P          R      mAP50  mAP50-95): 15% ━╸────────── 769/5000 17.3it/s 35.8s<4:05[K                 Class     Images  Instances      Box(P          R      mAP50  mAP50-95): 15% ━╸────────── 774/5000 25.8it/s 35.9s<2:44[K                 Class     Images  Instances      Box(P          R      mAP50  mAP50-95): 15% ━╸────────── 778/5000 24.3it/s 36.1s<2:54[K                 Class     Images  Instances      Box(P          R      mAP50  mAP50-95): 15% ━╸────────── 780/5000 22.6it/s 36.2s<3:06[K                 Class     Images  Instances      Box(P          R      mAP50  mAP50-95): 15% ━╸────────── 782/5000 21.6it/s 36.3s<3:15[K                 Class     Images  Instances      Box(P          R      mAP50  mAP50-95): 15% ━╸────────── 785/5000 20.0it/s 36.5s<3:31[K                 Class     Images  Instances      Box(P          R      mAP50  mAP50-95): 15% ━╸────────── 787/5000 20.0it/s 36.6s<3:31[K                 Class     Images  Instances      Box(P          R      mAP50  mAP50-95): 15% ━╸────────── 790/5000 22.3it/s 36.7s<3:09[K                 Class     Images  Instances      Box(P          R      mAP50  mAP50-95): 15% ━╸────────── 793/5000 24.2it/s 36.8s<2:54[K                 Class     Images  Instances      Box(P          R      mAP50  mAP50-95): 15% ━╸────────── 796/5000 22.0it/s 37.0s<3:11[K                 Class     Images  Instances      Box(P          R      mAP50  mAP50-95): 15% ━╸────────── 798/5000 21.4it/s 37.1s<3:16[K                 Class     Images  Instances      Box(P          R      mAP50  mAP50-95): 16% ━╸────────── 801/5000 23.4it/s 37.2s<2:60[K                 Class     Images  Instances      Box(P          R      mAP50  mAP50-95): 16% ━╸────────── 804/5000 21.0it/s 37.4s<3:20[K                 Class     Images  Instances      Box(P          R      mAP50  mAP50-95): 16% ━╸────────── 807/5000 23.1it/s 37.5s<3:01[K                 Class     Images  Instances      Box(P          R      mAP50  mAP50-95): 16% ━╸────────── 810/5000 24.5it/s 37.6s<2:51[K                 Class     Images  Instances      Box(P          R      mAP50  mAP50-95): 16% ━╸────────── 812/5000 22.8it/s 37.7s<3:04[K                 Class     Images  Instances      Box(P          R      mAP50  mAP50-95): 16% ━╸────────── 815/5000 21.0it/s 37.9s<3:19[K                 Class     Images  Instances      Box(P          R      mAP50  mAP50-95): 16% ━╸────────── 818/5000 22.8it/s 38.0s<3:04[K                 Class     Images  Instances      Box(P          R      mAP50  mAP50-95): 16% ━╸────────── 820/5000 21.9it/s 38.1s<3:11[K                 Class     Images  Instances      Box(P          R      mAP50  mAP50-95): 16% ━╸────────── 822/5000 21.3it/s 38.2s<3:16[K                 Class     Images  Instances      Box(P          R      mAP50  mAP50-95): 16% ━╸────────── 825/5000 19.7it/s 38.4s<3:32[K                 Class     Images  Instances      Box(P          R      mAP50  mAP50-95): 16% ━╸────────── 827/5000 19.4it/s 38.5s<3:35[K                 Class     Images  Instances      Box(P          R      mAP50  mAP50-95): 16% ━╸────────── 829/5000 19.2it/s 38.6s<3:37[K                 Class     Images  Instances      Box(P          R      mAP50  mAP50-95): 16% ━╸────────── 832/5000 21.9it/s 38.7s<3:10[K                 Class     Images  Instances      Box(P          R      mAP50  mAP50-95): 16% ━━────────── 835/5000 23.9it/s 38.8s<2:55[K                 Class     Images  Instances      Box(P          R      mAP50  mAP50-95): 16% ━━────────── 838/5000 21.8it/s 39.0s<3:10[K                 Class     Images  Instances      Box(P          R      mAP50  mAP50-95): 16% ━━────────── 841/5000 23.6it/s 39.1s<2:56[K                 Class     Images  Instances      Box(P          R      mAP50  mAP50-95): 16% ━━────────── 844/5000 25.2it/s 39.2s<2:45[K                 Class     Images  Instances      Box(P          R      mAP50  mAP50-95): 16% ━━────────── 847/5000 25.8it/s 39.3s<2:41[K                 Class     Images  Instances      Box(P          R      mAP50  mAP50-95): 16% ━━────────── 849/5000 21.4it/s 39.5s<3:14[K                 Class     Images  Instances      Box(P          R      mAP50  mAP50-95): 17% ━━────────── 851/5000 20.8it/s 39.6s<3:19[K                 Class     Images  Instances      Box(P          R      mAP50  mAP50-95): 17% ━━────────── 854/5000 22.8it/s 39.7s<3:02[K                 Class     Images  Instances      Box(P          R      mAP50  mAP50-95): 17% ━━────────── 856/5000 21.5it/s 39.8s<3:12[K                 Class     Images  Instances      Box(P          R      mAP50  mAP50-95): 17% ━━────────── 859/5000 23.8it/s 39.9s<2:54[K                 Class     Images  Instances      Box(P          R      mAP50  mAP50-95): 17% ━━────────── 862/5000 21.5it/s 40.1s<3:12[K                 Class     Images  Instances      Box(P          R      mAP50  mAP50-95): 17% ━━────────── 864/5000 21.0it/s 40.2s<3:17[K                 Class     Images  Instances      Box(P          R      mAP50  mAP50-95): 17% ━━────────── 867/5000 23.4it/s 40.3s<2:56[K                 Class     Images  Instances      Box(P          R      mAP50  mAP50-95): 17% ━━────────── 869/5000 19.7it/s 40.5s<3:30[K                 Class     Images  Instances      Box(P          R      mAP50  mAP50-95): 17% ━━────────── 873/5000 24.6it/s 40.6s<2:48[K                 Class     Images  Instances      Box(P          R      mAP50  mAP50-95): 17% ━━────────── 876/5000 25.8it/s 40.7s<2:40[K                 Class     Images  Instances      Box(P          R      mAP50  mAP50-95): 17% ━━────────── 879/5000 26.2it/s 40.8s<2:37[K                 Class     Images  Instances      Box(P          R      mAP50  mAP50-95): 17% ━━────────── 881/5000 21.8it/s 41.0s<3:09[K                 Class     Images  Instances      Box(P          R      mAP50  mAP50-95): 17% ━━────────── 883/5000 21.0it/s 41.1s<3:16[K                 Class     Images  Instances      Box(P          R      mAP50  mAP50-95): 17% ━━────────── 886/5000 22.9it/s 41.2s<2:60[K                 Class     Images  Instances      Box(P          R      mAP50  mAP50-95): 17% ━━────────── 889/5000 20.8it/s 41.4s<3:18[K                 Class     Images  Instances      Box(P          R      mAP50  mAP50-95): 17% ━━────────── 891/5000 20.3it/s 41.5s<3:22[K                 Class     Images  Instances      Box(P          R      mAP50  mAP50-95): 17% ━━────────── 893/5000 19.9it/s 41.6s<3:26[K                 Class     Images  Instances      Box(P          R      mAP50  mAP50-95): 17% ━━────────── 896/5000 22.6it/s 41.7s<3:01[K                 Class     Images  Instances      Box(P          R      mAP50  mAP50-95): 17% ━━────────── 899/5000 24.3it/s 41.8s<2:49[K                 Class     Images  Instances      Box(P          R      mAP50  mAP50-95): 18% ━━────────── 902/5000 25.7it/s 41.9s<2:40[K                 Class     Images  Instances      Box(P          R      mAP50  mAP50-95): 18% ━━────────── 905/5000 26.8it/s 42.0s<2:33[K                 Class     Images  Instances      Box(P          R      mAP50  mAP50-95): 18% ━━────────── 908/5000 23.7it/s 42.2s<2:53[K                 Class     Images  Instances      Box(P          R      mAP50  mAP50-95): 18% ━━────────── 911/5000 24.6it/s 42.3s<2:46[K                 Class     Images  Instances      Box(P          R      mAP50  mAP50-95): 18% ━━────────── 914/5000 22.2it/s 42.5s<3:04[K                 Class     Images  Instances      Box(P          R      mAP50  mAP50-95): 18% ━━────────── 917/5000 23.8it/s 42.6s<2:51[K                 Class     Images  Instances      Box(P          R      mAP50  mAP50-95): 18% ━━────────── 920/5000 25.0it/s 42.7s<2:44[K                 Class     Images  Instances      Box(P          R      mAP50  mAP50-95): 18% ━━────────── 922/5000 23.4it/s 42.8s<2:54[K                 Class     Images  Instances      Box(P          R      mAP50  mAP50-95): 18% ━━────────── 925/5000 24.9it/s 42.9s<2:44[K                 Class     Images  Instances      Box(P          R      mAP50  mAP50-95): 18% ━━────────── 928/5000 22.2it/s 43.1s<3:04[K                 Class     Images  Instances      Box(P          R      mAP50  mAP50-95): 18% ━━────────── 930/5000 18.7it/s 43.3s<3:38[K                 Class     Images  Instances      Box(P          R      mAP50  mAP50-95): 18% ━━────────── 933/5000 21.3it/s 43.4s<3:11[K                 Class     Images  Instances      Box(P          R      mAP50  mAP50-95): 18% ━━────────── 936/5000 23.4it/s 43.5s<2:54[K                 Class     Images  Instances      Box(P          R      mAP50  mAP50-95): 18% ━━────────── 939/5000 24.5it/s 43.6s<2:46[K                 Class     Images  Instances      Box(P          R      mAP50  mAP50-95): 18% ━━────────── 942/5000 22.4it/s 43.8s<3:01[K                 Class     Images  Instances      Box(P          R      mAP50  mAP50-95): 18% ━━────────── 946/5000 26.5it/s 43.9s<2:33[K                 Class     Images  Instances      Box(P          R      mAP50  mAP50-95): 18% ━━────────── 948/5000 24.5it/s 44.0s<2:46[K                 Class     Images  Instances      Box(P          R      mAP50  mAP50-95): 19% ━━────────── 950/5000 23.1it/s 44.1s<2:55[K                 Class     Images  Instances      Box(P          R      mAP50  mAP50-95): 19% ━━────────── 954/5000 27.0it/s 44.2s<2:30[K                 Class     Images  Instances      Box(P          R      mAP50  mAP50-95): 19% ━━────────── 958/5000 25.4it/s 44.4s<2:39[K                 Class     Images  Instances      Box(P          R      mAP50  mAP50-95): 19% ━━────────── 960/5000 23.6it/s 44.5s<2:51[K                 Class     Images  Instances      Box(P          R      mAP50  mAP50-95): 19% ━━────────── 962/5000 19.7it/s 44.7s<3:25[K                 Class     Images  Instances      Box(P          R      mAP50  mAP50-95): 19% ━━────────── 965/5000 21.6it/s 44.8s<3:07[K                 Class     Images  Instances      Box(P          R      mAP50  mAP50-95): 19% ━━────────── 967/5000 20.4it/s 44.9s<3:17[K                 Class     Images  Instances      Box(P          R      mAP50  mAP50-95): 19% ━━────────── 970/5000 19.1it/s 45.1s<3:31[K                 Class     Images  Instances      Box(P          R      mAP50  mAP50-95): 19% ━━────────── 973/5000 18.2it/s 45.3s<3:41[K                 Class     Images  Instances      Box(P          R      mAP50  mAP50-95): 19% ━━────────── 976/5000 20.3it/s 45.4s<3:18[K                 Class     Images  Instances      Box(P          R      mAP50  mAP50-95): 19% ━━────────── 978/5000 17.4it/s 45.6s<3:51[K                 Class     Images  Instances      Box(P          R      mAP50  mAP50-95): 19% ━━────────── 981/5000 20.2it/s 45.7s<3:19[K                 Class     Images  Instances      Box(P          R      mAP50  mAP50-95): 19% ━━────────── 983/5000 19.5it/s 45.8s<3:26[K                 Class     Images  Instances      Box(P          R      mAP50  mAP50-95): 19% ━━────────── 985/5000 19.4it/s 45.9s<3:27[K                 Class     Images  Instances      Box(P          R      mAP50  mAP50-95): 19% ━━────────── 987/5000 16.9it/s 46.1s<3:57[K                 Class     Images  Instances      Box(P          R      mAP50  mAP50-95): 19% ━━────────── 989/5000 17.7it/s 46.2s<3:46[K                 Class     Images  Instances      Box(P          R      mAP50  mAP50-95): 19% ━━────────── 991/5000 18.3it/s 46.3s<3:39[K                 Class     Images  Instances      Box(P          R      mAP50  mAP50-95): 19% ━━────────── 994/5000 21.3it/s 46.4s<3:08[K                 Class     Images  Instances      Box(P          R      mAP50  mAP50-95): 19% ━━────────── 997/5000 19.7it/s 46.6s<3:23[K                 Class     Images  Instances      Box(P          R      mAP50  mAP50-95): 19% ━━────────── 999/5000 19.6it/s 46.7s<3:25[K                 Class     Images  Instances      Box(P          R      mAP50  mAP50-95): 20% ━━────────── 1001/5000 19.5it/s 46.8s<3:25[K                 Class     Images  Instances      Box(P          R      mAP50  mAP50-95): 20% ━━────────── 1003/5000 16.9it/s 47.0s<3:57[K                 Class     Images  Instances      Box(P          R      mAP50  mAP50-95): 20% ━━────────── 1005/5000 17.2it/s 47.1s<3:52[K                 Class     Images  Instances      Box(P          R      mAP50  mAP50-95): 20% ━━────────── 1008/5000 20.5it/s 47.2s<3:14[K                 Class     Images  Instances      Box(P          R      mAP50  mAP50-95): 20% ━━────────── 1010/5000 17.8it/s 47.4s<3:45[K                 Class     Images  Instances      Box(P          R      mAP50  mAP50-95): 20% ━━────────── 1013/5000 20.5it/s 47.5s<3:14[K                 Class     Images  Instances      Box(P          R      mAP50  mAP50-95): 20% ━━────────── 1015/5000 20.0it/s 47.6s<3:19[K                 Class     Images  Instances      Box(P          R      mAP50  mAP50-95): 20% ━━────────── 1018/5000 22.5it/s 47.7s<2:57[K                 Class     Images  Instances      Box(P          R      mAP50  mAP50-95): 20% ━━────────── 1023/5000 29.3it/s 47.8s<2:16[K                 Class     Images  Instances      Box(P          R      mAP50  mAP50-95): 20% ━━────────── 1026/5000 25.7it/s 48.0s<2:34[K                 Class     Images  Instances      Box(P          R      mAP50  mAP50-95): 20% ━━────────── 1029/5000 26.6it/s 48.1s<2:29[K                 Class     Images  Instances      Box(P          R      mAP50  mAP50-95): 20% ━━────────── 1032/5000 27.5it/s 48.2s<2:24[K                 Class     Images  Instances      Box(P          R      mAP50  mAP50-95): 20% ━━────────── 1035/5000 23.9it/s 48.4s<2:46[K                 Class     Images  Instances      Box(P          R      mAP50  mAP50-95): 20% ━━────────── 1037/5000 22.2it/s 48.5s<2:59[K                 Class     Images  Instances      Box(P          R      mAP50  mAP50-95): 20% ━━────────── 1040/5000 20.4it/s 48.7s<3:14[K                 Class     Images  Instances      Box(P          R      mAP50  mAP50-95): 20% ━━╸───────── 1043/5000 22.5it/s 48.8s<2:56[K                 Class     Images  Instances      Box(P          R      mAP50  mAP50-95): 20% ━━╸───────── 1046/5000 24.2it/s 48.9s<2:44[K                 Class     Images  Instances      Box(P          R      mAP50  mAP50-95): 21% ━━╸───────── 1050/5000 23.5it/s 49.1s<2:48[K                 Class     Images  Instances      Box(P          R      mAP50  mAP50-95): 21% ━━╸───────── 1053/5000 24.7it/s 49.2s<2:40[K                 Class     Images  Instances      Box(P          R      mAP50  mAP50-95): 21% ━━╸───────── 1055/5000 22.6it/s 49.3s<2:54[K                 Class     Images  Instances      Box(P          R      mAP50  mAP50-95): 21% ━━╸───────── 1058/5000 23.9it/s 49.4s<2:45[K                 Class     Images  Instances      Box(P          R      mAP50  mAP50-95): 21% ━━╸───────── 1060/5000 20.3it/s 49.6s<3:14[K                 Class     Images  Instances      Box(P          R      mAP50  mAP50-95): 21% ━━╸───────── 1063/5000 22.7it/s 49.7s<2:54[K                 Class     Images  Instances      Box(P          R      mAP50  mAP50-95): 21% ━━╸───────── 1066/5000 24.4it/s 49.8s<2:41[K                 Class     Images  Instances      Box(P          R      mAP50  mAP50-95): 21% ━━╸───────── 1069/5000 21.9it/s 50.0s<2:60[K                 Class     Images  Instances      Box(P          R      mAP50  mAP50-95): 21% ━━╸───────── 1071/5000 21.3it/s 50.1s<3:05[K                 Class     Images  Instances      Box(P          R      mAP50  mAP50-95): 21% ━━╸───────── 1075/5000 25.6it/s 50.2s<2:33[K                 Class     Images  Instances      Box(P          R      mAP50  mAP50-95): 21% ━━╸───────── 1078/5000 22.7it/s 50.4s<2:53[K                 Class     Images  Instances      Box(P          R      mAP50  mAP50-95): 21% ━━╸───────── 1081/5000 24.0it/s 50.5s<2:43[K                 Class     Images  Instances      Box(P          R      mAP50  mAP50-95): 21% ━━╸───────── 1084/5000 24.6it/s 50.6s<2:39[K                 Class     Images  Instances      Box(P          R      mAP50  mAP50-95): 21% ━━╸───────── 1087/5000 22.1it/s 50.8s<2:57[K                 Class     Images  Instances      Box(P          R      mAP50  mAP50-95): 21% ━━╸───────── 1089/5000 21.4it/s 50.9s<3:03[K                 Class     Images  Instances      Box(P          R      mAP50  mAP50-95): 21% ━━╸───────── 1092/5000 23.3it/s 51.0s<2:48[K                 Class     Images  Instances      Box(P          R      mAP50  mAP50-95): 21% ━━╸───────── 1094/5000 19.7it/s 51.2s<3:19[K                 Class     Images  Instances      Box(P          R      mAP50  mAP50-95): 21% ━━╸───────── 1096/5000 19.4it/s 51.3s<3:21[K                 Class     Images  Instances      Box(P          R      mAP50  mAP50-95): 21% ━━╸───────── 1098/5000 19.0it/s 51.4s<3:25[K                 Class     Images  Instances      Box(P          R      mAP50  mAP50-95): 22% ━━╸───────── 1100/5000 19.1it/s 51.5s<3:24[K                 Class     Images  Instances      Box(P          R      mAP50  mAP50-95): 22% ━━╸───────── 1102/5000 16.5it/s 51.7s<3:56[K                 Class     Images  Instances      Box(P          R      mAP50  mAP50-95): 22% ━━╸───────── 1104/5000 14.7it/s 51.9s<4:25[K                 Class     Images  Instances      Box(P          R      mAP50  mAP50-95): 22% ━━╸───────── 1106/5000 15.8it/s 52.0s<4:07[K                 Class     Images  Instances      Box(P          R      mAP50  mAP50-95): 22% ━━╸───────── 1109/5000 19.3it/s 52.1s<3:21[K                 Class     Images  Instances      Box(P          R      mAP50  mAP50-95): 22% ━━╸───────── 1112/5000 18.3it/s 52.3s<3:32[K                 Class     Images  Instances      Box(P          R      mAP50  mAP50-95): 22% ━━╸───────── 1115/5000 21.8it/s 52.4s<2:58[K                 Class     Images  Instances      Box(P          R      mAP50  mAP50-95): 22% ━━╸───────── 1117/5000 21.3it/s 52.5s<3:03[K                 Class     Images  Instances      Box(P          R      mAP50  mAP50-95): 22% ━━╸───────── 1120/5000 23.4it/s 52.6s<2:46[K                 Class     Images  Instances      Box(P          R      mAP50  mAP50-95): 22% ━━╸───────── 1123/5000 21.1it/s 52.8s<3:04[K                 Class     Images  Instances      Box(P          R      mAP50  mAP50-95): 22% ━━╸───────── 1126/5000 23.1it/s 52.9s<2:47[K                 Class     Images  Instances      Box(P          R      mAP50  mAP50-95): 22% ━━╸───────── 1129/5000 24.7it/s 53.0s<2:37[K                 Class     Images  Instances      Box(P          R      mAP50  mAP50-95): 22% ━━╸───────── 1131/5000 20.5it/s 53.2s<3:09[K                 Class     Images  Instances      Box(P          R      mAP50  mAP50-95): 22% ━━╸───────── 1133/5000 19.8it/s 53.3s<3:16[K                 Class     Images  Instances      Box(P          R      mAP50  mAP50-95): 22% ━━╸───────── 1135/5000 19.6it/s 53.4s<3:17[K                 Class     Images  Instances      Box(P          R      mAP50  mAP50-95): 22% ━━╸───────── 1138/5000 22.5it/s 53.5s<2:52[K                 Class     Images  Instances      Box(P          R      mAP50  mAP50-95): 22% ━━╸───────── 1141/5000 24.2it/s 53.6s<2:40[K                 Class     Images  Instances      Box(P          R      mAP50  mAP50-95): 22% ━━╸───────── 1144/5000 22.2it/s 53.8s<2:53[K                 Class     Images  Instances      Box(P          R      mAP50  mAP50-95): 22% ━━╸───────── 1147/5000 23.8it/s 53.9s<2:42[K                 Class     Images  Instances      Box(P          R      mAP50  mAP50-95): 22% ━━╸───────── 1149/5000 22.7it/s 54.0s<2:50[K                 Class     Images  Instances      Box(P          R      mAP50  mAP50-95): 23% ━━╸───────── 1151/5000 21.9it/s 54.1s<2:56[K                 Class     Images  Instances      Box(P          R      mAP50  mAP50-95): 23% ━━╸───────── 1154/5000 20.0it/s 54.3s<3:12[K                 Class     Images  Instances      Box(P          R      mAP50  mAP50-95): 23% ━━╸───────── 1158/5000 24.7it/s 54.4s<2:36[K                 Class     Images  Instances      Box(P          R      mAP50  mAP50-95): 23% ━━╸───────── 1160/5000 23.1it/s 54.5s<2:46[K                 Class     Images  Instances      Box(P          R      mAP50  mAP50-95): 23% ━━╸───────── 1162/5000 21.9it/s 54.6s<2:55[K                 Class     Images  Instances      Box(P          R      mAP50  mAP50-95): 23% ━━╸───────── 1164/5000 21.3it/s 54.7s<2:60[K                 Class     Images  Instances      Box(P          R      mAP50  mAP50-95): 23% ━━╸───────── 1167/5000 23.6it/s 54.8s<2:42[K                 Class     Images  Instances      Box(P          R      mAP50  mAP50-95): 23% ━━╸───────── 1169/5000 19.9it/s 55.0s<3:12[K                 Class     Images  Instances      Box(P          R      mAP50  mAP50-95): 23% ━━╸───────── 1171/5000 19.6it/s 55.1s<3:15[K                 Class     Images  Instances      Box(P          R      mAP50  mAP50-95): 23% ━━╸───────── 1174/5000 22.6it/s 55.2s<2:49[K                 Class     Images  Instances      Box(P          R      mAP50  mAP50-95): 23% ━━╸───────── 1176/5000 21.5it/s 55.3s<2:58[K                 Class     Images  Instances      Box(P          R      mAP50  mAP50-95): 23% ━━╸───────── 1179/5000 23.4it/s 55.4s<2:43[K                 Class     Images  Instances      Box(P          R      mAP50  mAP50-95): 23% ━━╸───────── 1182/5000 25.1it/s 55.5s<2:32[K                 Class     Images  Instances      Box(P          R      mAP50  mAP50-95): 23% ━━╸───────── 1184/5000 20.9it/s 55.7s<3:03[K                 Class     Images  Instances      Box(P          R      mAP50  mAP50-95): 23% ━━╸───────── 1186/5000 20.2it/s 55.8s<3:09[K                 Class     Images  Instances      Box(P          R      mAP50  mAP50-95): 23% ━━╸───────── 1188/5000 19.4it/s 55.9s<3:16[K                 Class     Images  Instances      Box(P          R      mAP50  mAP50-95): 23% ━━╸───────── 1191/5000 18.7it/s 56.1s<3:23[K                 Class     Images  Instances      Box(P          R      mAP50  mAP50-95): 23% ━━╸───────── 1194/5000 21.2it/s 56.2s<2:60[K                 Class     Images  Instances      Box(P          R      mAP50  mAP50-95): 23% ━━╸───────── 1196/5000 20.6it/s 56.3s<3:05[K                 Class     Images  Instances      Box(P          R      mAP50  mAP50-95): 23% ━━╸───────── 1198/5000 20.2it/s 56.4s<3:09[K                 Class     Images  Instances      Box(P          R      mAP50  mAP50-95): 24% ━━╸───────── 1201/5000 19.0it/s 56.6s<3:20[K                 Class     Images  Instances      Box(P          R      mAP50  mAP50-95): 24% ━━╸───────── 1204/5000 21.7it/s 56.7s<2:55[K                 Class     Images  Instances      Box(P          R      mAP50  mAP50-95): 24% ━━╸───────── 1207/5000 23.5it/s 56.8s<2:42[K                 Class     Images  Instances      Box(P          R      mAP50  mAP50-95): 24% ━━╸───────── 1210/5000 21.4it/s 57.0s<2:57[K                 Class     Images  Instances      Box(P          R      mAP50  mAP50-95): 24% ━━╸───────── 1213/5000 23.1it/s 57.1s<2:44[K                 Class     Images  Instances      Box(P          R      mAP50  mAP50-95): 24% ━━╸───────── 1216/5000 24.2it/s 57.2s<2:36[K                 Class     Images  Instances      Box(P          R      mAP50  mAP50-95): 24% ━━╸───────── 1218/5000 20.1it/s 57.4s<3:08[K                 Class     Images  Instances      Box(P          R      mAP50  mAP50-95): 24% ━━╸───────── 1221/5000 18.9it/s 57.6s<3:20[K                 Class     Images  Instances      Box(P          R      mAP50  mAP50-95): 24% ━━╸───────── 1224/5000 21.2it/s 57.7s<2:58[K                 Class     Images  Instances      Box(P          R      mAP50  mAP50-95): 24% ━━╸───────── 1226/5000 20.2it/s 57.8s<3:07[K                 Class     Images  Instances      Box(P          R      mAP50  mAP50-95): 24% ━━╸───────── 1228/5000 17.3it/s 58.0s<3:38[K                 Class     Images  Instances      Box(P          R      mAP50  mAP50-95): 24% ━━╸───────── 1230/5000 15.3it/s 58.2s<4:06[K                 Class     Images  Instances      Box(P          R      mAP50  mAP50-95): 24% ━━╸───────── 1232/5000 16.2it/s 58.3s<3:53[K                 Class     Images  Instances      Box(P          R      mAP50  mAP50-95): 24% ━━╸───────── 1235/5000 19.7it/s 58.4s<3:11[K                 Class     Images  Instances      Box(P          R      mAP50  mAP50-95): 24% ━━╸───────── 1238/5000 18.8it/s 58.6s<3:20[K                 Class     Images  Instances      Box(P          R      mAP50  mAP50-95): 24% ━━╸───────── 1241/5000 21.1it/s 58.7s<2:58[K                 Class     Images  Instances      Box(P          R      mAP50  mAP50-95): 24% ━━╸───────── 1244/5000 19.5it/s 58.9s<3:12[K                 Class     Images  Instances      Box(P          R      mAP50  mAP50-95): 24% ━━╸───────── 1247/5000 21.7it/s 59.0s<2:53[K                 Class     Images  Instances      Box(P          R      mAP50  mAP50-95): 24% ━━╸───────── 1249/5000 21.1it/s 59.1s<2:58[K                 Class     Images  Instances      Box(P          R      mAP50  mAP50-95): 25% ━━━───────── 1251/5000 18.0it/s 59.3s<3:28[K                 Class     Images  Instances      Box(P          R      mAP50  mAP50-95): 25% ━━━───────── 1253/5000 18.0it/s 59.4s<3:28[K                 Class     Images  Instances      Box(P          R      mAP50  mAP50-95): 25% ━━━───────── 1256/5000 21.1it/s 59.5s<2:58[K                 Class     Images  Instances      Box(P          R      mAP50  mAP50-95): 25% ━━━───────── 1259/5000 23.7it/s 59.6s<2:38[K                 Class     Images  Instances      Box(P          R      mAP50  mAP50-95): 25% ━━━───────── 1262/5000 25.6it/s 59.7s<2:26[K                 Class     Images  Instances      Box(P          R      mAP50  mAP50-95): 25% ━━━───────── 1264/5000 23.9it/s 59.8s<2:36[K                 Class     Images  Instances      Box(P          R      mAP50  mAP50-95): 25% ━━━───────── 1267/5000 25.3it/s 59.9s<2:28[K                 Class     Images  Instances      Box(P          R      mAP50  mAP50-95): 25% ━━━───────── 1270/5000 22.5it/s 1:00<2:46[K                 Class     Images  Instances      Box(P          R      mAP50  mAP50-95): 25% ━━━───────── 1272/5000 18.9it/s 1:00<3:17[K                 Class     Images  Instances      Box(P          R      mAP50  mAP50-95): 25% ━━━───────── 1275/5000 21.3it/s 1:00<2:55[K                 Class     Images  Instances      Box(P          R      mAP50  mAP50-95): 25% ━━━───────── 1278/5000 23.4it/s 1:01<2:39[K                 Class     Images  Instances      Box(P          R      mAP50  mAP50-95): 25% ━━━───────── 1281/5000 25.1it/s 1:01<2:28[K                 Class     Images  Instances      Box(P          R      mAP50  mAP50-95): 25% ━━━───────── 1284/5000 22.5it/s 1:01<2:45[K                 Class     Images  Instances      Box(P          R      mAP50  mAP50-95): 25% ━━━───────── 1287/5000 24.3it/s 1:01<2:33[K                 Class     Images  Instances      Box(P          R      mAP50  mAP50-95): 25% ━━━───────── 1289/5000 22.8it/s 1:01<2:43[K                 Class     Images  Instances      Box(P          R      mAP50  mAP50-95): 25% ━━━───────── 1291/5000 21.6it/s 1:01<2:52[K                 Class     Images  Instances      Box(P          R      mAP50  mAP50-95): 25% ━━━───────── 1295/5000 21.6it/s 1:01<2:51[K                 Class     Images  Instances      Box(P          R      mAP50  mAP50-95): 25% ━━━───────── 1298/5000 23.4it/s 1:01<2:38[K                 Class     Images  Instances      Box(P          R      mAP50  mAP50-95): 26% ━━━───────── 1301/5000 24.9it/s 1:02<2:28[K                 Class     Images  Instances      Box(P          R      mAP50  mAP50-95): 26% ━━━───────── 1303/5000 23.4it/s 1:02<2:38[K                 Class     Images  Instances      Box(P          R      mAP50  mAP50-95): 26% ━━━───────── 1306/5000 21.3it/s 1:02<2:53[K                 Class     Images  Instances      Box(P          R      mAP50  mAP50-95): 26% ━━━───────── 1309/5000 23.4it/s 1:02<2:38[K                 Class     Images  Instances      Box(P          R      mAP50  mAP50-95): 26% ━━━───────── 1312/5000 25.2it/s 1:02<2:26[K                 Class     Images  Instances      Box(P          R      mAP50  mAP50-95): 26% ━━━───────── 1314/5000 22.9it/s 1:02<2:41[K                 Class     Images  Instances      Box(P          R      mAP50  mAP50-95): 26% ━━━───────── 1316/5000 19.3it/s 1:02<3:11[K                 Class     Images  Instances      Box(P          R      mAP50  mAP50-95): 26% ━━━───────── 1320/5000 24.4it/s 1:02<2:31[K                 Class     Images  Instances      Box(P          R      mAP50  mAP50-95): 26% ━━━───────── 1322/5000 22.8it/s 1:03<2:41[K                 Class     Images  Instances      Box(P          R      mAP50  mAP50-95): 26% ━━━───────── 1325/5000 20.9it/s 1:03<2:56[K                 Class     Images  Instances      Box(P          R      mAP50  mAP50-95): 26% ━━━───────── 1328/5000 22.9it/s 1:03<2:41[K                 Class     Images  Instances      Box(P          R      mAP50  mAP50-95): 26% ━━━───────── 1330/5000 22.0it/s 1:03<2:47[K                 Class     Images  Instances      Box(P          R      mAP50  mAP50-95): 26% ━━━───────── 1332/5000 21.3it/s 1:03<2:52[K                 Class     Images  Instances      Box(P          R      mAP50  mAP50-95): 26% ━━━───────── 1335/5000 19.8it/s 1:03<3:05[K                 Class     Images  Instances      Box(P          R      mAP50  mAP50-95): 26% ━━━───────── 1338/5000 22.7it/s 1:03<2:41[K                 Class     Images  Instances      Box(P          R      mAP50  mAP50-95): 26% ━━━───────── 1341/5000 24.3it/s 1:03<2:31[K                 Class     Images  Instances      Box(P          R      mAP50  mAP50-95): 26% ━━━───────── 1343/5000 22.7it/s 1:04<2:41[K                 Class     Images  Instances      Box(P          R      mAP50  mAP50-95): 26% ━━━───────── 1346/5000 24.1it/s 1:04<2:32[K                 Class     Images  Instances      Box(P          R      mAP50  mAP50-95): 26% ━━━───────── 1349/5000 21.8it/s 1:04<2:48[K                 Class     Images  Instances      Box(P          R      mAP50  mAP50-95): 27% ━━━───────── 1352/5000 23.7it/s 1:04<2:34[K                 Class     Images  Instances      Box(P          R      mAP50  mAP50-95): 27% ━━━───────── 1355/5000 21.3it/s 1:04<2:51[K                 Class     Images  Instances      Box(P          R      mAP50  mAP50-95): 27% ━━━───────── 1358/5000 23.5it/s 1:04<2:35[K                 Class     Images  Instances      Box(P          R      mAP50  mAP50-95): 27% ━━━───────── 1362/5000 27.9it/s 1:04<2:10[K                 Class     Images  Instances      Box(P          R      mAP50  mAP50-95): 27% ━━━───────── 1366/5000 30.7it/s 1:04<1:59[K                 Class     Images  Instances      Box(P          R      mAP50  mAP50-95): 27% ━━━───────── 1369/5000 26.2it/s 1:05<2:19[K                 Class     Images  Instances      Box(P          R      mAP50  mAP50-95): 27% ━━━───────── 1371/5000 23.7it/s 1:05<2:33[K                 Class     Images  Instances      Box(P          R      mAP50  mAP50-95): 27% ━━━───────── 1373/5000 19.9it/s 1:05<3:02[K                 Class     Images  Instances      Box(P          R      mAP50  mAP50-95): 27% ━━━───────── 1376/5000 22.2it/s 1:05<2:43[K                 Class     Images  Instances      Box(P          R      mAP50  mAP50-95): 27% ━━━───────── 1379/5000 23.7it/s 1:05<2:33[K                 Class     Images  Instances      Box(P          R      mAP50  mAP50-95): 27% ━━━───────── 1381/5000 20.0it/s 1:05<3:01[K                 Class     Images  Instances      Box(P          R      mAP50  mAP50-95): 27% ━━━───────── 1384/5000 22.2it/s 1:05<2:43[K                 Class     Images  Instances      Box(P          R      mAP50  mAP50-95): 27% ━━━───────── 1387/5000 23.8it/s 1:06<2:32[K                 Class     Images  Instances      Box(P          R      mAP50  mAP50-95): 27% ━━━───────── 1390/5000 25.2it/s 1:06<2:23[K                 Class     Images  Instances      Box(P          R      mAP50  mAP50-95): 27% ━━━───────── 1393/5000 22.5it/s 1:06<2:40[K                 Class     Images  Instances      Box(P          R      mAP50  mAP50-95): 27% ━━━───────── 1395/5000 21.7it/s 1:06<2:46[K                 Class     Images  Instances      Box(P          R      mAP50  mAP50-95): 27% ━━━───────── 1397/5000 20.9it/s 1:06<2:52[K                 Class     Images  Instances      Box(P          R      mAP50  mAP50-95): 27% ━━━───────── 1399/5000 17.9it/s 1:06<3:21[K                 Class     Images  Instances      Box(P          R      mAP50  mAP50-95): 28% ━━━───────── 1403/5000 23.5it/s 1:06<2:33[K                 Class     Images  Instances      Box(P          R      mAP50  mAP50-95): 28% ━━━───────── 1406/5000 25.0it/s 1:06<2:24[K                 Class     Images  Instances      Box(P          R      mAP50  mAP50-95): 28% ━━━───────── 1409/5000 25.9it/s 1:07<2:19[K                 Class     Images  Instances      Box(P          R      mAP50  mAP50-95): 28% ━━━───────── 1412/5000 22.9it/s 1:07<2:36[K                 Class     Images  Instances      Box(P          R      mAP50  mAP50-95): 28% ━━━───────── 1415/5000 25.0it/s 1:07<2:23[K                 Class     Images  Instances      Box(P          R      mAP50  mAP50-95): 28% ━━━───────── 1417/5000 23.3it/s 1:07<2:34[K                 Class     Images  Instances      Box(P          R      mAP50  mAP50-95): 28% ━━━───────── 1419/5000 22.2it/s 1:07<2:41[K                 Class     Images  Instances      Box(P          R      mAP50  mAP50-95): 28% ━━━───────── 1421/5000 21.2it/s 1:07<2:48[K                 Class     Images  Instances      Box(P          R      mAP50  mAP50-95): 28% ━━━───────── 1424/5000 19.8it/s 1:07<3:00[K                 Class     Images  Instances      Box(P          R      mAP50  mAP50-95): 28% ━━━───────── 1427/5000 22.8it/s 1:07<2:37[K                 Class     Images  Instances      Box(P          R      mAP50  mAP50-95): 28% ━━━───────── 1430/5000 24.2it/s 1:08<2:28[K                 Class     Images  Instances      Box(P          R      mAP50  mAP50-95): 28% ━━━───────── 1432/5000 22.5it/s 1:08<2:39[K                 Class     Images  Instances      Box(P          R      mAP50  mAP50-95): 28% ━━━───────── 1435/5000 20.6it/s 1:08<2:53[K                 Class     Images  Instances      Box(P          R      mAP50  mAP50-95): 28% ━━━───────── 1437/5000 19.5it/s 1:08<3:02[K                 Class     Images  Instances      Box(P          R      mAP50  mAP50-95): 28% ━━━───────── 1440/5000 22.5it/s 1:08<2:39[K                 Class     Images  Instances      Box(P          R      mAP50  mAP50-95): 28% ━━━───────── 1443/5000 20.8it/s 1:08<2:51[K                 Class     Images  Instances      Box(P          R      mAP50  mAP50-95): 28% ━━━───────── 1446/5000 22.6it/s 1:08<2:37[K                 Class     Images  Instances      Box(P          R      mAP50  mAP50-95): 28% ━━━───────── 1449/5000 20.4it/s 1:09<2:54[K                 Class     Images  Instances      Box(P          R      mAP50  mAP50-95): 29% ━━━───────── 1451/5000 19.8it/s 1:09<2:59[K                 Class     Images  Instances      Box(P          R      mAP50  mAP50-95): 29% ━━━───────── 1454/5000 22.5it/s 1:09<2:38[K                 Class     Images  Instances      Box(P          R      mAP50  mAP50-95): 29% ━━━───────── 1457/5000 24.6it/s 1:09<2:24[K                 Class     Images  Instances      Box(P          R      mAP50  mAP50-95): 29% ━━━╸──────── 1460/5000 26.1it/s 1:09<2:16[K                 Class     Images  Instances      Box(P          R      mAP50  mAP50-95): 29% ━━━╸──────── 1463/5000 23.4it/s 1:09<2:31[K                 Class     Images  Instances      Box(P          R      mAP50  mAP50-95): 29% ━━━╸──────── 1465/5000 22.4it/s 1:09<2:38[K                 Class     Images  Instances      Box(P          R      mAP50  mAP50-95): 29% ━━━╸──────── 1467/5000 21.6it/s 1:09<2:44[K                 Class     Images  Instances      Box(P          R      mAP50  mAP50-95): 29% ━━━╸──────── 1470/5000 24.1it/s 1:09<2:27[K                 Class     Images  Instances      Box(P          R      mAP50  mAP50-95): 29% ━━━╸──────── 1474/5000 27.7it/s 1:10<2:07[K                 Class     Images  Instances      Box(P          R      mAP50  mAP50-95): 29% ━━━╸──────── 1477/5000 27.5it/s 1:10<2:08[K                 Class     Images  Instances      Box(P          R      mAP50  mAP50-95): 29% ━━━╸──────── 1480/5000 24.1it/s 1:10<2:26[K                 Class     Images  Instances      Box(P          R      mAP50  mAP50-95): 29% ━━━╸──────── 1482/5000 22.7it/s 1:10<2:35[K                 Class     Images  Instances      Box(P          R      mAP50  mAP50-95): 29% ━━━╸──────── 1484/5000 21.6it/s 1:10<2:43[K                 Class     Images  Instances      Box(P          R      mAP50  mAP50-95): 29% ━━━╸──────── 1486/5000 21.0it/s 1:10<2:48[K                 Class     Images  Instances      Box(P          R      mAP50  mAP50-95): 29% ━━━╸──────── 1489/5000 23.1it/s 1:10<2:32[K                 Class     Images  Instances      Box(P          R      mAP50  mAP50-95): 29% ━━━╸──────── 1492/5000 20.9it/s 1:10<2:48[K                 Class     Images  Instances      Box(P          R      mAP50  mAP50-95): 29% ━━━╸──────── 1495/5000 22.8it/s 1:11<2:34[K                 Class     Images  Instances      Box(P          R      mAP50  mAP50-95): 29% ━━━╸──────── 1497/5000 19.3it/s 1:11<3:01[K                 Class     Images  Instances      Box(P          R      mAP50  mAP50-95): 29% ━━━╸──────── 1499/5000 18.9it/s 1:11<3:05[K                 Class     Images  Instances      Box(P          R      mAP50  mAP50-95): 30% ━━━╸──────── 1501/5000 19.2it/s 1:11<3:02[K                 Class     Images  Instances      Box(P          R      mAP50  mAP50-95): 30% ━━━╸──────── 1504/5000 22.0it/s 1:11<2:39[K                 Class     Images  Instances      Box(P          R      mAP50  mAP50-95): 30% ━━━╸──────── 1507/5000 23.7it/s 1:11<2:27[K                 Class     Images  Instances      Box(P          R      mAP50  mAP50-95): 30% ━━━╸──────── 1509/5000 20.1it/s 1:11<2:54[K                 Class     Images  Instances      Box(P          R      mAP50  mAP50-95): 30% ━━━╸──────── 1511/5000 19.7it/s 1:11<2:57[K                 Class     Images  Instances      Box(P          R      mAP50  mAP50-95): 30% ━━━╸──────── 1513/5000 19.5it/s 1:12<2:59[K                 Class     Images  Instances      Box(P          R      mAP50  mAP50-95): 30% ━━━╸──────── 1516/5000 21.6it/s 1:12<2:41[K                 Class     Images  Instances      Box(P          R      mAP50  mAP50-95): 30% ━━━╸──────── 1520/5000 26.2it/s 1:12<2:13[K                 Class     Images  Instances      Box(P          R      mAP50  mAP50-95): 30% ━━━╸──────── 1523/5000 23.4it/s 1:12<2:28[K                 Class     Images  Instances      Box(P          R      mAP50  mAP50-95): 30% ━━━╸──────── 1526/5000 24.6it/s 1:12<2:21[K                 Class     Images  Instances      Box(P          R      mAP50  mAP50-95): 30% ━━━╸──────── 1529/5000 25.6it/s 1:12<2:15[K                 Class     Images  Instances      Box(P          R      mAP50  mAP50-95): 30% ━━━╸──────── 1532/5000 22.9it/s 1:12<2:32[K                 Class     Images  Instances      Box(P          R      mAP50  mAP50-95): 30% ━━━╸──────── 1534/5000 21.8it/s 1:12<2:39[K                 Class     Images  Instances      Box(P          R      mAP50  mAP50-95): 30% ━━━╸──────── 1536/5000 20.7it/s 1:13<2:47[K                 Class     Images  Instances      Box(P          R      mAP50  mAP50-95): 30% ━━━╸──────── 1538/5000 20.5it/s 1:13<2:49[K                 Class     Images  Instances      Box(P          R      mAP50  mAP50-95): 30% ━━━╸──────── 1540/5000 19.8it/s 1:13<2:55[K                 Class     Images  Instances      Box(P          R      mAP50  mAP50-95): 30% ━━━╸──────── 1542/5000 17.4it/s 1:13<3:19[K                 Class     Images  Instances      Box(P          R      mAP50  mAP50-95): 30% ━━━╸──────── 1544/5000 17.9it/s 1:13<3:13[K                 Class     Images  Instances      Box(P          R      mAP50  mAP50-95): 30% ━━━╸──────── 1547/5000 21.0it/s 1:13<2:44[K                 Class     Images  Instances      Box(P          R      mAP50  mAP50-95): 30% ━━━╸──────── 1549/5000 20.3it/s 1:13<2:50[K                 Class     Images  Instances      Box(P          R      mAP50  mAP50-95): 31% ━━━╸──────── 1552/5000 19.3it/s 1:13<2:59[K                 Class     Images  Instances      Box(P          R      mAP50  mAP50-95): 31% ━━━╸──────── 1555/5000 21.5it/s 1:14<2:40[K                 Class     Images  Instances      Box(P          R      mAP50  mAP50-95): 31% ━━━╸──────── 1556/5000 17.8it/s 1:14<3:13[K                 Class     Images  Instances      Box(P          R      mAP50  mAP50-95): 31% ━━━╸──────── 1560/5000 19.1it/s 1:14<3:00[K                 Class     Images  Instances      Box(P          R      mAP50  mAP50-95): 31% ━━━╸──────── 1563/5000 21.4it/s 1:14<2:40[K                 Class     Images  Instances      Box(P          R      mAP50  mAP50-95): 31% ━━━╸──────── 1565/5000 20.9it/s 1:14<2:44[K                 Class     Images  Instances      Box(P          R      mAP50  mAP50-95): 31% ━━━╸──────── 1569/5000 17.7it/s 1:14<3:14[K                 Class     Images  Instances      Box(P          R      mAP50  mAP50-95): 31% ━━━╸──────── 1572/5000 20.2it/s 1:15<2:50[K                 Class     Images  Instances      Box(P          R      mAP50  mAP50-95): 31% ━━━╸──────── 1574/5000 17.5it/s 1:15<3:16[K                 Class     Images  Instances      Box(P          R      mAP50  mAP50-95): 31% ━━━╸──────── 1576/5000 17.5it/s 1:15<3:16[K                 Class     Images  Instances      Box(P          R      mAP50  mAP50-95): 31% ━━━╸──────── 1578/5000 17.9it/s 1:15<3:11[K                 Class     Images  Instances      Box(P          R      mAP50  mAP50-95): 31% ━━━╸──────── 1581/5000 17.4it/s 1:15<3:16[K                 Class     Images  Instances      Box(P          R      mAP50  mAP50-95): 31% ━━━╸──────── 1584/5000 20.3it/s 1:15<2:48[K                 Class     Images  Instances      Box(P          R      mAP50  mAP50-95): 31% ━━━╸──────── 1586/5000 19.5it/s 1:15<2:56[K                 Class     Images  Instances      Box(P          R      mAP50  mAP50-95): 31% ━━━╸──────── 1589/5000 18.9it/s 1:16<3:01[K                 Class     Images  Instances      Box(P          R      mAP50  mAP50-95): 31% ━━━╸──────── 1591/5000 18.9it/s 1:16<3:00[K                 Class     Images  Instances      Box(P          R      mAP50  mAP50-95): 31% ━━━╸──────── 1593/5000 16.3it/s 1:16<3:29[K                 Class     Images  Instances      Box(P          R      mAP50  mAP50-95): 31% ━━━╸──────── 1595/5000 17.3it/s 1:16<3:17[K                 Class     Images  Instances      Box(P          R      mAP50  mAP50-95): 31% ━━━╸──────── 1598/5000 16.8it/s 1:16<3:22[K                 Class     Images  Instances      Box(P          R      mAP50  mAP50-95): 32% ━━━╸──────── 1601/5000 19.6it/s 1:16<2:53[K                 Class     Images  Instances      Box(P          R      mAP50  mAP50-95): 32% ━━━╸──────── 1603/5000 18.9it/s 1:16<2:60[K                 Class     Images  Instances      Box(P          R      mAP50  mAP50-95): 32% ━━━╸──────── 1606/5000 18.5it/s 1:16<3:03[K                 Class     Images  Instances      Box(P          R      mAP50  mAP50-95): 32% ━━━╸──────── 1609/5000 21.2it/s 1:17<2:40[K                 Class     Images  Instances      Box(P          R      mAP50  mAP50-95): 32% ━━━╸──────── 1612/5000 23.0it/s 1:17<2:28[K                 Class     Images  Instances      Box(P          R      mAP50  mAP50-95): 32% ━━━╸──────── 1614/5000 21.6it/s 1:17<2:37[K                 Class     Images  Instances      Box(P          R      mAP50  mAP50-95): 32% ━━━╸──────── 1616/5000 18.6it/s 1:17<3:02[K                 Class     Images  Instances      Box(P          R      mAP50  mAP50-95): 32% ━━━╸──────── 1618/5000 19.0it/s 1:17<2:58[K                 Class     Images  Instances      Box(P          R      mAP50  mAP50-95): 32% ━━━╸──────── 1621/5000 21.5it/s 1:17<2:38[K                 Class     Images  Instances      Box(P          R      mAP50  mAP50-95): 32% ━━━╸──────── 1624/5000 23.3it/s 1:17<2:25[K                 Class     Images  Instances      Box(P          R      mAP50  mAP50-95): 32% ━━━╸──────── 1627/5000 21.3it/s 1:17<2:39[K                 Class     Images  Instances      Box(P          R      mAP50  mAP50-95): 32% ━━━╸──────── 1630/5000 23.2it/s 1:18<2:25[K                 Class     Images  Instances      Box(P          R      mAP50  mAP50-95): 32% ━━━╸──────── 1633/5000 24.4it/s 1:18<2:18[K                 Class     Images  Instances      Box(P          R      mAP50  mAP50-95): 32% ━━━╸──────── 1636/5000 22.0it/s 1:18<2:33[K                 Class     Images  Instances      Box(P          R      mAP50  mAP50-95): 32% ━━━╸──────── 1638/5000 20.8it/s 1:18<2:42[K                 Class     Images  Instances      Box(P          R      mAP50  mAP50-95): 32% ━━━╸──────── 1641/5000 22.6it/s 1:18<2:29[K                 Class     Images  Instances      Box(P          R      mAP50  mAP50-95): 32% ━━━╸──────── 1644/5000 20.6it/s 1:18<2:43[K                 Class     Images  Instances      Box(P          R      mAP50  mAP50-95): 32% ━━━╸──────── 1646/5000 19.6it/s 1:18<2:51[K                 Class     Images  Instances      Box(P          R      mAP50  mAP50-95): 32% ━━━╸──────── 1649/5000 18.6it/s 1:19<3:00[K                 Class     Images  Instances      Box(P          R      mAP50  mAP50-95): 33% ━━━╸──────── 1651/5000 18.9it/s 1:19<2:57[K                 Class     Images  Instances      Box(P          R      mAP50  mAP50-95): 33% ━━━╸──────── 1653/5000 19.0it/s 1:19<2:56[K                 Class     Images  Instances      Box(P          R      mAP50  mAP50-95): 33% ━━━╸──────── 1656/5000 18.3it/s 1:19<3:03[K                 Class     Images  Instances      Box(P          R      mAP50  mAP50-95): 33% ━━━╸──────── 1658/5000 18.4it/s 1:19<3:01[K                 Class     Images  Instances      Box(P          R      mAP50  mAP50-95): 33% ━━━╸──────── 1660/5000 18.6it/s 1:19<2:60[K                 Class     Images  Instances      Box(P          R      mAP50  mAP50-95): 33% ━━━╸──────── 1663/5000 21.8it/s 1:19<2:33[K                 Class     Images  Instances      Box(P          R      mAP50  mAP50-95): 33% ━━━━──────── 1667/5000 21.5it/s 1:20<2:35[K                 Class     Images  Instances      Box(P          R      mAP50  mAP50-95): 33% ━━━━──────── 1670/5000 23.6it/s 1:20<2:21[K                 Class     Images  Instances      Box(P          R      mAP50  mAP50-95): 33% ━━━━──────── 1672/5000 22.1it/s 1:20<2:30[K                 Class     Images  Instances      Box(P          R      mAP50  mAP50-95): 33% ━━━━──────── 1674/5000 18.8it/s 1:20<2:57[K                 Class     Images  Instances      Box(P          R      mAP50  mAP50-95): 33% ━━━━──────── 1677/5000 21.6it/s 1:20<2:34[K                 Class     Images  Instances      Box(P          R      mAP50  mAP50-95): 33% ━━━━──────── 1679/5000 21.0it/s 1:20<2:38[K                 Class     Images  Instances      Box(P          R      mAP50  mAP50-95): 33% ━━━━──────── 1682/5000 23.4it/s 1:20<2:22[K                 Class     Images  Instances      Box(P          R      mAP50  mAP50-95): 33% ━━━━──────── 1686/5000 27.6it/s 1:20<2:00[K                 Class     Images  Instances      Box(P          R      mAP50  mAP50-95): 33% ━━━━──────── 1689/5000 24.1it/s 1:21<2:18[K                 Class     Images  Instances      Box(P          R      mAP50  mAP50-95): 33% ━━━━──────── 1692/5000 24.9it/s 1:21<2:13[K                 Class     Images  Instances      Box(P          R      mAP50  mAP50-95): 33% ━━━━──────── 1694/5000 20.7it/s 1:21<2:40[K                 Class     Images  Instances      Box(P          R      mAP50  mAP50-95): 33% ━━━━──────── 1696/5000 19.9it/s 1:21<2:46[K                 Class     Images  Instances      Box(P          R      mAP50  mAP50-95): 33% ━━━━──────── 1698/5000 19.9it/s 1:21<2:46[K                 Class     Images  Instances      Box(P          R      mAP50  mAP50-95): 34% ━━━━──────── 1700/5000 19.8it/s 1:21<2:46[K                 Class     Images  Instances      Box(P          R      mAP50  mAP50-95): 34% ━━━━──────── 1703/5000 22.8it/s 1:21<2:25[K                 Class     Images  Instances      Box(P          R      mAP50  mAP50-95): 34% ━━━━──────── 1705/5000 19.3it/s 1:21<2:51[K                 Class     Images  Instances      Box(P          R      mAP50  mAP50-95): 34% ━━━━──────── 1708/5000 21.8it/s 1:22<2:31[K                 Class     Images  Instances      Box(P          R      mAP50  mAP50-95): 34% ━━━━──────── 1710/5000 21.1it/s 1:22<2:36[K                 Class     Images  Instances      Box(P          R      mAP50  mAP50-95): 34% ━━━━──────── 1713/5000 23.3it/s 1:22<2:21[K                 Class     Images  Instances      Box(P          R      mAP50  mAP50-95): 34% ━━━━──────── 1717/5000 27.4it/s 1:22<1:60[K                 Class     Images  Instances      Box(P          R      mAP50  mAP50-95): 34% ━━━━──────── 1720/5000 24.2it/s 1:22<2:16[K                 Class     Images  Instances      Box(P          R      mAP50  mAP50-95): 34% ━━━━──────── 1723/5000 25.7it/s 1:22<2:07[K                 Class     Images  Instances      Box(P          R      mAP50  mAP50-95): 34% ━━━━──────── 1726/5000 26.8it/s 1:22<2:02[K                 Class     Images  Instances      Box(P          R      mAP50  mAP50-95): 34% ━━━━──────── 1729/5000 27.2it/s 1:22<2:00[K                 Class     Images  Instances      Box(P          R      mAP50  mAP50-95): 34% ━━━━──────── 1732/5000 23.8it/s 1:22<2:17[K                 Class     Images  Instances      Box(P          R      mAP50  mAP50-95): 34% ━━━━──────── 1735/5000 24.6it/s 1:23<2:13[K                 Class     Images  Instances      Box(P          R      mAP50  mAP50-95): 34% ━━━━──────── 1738/5000 25.6it/s 1:23<2:08[K                 Class     Images  Instances      Box(P          R      mAP50  mAP50-95): 34% ━━━━──────── 1741/5000 23.0it/s 1:23<2:22[K                 Class     Images  Instances      Box(P          R      mAP50  mAP50-95): 34% ━━━━──────── 1744/5000 24.5it/s 1:23<2:13[K                 Class     Images  Instances      Box(P          R      mAP50  mAP50-95): 34% ━━━━──────── 1747/5000 25.6it/s 1:23<2:07[K                 Class     Images  Instances      Box(P          R      mAP50  mAP50-95): 34% ━━━━──────── 1749/5000 21.0it/s 1:23<2:35[K                 Class     Images  Instances      Box(P          R      mAP50  mAP50-95): 35% ━━━━──────── 1751/5000 20.0it/s 1:23<2:43[K                 Class     Images  Instances      Box(P          R      mAP50  mAP50-95): 35% ━━━━──────── 1753/5000 19.7it/s 1:24<2:45[K                 Class     Images  Instances      Box(P          R      mAP50  mAP50-95): 35% ━━━━──────── 1757/5000 25.5it/s 1:24<2:07[K                 Class     Images  Instances      Box(P          R      mAP50  mAP50-95): 35% ━━━━──────── 1760/5000 23.1it/s 1:24<2:20[K                 Class     Images  Instances      Box(P          R      mAP50  mAP50-95): 35% ━━━━──────── 1762/5000 22.1it/s 1:24<2:26[K                 Class     Images  Instances      Box(P          R      mAP50  mAP50-95): 35% ━━━━──────── 1765/5000 23.5it/s 1:24<2:17[K                 Class     Images  Instances      Box(P          R      mAP50  mAP50-95): 35% ━━━━──────── 1768/5000 24.6it/s 1:24<2:11[K                 Class     Images  Instances      Box(P          R      mAP50  mAP50-95): 35% ━━━━──────── 1771/5000 22.1it/s 1:24<2:26[K                 Class     Images  Instances      Box(P          R      mAP50  mAP50-95): 35% ━━━━──────── 1773/5000 21.2it/s 1:24<2:32[K                 Class     Images  Instances      Box(P          R      mAP50  mAP50-95): 35% ━━━━──────── 1775/5000 18.1it/s 1:25<2:59[K                 Class     Images  Instances      Box(P          R      mAP50  mAP50-95): 35% ━━━━──────── 1777/5000 17.9it/s 1:25<3:00[K                 Class     Images  Instances      Box(P          R      mAP50  mAP50-95): 35% ━━━━──────── 1781/5000 19.0it/s 1:25<2:50[K                 Class     Images  Instances      Box(P          R      mAP50  mAP50-95): 35% ━━━━──────── 1784/5000 21.5it/s 1:25<2:30[K                 Class     Images  Instances      Box(P          R      mAP50  mAP50-95): 35% ━━━━──────── 1786/5000 20.6it/s 1:25<2:36[K                 Class     Images  Instances      Box(P          R      mAP50  mAP50-95): 35% ━━━━──────── 1789/5000 22.8it/s 1:25<2:21[K                 Class     Images  Instances      Box(P          R      mAP50  mAP50-95): 35% ━━━━──────── 1791/5000 19.4it/s 1:25<2:45[K                 Class     Images  Instances      Box(P          R      mAP50  mAP50-95): 35% ━━━━──────── 1794/5000 21.9it/s 1:26<2:26[K                 Class     Images  Instances      Box(P          R      mAP50  mAP50-95): 35% ━━━━──────── 1797/5000 24.1it/s 1:26<2:13[K                 Class     Images  Instances      Box(P          R      mAP50  mAP50-95): 35% ━━━━──────── 1799/5000 22.8it/s 1:26<2:20[K                 Class     Images  Instances      Box(P          R      mAP50  mAP50-95): 36% ━━━━──────── 1801/5000 19.1it/s 1:26<2:47[K                 Class     Images  Instances      Box(P          R      mAP50  mAP50-95): 36% ━━━━──────── 1803/5000 18.9it/s 1:26<2:49[K                 Class     Images  Instances      Box(P          R      mAP50  mAP50-95): 36% ━━━━──────── 1805/5000 19.1it/s 1:26<2:47[K                 Class     Images  Instances      Box(P          R      mAP50  mAP50-95): 36% ━━━━──────── 1808/5000 18.0it/s 1:26<2:58[K                 Class     Images  Instances      Box(P          R      mAP50  mAP50-95): 36% ━━━━──────── 1810/5000 18.4it/s 1:26<2:53[K                 Class     Images  Instances      Box(P          R      mAP50  mAP50-95): 36% ━━━━──────── 1814/5000 23.8it/s 1:27<2:14[K                 Class     Images  Instances      Box(P          R      mAP50  mAP50-95): 36% ━━━━──────── 1816/5000 22.7it/s 1:27<2:20[K                 Class     Images  Instances      Box(P          R      mAP50  mAP50-95): 36% ━━━━──────── 1819/5000 20.9it/s 1:27<2:32[K                 Class     Images  Instances      Box(P          R      mAP50  mAP50-95): 36% ━━━━──────── 1821/5000 20.6it/s 1:27<2:34[K                 Class     Images  Instances      Box(P          R      mAP50  mAP50-95): 36% ━━━━──────── 1824/5000 22.3it/s 1:27<2:22[K                 Class     Images  Instances      Box(P          R      mAP50  mAP50-95): 36% ━━━━──────── 1827/5000 20.5it/s 1:27<2:35[K                 Class     Images  Instances      Box(P          R      mAP50  mAP50-95): 36% ━━━━──────── 1829/5000 20.3it/s 1:27<2:36[K                 Class     Images  Instances      Box(P          R      mAP50  mAP50-95): 36% ━━━━──────── 1831/5000 19.9it/s 1:27<2:40[K                 Class     Images  Instances      Box(P          R      mAP50  mAP50-95): 36% ━━━━──────── 1833/5000 19.6it/s 1:28<2:41[K                 Class     Images  Instances      Box(P          R      mAP50  mAP50-95): 36% ━━━━──────── 1836/5000 22.0it/s 1:28<2:24[K                 Class     Images  Instances      Box(P          R      mAP50  mAP50-95): 36% ━━━━──────── 1838/5000 18.7it/s 1:28<2:49[K                 Class     Images  Instances      Box(P          R      mAP50  mAP50-95): 36% ━━━━──────── 1840/5000 18.5it/s 1:28<2:50[K                 Class     Images  Instances      Box(P          R      mAP50  mAP50-95): 36% ━━━━──────── 1842/5000 18.5it/s 1:28<2:51[K                 Class     Images  Instances      Box(P          R      mAP50  mAP50-95): 36% ━━━━──────── 1844/5000 16.3it/s 1:28<3:14[K                 Class     Images  Instances      Box(P          R      mAP50  mAP50-95): 36% ━━━━──────── 1847/5000 19.9it/s 1:28<2:38[K                 Class     Images  Instances      Box(P          R      mAP50  mAP50-95): 37% ━━━━──────── 1851/5000 24.7it/s 1:28<2:07[K                 Class     Images  Instances      Box(P          R      mAP50  mAP50-95): 37% ━━━━──────── 1854/5000 25.9it/s 1:29<2:01[K                 Class     Images  Instances      Box(P          R      mAP50  mAP50-95): 37% ━━━━──────── 1857/5000 26.9it/s 1:29<1:57[K                 Class     Images  Instances      Box(P          R      mAP50  mAP50-95): 37% ━━━━──────── 1860/5000 23.9it/s 1:29<2:11[K                 Class     Images  Instances      Box(P          R      mAP50  mAP50-95): 37% ━━━━──────── 1863/5000 25.1it/s 1:29<2:05[K                 Class     Images  Instances      Box(P          R      mAP50  mAP50-95): 37% ━━━━──────── 1865/5000 23.2it/s 1:29<2:15[K                 Class     Images  Instances      Box(P          R      mAP50  mAP50-95): 37% ━━━━──────── 1867/5000 22.1it/s 1:29<2:22[K                 Class     Images  Instances      Box(P          R      mAP50  mAP50-95): 37% ━━━━──────── 1870/5000 20.4it/s 1:29<2:33[K                 Class     Images  Instances      Box(P          R      mAP50  mAP50-95): 37% ━━━━──────── 1873/5000 22.7it/s 1:29<2:18[K                 Class     Images  Instances      Box(P          R      mAP50  mAP50-95): 37% ━━━━──────── 1875/5000 21.8it/s 1:30<2:24[K                 Class     Images  Instances      Box(P          R      mAP50  mAP50-95): 37% ━━━━╸─────── 1877/5000 21.0it/s 1:30<2:29[K                 Class     Images  Instances      Box(P          R      mAP50  mAP50-95): 37% ━━━━╸─────── 1879/5000 20.2it/s 1:30<2:34[K                 Class     Images  Instances      Box(P          R      mAP50  mAP50-95): 37% ━━━━╸─────── 1881/5000 20.1it/s 1:30<2:35[K                 Class     Images  Instances      Box(P          R      mAP50  mAP50-95): 37% ━━━━╸─────── 1883/5000 19.9it/s 1:30<2:36[K                 Class     Images  Instances      Box(P          R      mAP50  mAP50-95): 37% ━━━━╸─────── 1886/5000 18.9it/s 1:30<2:45[K                 Class     Images  Instances      Box(P          R      mAP50  mAP50-95): 37% ━━━━╸─────── 1888/5000 18.9it/s 1:30<2:45[K                 Class     Images  Instances      Box(P          R      mAP50  mAP50-95): 37% ━━━━╸─────── 1890/5000 18.5it/s 1:30<2:48[K                 Class     Images  Instances      Box(P          R      mAP50  mAP50-95): 37% ━━━━╸─────── 1892/5000 16.1it/s 1:31<3:12[K                 Class     Images  Instances      Box(P          R      mAP50  mAP50-95): 37% ━━━━╸─────── 1895/5000 15.9it/s 1:31<3:15[K                 Class     Images  Instances      Box(P          R      mAP50  mAP50-95): 37% ━━━━╸─────── 1896/5000 14.1it/s 1:31<3:40[K                 Class     Images  Instances      Box(P          R      mAP50  mAP50-95): 37% ━━━━╸─────── 1898/5000 15.7it/s 1:31<3:18[K                 Class     Images  Instances      Box(P          R      mAP50  mAP50-95): 37% ━━━━╸─────── 1899/5000 12.6it/s 1:31<4:06[K                 Class     Images  Instances      Box(P          R      mAP50  mAP50-95): 38% ━━━━╸─────── 1901/5000 14.1it/s 1:31<3:40[K                 Class     Images  Instances      Box(P          R      mAP50  mAP50-95): 38% ━━━━╸─────── 1903/5000 13.0it/s 1:31<3:58[K                 Class     Images  Instances      Box(P          R      mAP50  mAP50-95): 38% ━━━━╸─────── 1906/5000 17.8it/s 1:32<2:54[K                 Class     Images  Instances      Box(P          R      mAP50  mAP50-95): 38% ━━━━╸─────── 1908/5000 18.4it/s 1:32<2:48[K                 Class     Images  Instances      Box(P          R      mAP50  mAP50-95): 38% ━━━━╸─────── 1910/5000 18.2it/s 1:32<2:50[K                 Class     Images  Instances      Box(P          R      mAP50  mAP50-95): 38% ━━━━╸─────── 1913/5000 17.6it/s 1:32<2:56[K                 Class     Images  Instances      Box(P          R      mAP50  mAP50-95): 38% ━━━━╸─────── 1916/5000 21.0it/s 1:32<2:27[K                 Class     Images  Instances      Box(P          R      mAP50  mAP50-95): 38% ━━━━╸─────── 1919/5000 23.6it/s 1:32<2:10[K                 Class     Images  Instances      Box(P          R      mAP50  mAP50-95): 38% ━━━━╸─────── 1921/5000 22.1it/s 1:32<2:19[K                 Class     Images  Instances      Box(P          R      mAP50  mAP50-95): 38% ━━━━╸─────── 1923/5000 18.7it/s 1:32<2:45[K                 Class     Images  Instances      Box(P          R      mAP50  mAP50-95): 38% ━━━━╸─────── 1925/5000 18.7it/s 1:33<2:45[K                 Class     Images  Instances      Box(P          R      mAP50  mAP50-95): 38% ━━━━╸─────── 1927/5000 18.6it/s 1:33<2:45[K                 Class     Images  Instances      Box(P          R      mAP50  mAP50-95): 38% ━━━━╸─────── 1929/5000 16.4it/s 1:33<3:07[K                 Class     Images  Instances      Box(P          R      mAP50  mAP50-95): 38% ━━━━╸─────── 1932/5000 19.1it/s 1:33<2:40[K                 Class     Images  Instances      Box(P          R      mAP50  mAP50-95): 38% ━━━━╸─────── 1934/5000 19.0it/s 1:33<2:42[K                 Class     Images  Instances      Box(P          R      mAP50  mAP50-95): 38% ━━━━╸─────── 1936/5000 16.7it/s 1:33<3:04[K                 Class     Images  Instances      Box(P          R      mAP50  mAP50-95): 38% ━━━━╸─────── 1938/5000 17.2it/s 1:33<2:58[K                 Class     Images  Instances      Box(P          R      mAP50  mAP50-95): 38% ━━━━╸─────── 1941/5000 20.5it/s 1:33<2:29[K                 Class     Images  Instances      Box(P          R      mAP50  mAP50-95): 38% ━━━━╸─────── 1944/5000 19.2it/s 1:34<2:39[K                 Class     Images  Instances      Box(P          R      mAP50  mAP50-95): 38% ━━━━╸─────── 1947/5000 21.6it/s 1:34<2:21[K                 Class     Images  Instances      Box(P          R      mAP50  mAP50-95): 39% ━━━━╸─────── 1950/5000 23.2it/s 1:34<2:12[K                 Class     Images  Instances      Box(P          R      mAP50  mAP50-95): 39% ━━━━╸─────── 1954/5000 22.9it/s 1:34<2:13[K                 Class     Images  Instances      Box(P          R      mAP50  mAP50-95): 39% ━━━━╸─────── 1957/5000 24.4it/s 1:34<2:05[K                 Class     Images  Instances      Box(P          R      mAP50  mAP50-95): 39% ━━━━╸─────── 1959/5000 22.8it/s 1:34<2:13[K                 Class     Images  Instances      Box(P          R      mAP50  mAP50-95): 39% ━━━━╸─────── 1961/5000 19.2it/s 1:34<2:39[K                 Class     Images  Instances      Box(P          R      mAP50  mAP50-95): 39% ━━━━╸─────── 1964/5000 22.4it/s 1:34<2:16[K                 Class     Images  Instances      Box(P          R      mAP50  mAP50-95): 39% ━━━━╸─────── 1967/5000 23.8it/s 1:35<2:08[K                 Class     Images  Instances      Box(P          R      mAP50  mAP50-95): 39% ━━━━╸─────── 1969/5000 22.6it/s 1:35<2:14[K                 Class     Images  Instances      Box(P          R      mAP50  mAP50-95): 39% ━━━━╸─────── 1972/5000 24.2it/s 1:35<2:05[K                 Class     Images  Instances      Box(P          R      mAP50  mAP50-95): 39% ━━━━╸─────── 1975/5000 25.5it/s 1:35<1:59[K                 Class     Images  Instances      Box(P          R      mAP50  mAP50-95): 39% ━━━━╸─────── 1977/5000 21.2it/s 1:35<2:23[K                 Class     Images  Instances      Box(P          R      mAP50  mAP50-95): 39% ━━━━╸─────── 1979/5000 20.5it/s 1:35<2:27[K                 Class     Images  Instances      Box(P          R      mAP50  mAP50-95): 39% ━━━━╸─────── 1981/5000 20.0it/s 1:35<2:31[K                 Class     Images  Instances      Box(P          R      mAP50  mAP50-95): 39% ━━━━╸─────── 1984/5000 22.1it/s 1:35<2:17[K                 Class     Images  Instances      Box(P          R      mAP50  mAP50-95): 39% ━━━━╸─────── 1988/5000 22.6it/s 1:36<2:13[K                 Class     Images  Instances      Box(P          R      mAP50  mAP50-95): 39% ━━━━╸─────── 1991/5000 24.7it/s 1:36<2:02[K                 Class     Images  Instances      Box(P          R      mAP50  mAP50-95): 39% ━━━━╸─────── 1993/5000 22.8it/s 1:36<2:12[K                 Class     Images  Instances      Box(P          R      mAP50  mAP50-95): 39% ━━━━╸─────── 1995/5000 21.8it/s 1:36<2:18[K                 Class     Images  Instances      Box(P          R      mAP50  mAP50-95): 39% ━━━━╸─────── 1999/5000 26.2it/s 1:36<1:54[K                 Class     Images  Instances      Box(P          R      mAP50  mAP50-95): 40% ━━━━╸─────── 2001/5000 21.7it/s 1:36<2:18[K                 Class     Images  Instances      Box(P          R      mAP50  mAP50-95): 40% ━━━━╸─────── 2004/5000 23.1it/s 1:36<2:09[K                 Class     Images  Instances      Box(P          R      mAP50  mAP50-95): 40% ━━━━╸─────── 2008/5000 27.0it/s 1:36<1:51[K                 Class     Images  Instances      Box(P          R      mAP50  mAP50-95): 40% ━━━━╸─────── 2011/5000 23.8it/s 1:37<2:06[K                 Class     Images  Instances      Box(P          R      mAP50  mAP50-95): 40% ━━━━╸─────── 2014/5000 25.1it/s 1:37<1:59[K                 Class     Images  Instances      Box(P          R      mAP50  mAP50-95): 40% ━━━━╸─────── 2017/5000 22.3it/s 1:37<2:14[K                 Class     Images  Instances      Box(P          R      mAP50  mAP50-95): 40% ━━━━╸─────── 2019/5000 21.2it/s 1:37<2:20[K                 Class     Images  Instances      Box(P          R      mAP50  mAP50-95): 40% ━━━━╸─────── 2023/5000 21.1it/s 1:37<2:21[K                 Class     Images  Instances      Box(P          R      mAP50  mAP50-95): 40% ━━━━╸─────── 2025/5000 20.5it/s 1:37<2:25[K                 Class     Images  Instances      Box(P          R      mAP50  mAP50-95): 40% ━━━━╸─────── 2027/5000 19.7it/s 1:37<2:31[K                 Class     Images  Instances      Box(P          R      mAP50  mAP50-95): 40% ━━━━╸─────── 2029/5000 17.2it/s 1:38<2:53[K                 Class     Images  Instances      Box(P          R      mAP50  mAP50-95): 40% ━━━━╸─────── 2033/5000 22.7it/s 1:38<2:11[K                 Class     Images  Instances      Box(P          R      mAP50  mAP50-95): 40% ━━━━╸─────── 2036/5000 24.0it/s 1:38<2:03[K                 Class     Images  Instances      Box(P          R      mAP50  mAP50-95): 40% ━━━━╸─────── 2038/5000 20.2it/s 1:38<2:27[K                 Class     Images  Instances      Box(P          R      mAP50  mAP50-95): 40% ━━━━╸─────── 2040/5000 19.7it/s 1:38<2:30[K                 Class     Images  Instances      Box(P          R      mAP50  mAP50-95): 40% ━━━━╸─────── 2043/5000 22.2it/s 1:38<2:13[K                 Class     Images  Instances      Box(P          R      mAP50  mAP50-95): 40% ━━━━╸─────── 2047/5000 22.0it/s 1:38<2:14[K                 Class     Images  Instances      Box(P          R      mAP50  mAP50-95): 40% ━━━━╸─────── 2049/5000 21.1it/s 1:39<2:20[K                 Class     Images  Instances      Box(P          R      mAP50  mAP50-95): 41% ━━━━╸─────── 2052/5000 23.2it/s 1:39<2:07[K                 Class     Images  Instances      Box(P          R      mAP50  mAP50-95): 41% ━━━━╸─────── 2055/5000 20.9it/s 1:39<2:21[K                 Class     Images  Instances      Box(P          R      mAP50  mAP50-95): 41% ━━━━╸─────── 2057/5000 20.4it/s 1:39<2:25[K                 Class     Images  Instances      Box(P          R      mAP50  mAP50-95): 41% ━━━━╸─────── 2059/5000 19.9it/s 1:39<2:28[K                 Class     Images  Instances      Box(P          R      mAP50  mAP50-95): 41% ━━━━╸─────── 2062/5000 18.8it/s 1:39<2:36[K                 Class     Images  Instances      Box(P          R      mAP50  mAP50-95): 41% ━━━━╸─────── 2064/5000 18.7it/s 1:39<2:37[K                 Class     Images  Instances      Box(P          R      mAP50  mAP50-95): 41% ━━━━╸─────── 2066/5000 19.1it/s 1:39<2:34[K                 Class     Images  Instances      Box(P          R      mAP50  mAP50-95): 41% ━━━━╸─────── 2069/5000 22.1it/s 1:40<2:13[K                 Class     Images  Instances      Box(P          R      mAP50  mAP50-95): 41% ━━━━╸─────── 2071/5000 21.1it/s 1:40<2:19[K                 Class     Images  Instances      Box(P          R      mAP50  mAP50-95): 41% ━━━━╸─────── 2074/5000 23.5it/s 1:40<2:05[K                 Class     Images  Instances      Box(P          R      mAP50  mAP50-95): 41% ━━━━╸─────── 2076/5000 19.8it/s 1:40<2:28[K                 Class     Images  Instances      Box(P          R      mAP50  mAP50-95): 41% ━━━━╸─────── 2079/5000 22.1it/s 1:40<2:12[K                 Class     Images  Instances      Box(P          R      mAP50  mAP50-95): 41% ━━━━╸─────── 2083/5000 21.7it/s 1:40<2:14[K                 Class     Images  Instances      Box(P          R      mAP50  mAP50-95): 41% ━━━━━─────── 2087/5000 25.8it/s 1:40<1:53[K                 Class     Images  Instances      Box(P          R      mAP50  mAP50-95): 41% ━━━━━─────── 2090/5000 22.9it/s 1:40<2:07[K                 Class     Images  Instances      Box(P          R      mAP50  mAP50-95): 41% ━━━━━─────── 2092/5000 21.5it/s 1:41<2:15[K                 Class     Images  Instances      Box(P          R      mAP50  mAP50-95): 41% ━━━━━─────── 2094/5000 20.9it/s 1:41<2:19[K                 Class     Images  Instances      Box(P          R      mAP50  mAP50-95): 41% ━━━━━─────── 2098/5000 21.0it/s 1:41<2:18[K                 Class     Images  Instances      Box(P          R      mAP50  mAP50-95): 42% ━━━━━─────── 2101/5000 23.1it/s 1:41<2:06[K                 Class     Images  Instances      Box(P          R      mAP50  mAP50-95): 42% ━━━━━─────── 2103/5000 22.0it/s 1:41<2:12[K                 Class     Images  Instances      Box(P          R      mAP50  mAP50-95): 42% ━━━━━─────── 2105/5000 21.2it/s 1:41<2:17[K                 Class     Images  Instances      Box(P          R      mAP50  mAP50-95): 42% ━━━━━─────── 2108/5000 19.7it/s 1:41<2:27[K                 Class     Images  Instances      Box(P          R      mAP50  mAP50-95): 42% ━━━━━─────── 2111/5000 21.6it/s 1:42<2:13[K                 Class     Images  Instances      Box(P          R      mAP50  mAP50-95): 42% ━━━━━─────── 2113/5000 20.6it/s 1:42<2:20[K                 Class     Images  Instances      Box(P          R      mAP50  mAP50-95): 42% ━━━━━─────── 2115/5000 17.8it/s 1:42<2:42[K                 Class     Images  Instances      Box(P          R      mAP50  mAP50-95): 42% ━━━━━─────── 2119/5000 23.2it/s 1:42<2:04[K                 Class     Images  Instances      Box(P          R      mAP50  mAP50-95): 42% ━━━━━─────── 2121/5000 21.9it/s 1:42<2:12[K                 Class     Images  Instances      Box(P          R      mAP50  mAP50-95): 42% ━━━━━─────── 2125/5000 26.6it/s 1:42<1:48[K                 Class     Images  Instances      Box(P          R      mAP50  mAP50-95): 42% ━━━━━─────── 2128/5000 23.4it/s 1:42<2:02[K                 Class     Images  Instances      Box(P          R      mAP50  mAP50-95): 42% ━━━━━─────── 2130/5000 19.6it/s 1:42<2:26[K                 Class     Images  Instances      Box(P          R      mAP50  mAP50-95): 42% ━━━━━─────── 2133/5000 21.8it/s 1:43<2:11[K                 Class     Images  Instances      Box(P          R      mAP50  mAP50-95): 42% ━━━━━─────── 2136/5000 20.0it/s 1:43<2:23[K                 Class     Images  Instances      Box(P          R      mAP50  mAP50-95): 42% ━━━━━─────── 2139/5000 22.0it/s 1:43<2:10[K                 Class     Images  Instances      Box(P          R      mAP50  mAP50-95): 42% ━━━━━─────── 2141/5000 18.6it/s 1:43<2:34[K                 Class     Images  Instances      Box(P          R      mAP50  mAP50-95): 42% ━━━━━─────── 2144/5000 22.0it/s 1:43<2:10[K                 Class     Images  Instances      Box(P          R      mAP50  mAP50-95): 42% ━━━━━─────── 2146/5000 21.4it/s 1:43<2:13[K                 Class     Images  Instances      Box(P          R      mAP50  mAP50-95): 42% ━━━━━─────── 2149/5000 23.0it/s 1:43<2:04[K                 Class     Images  Instances      Box(P          R      mAP50  mAP50-95): 43% ━━━━━─────── 2152/5000 20.8it/s 1:44<2:17[K                 Class     Images  Instances      Box(P          R      mAP50  mAP50-95): 43% ━━━━━─────── 2154/5000 20.1it/s 1:44<2:22[K                 Class     Images  Instances      Box(P          R      mAP50  mAP50-95): 43% ━━━━━─────── 2158/5000 24.7it/s 1:44<1:55[K                 Class     Images  Instances      Box(P          R      mAP50  mAP50-95): 43% ━━━━━─────── 2160/5000 20.7it/s 1:44<2:17[K                 Class     Images  Instances      Box(P          R      mAP50  mAP50-95): 43% ━━━━━─────── 2162/5000 20.1it/s 1:44<2:21[K                 Class     Images  Instances      Box(P          R      mAP50  mAP50-95): 43% ━━━━━─────── 2164/5000 19.7it/s 1:44<2:24[K                 Class     Images  Instances      Box(P          R      mAP50  mAP50-95): 43% ━━━━━─────── 2166/5000 17.0it/s 1:44<2:47[K                 Class     Images  Instances      Box(P          R      mAP50  mAP50-95): 43% ━━━━━─────── 2168/5000 17.6it/s 1:45<2:41[K                 Class     Images  Instances      Box(P          R      mAP50  mAP50-95): 43% ━━━━━─────── 2170/5000 18.1it/s 1:45<2:36[K                 Class     Images  Instances      Box(P          R      mAP50  mAP50-95): 43% ━━━━━─────── 2172/5000 15.8it/s 1:45<2:59[K                 Class     Images  Instances      Box(P          R      mAP50  mAP50-95): 43% ━━━━━─────── 2174/5000 16.3it/s 1:45<2:53[K                 Class     Images  Instances      Box(P          R      mAP50  mAP50-95): 43% ━━━━━─────── 2176/5000 14.5it/s 1:45<3:15[K                 Class     Images  Instances      Box(P          R      mAP50  mAP50-95): 43% ━━━━━─────── 2178/5000 13.3it/s 1:45<3:32[K                 Class     Images  Instances      Box(P          R      mAP50  mAP50-95): 43% ━━━━━─────── 2181/5000 18.2it/s 1:45<2:35[K                 Class     Images  Instances      Box(P          R      mAP50  mAP50-95): 43% ━━━━━─────── 2184/5000 20.7it/s 1:46<2:16[K                 Class     Images  Instances      Box(P          R      mAP50  mAP50-95): 43% ━━━━━─────── 2186/5000 20.4it/s 1:46<2:18[K                 Class     Images  Instances      Box(P          R      mAP50  mAP50-95): 43% ━━━━━─────── 2188/5000 17.6it/s 1:46<2:40[K                 Class     Images  Instances      Box(P          R      mAP50  mAP50-95): 43% ━━━━━─────── 2191/5000 20.4it/s 1:46<2:18[K                 Class     Images  Instances      Box(P          R      mAP50  mAP50-95): 43% ━━━━━─────── 2194/5000 22.7it/s 1:46<2:03[K                 Class     Images  Instances      Box(P          R      mAP50  mAP50-95): 43% ━━━━━─────── 2197/5000 24.4it/s 1:46<1:55[K                 Class     Images  Instances      Box(P          R      mAP50  mAP50-95): 44% ━━━━━─────── 2200/5000 25.3it/s 1:46<1:51[K                 Class     Images  Instances      Box(P          R      mAP50  mAP50-95): 44% ━━━━━─────── 2203/5000 23.2it/s 1:46<2:01[K                 Class     Images  Instances      Box(P          R      mAP50  mAP50-95): 44% ━━━━━─────── 2206/5000 24.0it/s 1:47<1:57[K                 Class     Images  Instances      Box(P          R      mAP50  mAP50-95): 44% ━━━━━─────── 2209/5000 25.1it/s 1:47<1:51[K                 Class     Images  Instances      Box(P          R      mAP50  mAP50-95): 44% ━━━━━─────── 2212/5000 22.5it/s 1:47<2:04[K                 Class     Images  Instances      Box(P          R      mAP50  mAP50-95): 44% ━━━━━─────── 2214/5000 21.4it/s 1:47<2:10[K                 Class     Images  Instances      Box(P          R      mAP50  mAP50-95): 44% ━━━━━─────── 2215/5000 18.0it/s 1:47<2:35[K                 Class     Images  Instances      Box(P          R      mAP50  mAP50-95): 44% ━━━━━─────── 2217/5000 15.8it/s 1:47<2:56[K                 Class     Images  Instances      Box(P          R      mAP50  mAP50-95): 44% ━━━━━─────── 2220/5000 20.0it/s 1:47<2:19[K                 Class     Images  Instances      Box(P          R      mAP50  mAP50-95): 44% ━━━━━─────── 2224/5000 25.9it/s 1:47<1:47[K                 Class     Images  Instances      Box(P          R      mAP50  mAP50-95): 44% ━━━━━─────── 2227/5000 26.2it/s 1:48<1:46[K                 Class     Images  Instances      Box(P          R      mAP50  mAP50-95): 44% ━━━━━─────── 2229/5000 23.7it/s 1:48<1:57[K                 Class     Images  Instances      Box(P          R      mAP50  mAP50-95): 44% ━━━━━─────── 2232/5000 21.7it/s 1:48<2:08[K                 Class     Images  Instances      Box(P          R      mAP50  mAP50-95): 44% ━━━━━─────── 2235/5000 23.2it/s 1:48<1:59[K                 Class     Images  Instances      Box(P          R      mAP50  mAP50-95): 44% ━━━━━─────── 2238/5000 24.4it/s 1:48<1:53[K                 Class     Images  Instances      Box(P          R      mAP50  mAP50-95): 44% ━━━━━─────── 2240/5000 20.5it/s 1:48<2:15[K                 Class     Images  Instances      Box(P          R      mAP50  mAP50-95): 44% ━━━━━─────── 2244/5000 25.1it/s 1:48<1:50[K                 Class     Images  Instances      Box(P          R      mAP50  mAP50-95): 44% ━━━━━─────── 2246/5000 23.4it/s 1:48<1:58[K                 Class     Images  Instances      Box(P          R      mAP50  mAP50-95): 44% ━━━━━─────── 2249/5000 24.6it/s 1:49<1:52[K                 Class     Images  Instances      Box(P          R      mAP50  mAP50-95): 45% ━━━━━─────── 2252/5000 22.3it/s 1:49<2:03[K                 Class     Images  Instances      Box(P          R      mAP50  mAP50-95): 45% ━━━━━─────── 2254/5000 21.3it/s 1:49<2:09[K                 Class     Images  Instances      Box(P          R      mAP50  mAP50-95): 45% ━━━━━─────── 2257/5000 23.3it/s 1:49<1:58[K                 Class     Images  Instances      Box(P          R      mAP50  mAP50-95): 45% ━━━━━─────── 2260/5000 24.5it/s 1:49<1:52[K                 Class     Images  Instances      Box(P          R      mAP50  mAP50-95): 45% ━━━━━─────── 2263/5000 22.0it/s 1:49<2:04[K                 Class     Images  Instances      Box(P          R      mAP50  mAP50-95): 45% ━━━━━─────── 2265/5000 21.2it/s 1:49<2:09[K                 Class     Images  Instances      Box(P          R      mAP50  mAP50-95): 45% ━━━━━─────── 2268/5000 23.5it/s 1:49<1:56[K                 Class     Images  Instances      Box(P          R      mAP50  mAP50-95): 45% ━━━━━─────── 2270/5000 19.6it/s 1:50<2:19[K                 Class     Images  Instances      Box(P          R      mAP50  mAP50-95): 45% ━━━━━─────── 2272/5000 19.1it/s 1:50<2:23[K                 Class     Images  Instances      Box(P          R      mAP50  mAP50-95): 45% ━━━━━─────── 2274/5000 16.6it/s 1:50<2:44[K                 Class     Images  Instances      Box(P          R      mAP50  mAP50-95): 45% ━━━━━─────── 2276/5000 16.9it/s 1:50<2:41[K                 Class     Images  Instances      Box(P          R      mAP50  mAP50-95): 45% ━━━━━─────── 2277/5000 14.8it/s 1:50<3:03[K                 Class     Images  Instances      Box(P          R      mAP50  mAP50-95): 45% ━━━━━─────── 2280/5000 19.4it/s 1:50<2:20[K                 Class     Images  Instances      Box(P          R      mAP50  mAP50-95): 45% ━━━━━─────── 2283/5000 18.4it/s 1:50<2:28[K                 Class     Images  Instances      Box(P          R      mAP50  mAP50-95): 45% ━━━━━─────── 2285/5000 18.2it/s 1:51<2:29[K                 Class     Images  Instances      Box(P          R      mAP50  mAP50-95): 45% ━━━━━─────── 2287/5000 18.4it/s 1:51<2:27[K                 Class     Images  Instances      Box(P          R      mAP50  mAP50-95): 45% ━━━━━─────── 2289/5000 16.2it/s 1:51<2:47[K                 Class     Images  Instances      Box(P          R      mAP50  mAP50-95): 45% ━━━━━╸────── 2292/5000 19.3it/s 1:51<2:20[K                 Class     Images  Instances      Box(P          R      mAP50  mAP50-95): 45% ━━━━━╸────── 2295/5000 22.1it/s 1:51<2:03[K                 Class     Images  Instances      Box(P          R      mAP50  mAP50-95): 45% ━━━━━╸────── 2298/5000 20.2it/s 1:51<2:14[K                 Class     Images  Instances      Box(P          R      mAP50  mAP50-95): 46% ━━━━━╸────── 2300/5000 19.5it/s 1:51<2:19[K                 Class     Images  Instances      Box(P          R      mAP50  mAP50-95): 46% ━━━━━╸────── 2302/5000 19.5it/s 1:51<2:18[K                 Class     Images  Instances      Box(P          R      mAP50  mAP50-95): 46% ━━━━━╸────── 2304/5000 16.9it/s 1:52<2:39[K                 Class     Images  Instances      Box(P          R      mAP50  mAP50-95): 46% ━━━━━╸────── 2306/5000 15.0it/s 1:52<2:60[K                 Class     Images  Instances      Box(P          R      mAP50  mAP50-95): 46% ━━━━━╸────── 2308/5000 16.0it/s 1:52<2:48[K                 Class     Images  Instances      Box(P          R      mAP50  mAP50-95): 46% ━━━━━╸────── 2311/5000 19.4it/s 1:52<2:19[K                 Class     Images  Instances      Box(P          R      mAP50  mAP50-95): 46% ━━━━━╸────── 2314/5000 22.1it/s 1:52<2:02[K                 Class     Images  Instances      Box(P          R      mAP50  mAP50-95): 46% ━━━━━╸────── 2318/5000 26.3it/s 1:52<1:42[K                 Class     Images  Instances      Box(P          R      mAP50  mAP50-95): 46% ━━━━━╸────── 2321/5000 23.6it/s 1:52<1:54[K                 Class     Images  Instances      Box(P          R      mAP50  mAP50-95): 46% ━━━━━╸────── 2324/5000 25.0it/s 1:53<1:47[K                 Class     Images  Instances      Box(P          R      mAP50  mAP50-95): 46% ━━━━━╸────── 2327/5000 25.6it/s 1:53<1:44[K                 Class     Images  Instances      Box(P          R      mAP50  mAP50-95): 46% ━━━━━╸────── 2330/5000 22.9it/s 1:53<1:57[K                 Class     Images  Instances      Box(P          R      mAP50  mAP50-95): 46% ━━━━━╸────── 2333/5000 24.5it/s 1:53<1:49[K                 Class     Images  Instances      Box(P          R      mAP50  mAP50-95): 46% ━━━━━╸────── 2336/5000 25.6it/s 1:53<1:44[K                 Class     Images  Instances      Box(P          R      mAP50  mAP50-95): 46% ━━━━━╸────── 2339/5000 26.6it/s 1:53<1:40[K                 Class     Images  Instances      Box(P          R      mAP50  mAP50-95): 46% ━━━━━╸────── 2342/5000 23.5it/s 1:53<1:53[K                 Class     Images  Instances      Box(P          R      mAP50  mAP50-95): 46% ━━━━━╸────── 2345/5000 24.5it/s 1:53<1:48[K                 Class     Images  Instances      Box(P          R      mAP50  mAP50-95): 46% ━━━━━╸────── 2347/5000 23.2it/s 1:54<1:55[K                 Class     Images  Instances      Box(P          R      mAP50  mAP50-95): 46% ━━━━━╸────── 2349/5000 22.0it/s 1:54<2:00[K                 Class     Images  Instances      Box(P          R      mAP50  mAP50-95): 47% ━━━━━╸────── 2351/5000 18.8it/s 1:54<2:21[K                 Class     Images  Instances      Box(P          R      mAP50  mAP50-95): 47% ━━━━━╸────── 2354/5000 21.2it/s 1:54<2:05[K                 Class     Images  Instances      Box(P          R      mAP50  mAP50-95): 47% ━━━━━╸────── 2358/5000 25.8it/s 1:54<1:42[K                 Class     Images  Instances      Box(P          R      mAP50  mAP50-95): 47% ━━━━━╸────── 2360/5000 23.8it/s 1:54<1:51[K                 Class     Images  Instances      Box(P          R      mAP50  mAP50-95): 47% ━━━━━╸────── 2362/5000 20.0it/s 1:54<2:12[K                 Class     Images  Instances      Box(P          R      mAP50  mAP50-95): 47% ━━━━━╸────── 2365/5000 22.4it/s 1:54<1:58[K                 Class     Images  Instances      Box(P          R      mAP50  mAP50-95): 47% ━━━━━╸────── 2367/5000 18.7it/s 1:55<2:21[K                 Class     Images  Instances      Box(P          R      mAP50  mAP50-95): 47% ━━━━━╸────── 2368/5000 16.1it/s 1:55<2:44[K                 Class     Images  Instances      Box(P          R      mAP50  mAP50-95): 47% ━━━━━╸────── 2370/5000 16.7it/s 1:55<2:37[K                 Class     Images  Instances      Box(P          R      mAP50  mAP50-95): 47% ━━━━━╸────── 2372/5000 15.0it/s 1:55<2:55[K                 Class     Images  Instances      Box(P          R      mAP50  mAP50-95): 47% ━━━━━╸────── 2374/5000 15.9it/s 1:55<2:45[K                 Class     Images  Instances      Box(P          R      mAP50  mAP50-95): 47% ━━━━━╸────── 2376/5000 17.1it/s 1:55<2:34[K                 Class     Images  Instances      Box(P          R      mAP50  mAP50-95): 47% ━━━━━╸────── 2378/5000 17.4it/s 1:55<2:30[K                 Class     Images  Instances      Box(P          R      mAP50  mAP50-95): 47% ━━━━━╸────── 2381/5000 17.1it/s 1:56<2:33[K                 Class     Images  Instances      Box(P          R      mAP50  mAP50-95): 47% ━━━━━╸────── 2383/5000 17.7it/s 1:56<2:28[K                 Class     Images  Instances      Box(P          R      mAP50  mAP50-95): 47% ━━━━━╸────── 2386/5000 20.7it/s 1:56<2:07[K                 Class     Images  Instances      Box(P          R      mAP50  mAP50-95): 47% ━━━━━╸────── 2389/5000 22.8it/s 1:56<1:55[K                 Class     Images  Instances      Box(P          R      mAP50  mAP50-95): 47% ━━━━━╸────── 2391/5000 19.5it/s 1:56<2:14[K                 Class     Images  Instances      Box(P          R      mAP50  mAP50-95): 47% ━━━━━╸────── 2394/5000 18.1it/s 1:56<2:24[K                 Class     Images  Instances      Box(P          R      mAP50  mAP50-95): 47% ━━━━━╸────── 2396/5000 18.2it/s 1:56<2:23[K                 Class     Images  Instances      Box(P          R      mAP50  mAP50-95): 47% ━━━━━╸────── 2398/5000 18.6it/s 1:56<2:20[K                 Class     Images  Instances      Box(P          R      mAP50  mAP50-95): 48% ━━━━━╸────── 2401/5000 21.3it/s 1:57<2:02[K                 Class     Images  Instances      Box(P          R      mAP50  mAP50-95): 48% ━━━━━╸────── 2403/5000 18.2it/s 1:57<2:23[K                 Class     Images  Instances      Box(P          R      mAP50  mAP50-95): 48% ━━━━━╸────── 2405/5000 18.1it/s 1:57<2:23[K                 Class     Images  Instances      Box(P          R      mAP50  mAP50-95): 48% ━━━━━╸────── 2408/5000 17.6it/s 1:57<2:28[K                 Class     Images  Instances      Box(P          R      mAP50  mAP50-95): 48% ━━━━━╸────── 2412/5000 23.1it/s 1:57<1:52[K                 Class     Images  Instances      Box(P          R      mAP50  mAP50-95): 48% ━━━━━╸────── 2415/5000 20.9it/s 1:57<2:03[K                 Class     Images  Instances      Box(P          R      mAP50  mAP50-95): 48% ━━━━━╸────── 2417/5000 20.6it/s 1:57<2:05[K                 Class     Images  Instances      Box(P          R      mAP50  mAP50-95): 48% ━━━━━╸────── 2420/5000 22.8it/s 1:58<1:53[K                 Class     Images  Instances      Box(P          R      mAP50  mAP50-95): 48% ━━━━━╸────── 2422/5000 21.9it/s 1:58<1:58[K                 Class     Images  Instances      Box(P          R      mAP50  mAP50-95): 48% ━━━━━╸────── 2425/5000 24.1it/s 1:58<1:47[K                 Class     Images  Instances      Box(P          R      mAP50  mAP50-95): 48% ━━━━━╸────── 2428/5000 25.2it/s 1:58<1:42[K                 Class     Images  Instances      Box(P          R      mAP50  mAP50-95): 48% ━━━━━╸────── 2431/5000 22.6it/s 1:58<1:53[K                 Class     Images  Instances      Box(P          R      mAP50  mAP50-95): 48% ━━━━━╸────── 2434/5000 24.3it/s 1:58<1:46[K                 Class     Images  Instances      Box(P          R      mAP50  mAP50-95): 48% ━━━━━╸────── 2437/5000 25.4it/s 1:58<1:41[K                 Class     Images  Instances      Box(P          R      mAP50  mAP50-95): 48% ━━━━━╸────── 2439/5000 23.8it/s 1:58<1:48[K                 Class     Images  Instances      Box(P          R      mAP50  mAP50-95): 48% ━━━━━╸────── 2442/5000 21.4it/s 1:58<1:59[K                 Class     Images  Instances      Box(P          R      mAP50  mAP50-95): 48% ━━━━━╸────── 2444/5000 20.4it/s 1:59<2:05[K                 Class     Images  Instances      Box(P          R      mAP50  mAP50-95): 48% ━━━━━╸────── 2447/5000 19.1it/s 1:59<2:14[K                 Class     Images  Instances      Box(P          R      mAP50  mAP50-95): 48% ━━━━━╸────── 2449/5000 18.9it/s 1:59<2:15[K                 Class     Images  Instances      Box(P          R      mAP50  mAP50-95): 49% ━━━━━╸────── 2451/5000 16.3it/s 1:59<2:36[K                 Class     Images  Instances      Box(P          R      mAP50  mAP50-95): 49% ━━━━━╸────── 2454/5000 19.6it/s 1:59<2:10[K                 Class     Images  Instances      Box(P          R      mAP50  mAP50-95): 49% ━━━━━╸────── 2456/5000 19.5it/s 1:59<2:11[K                 Class     Images  Instances      Box(P          R      mAP50  mAP50-95): 49% ━━━━━╸────── 2459/5000 18.1it/s 1:60<2:20[K                 Class     Images  Instances      Box(P          R      mAP50  mAP50-95): 49% ━━━━━╸────── 2461/5000 15.9it/s 1:60<2:39[K                 Class     Images  Instances      Box(P          R      mAP50  mAP50-95): 49% ━━━━━╸────── 2468/5000 29.9it/s 1:60<1:25[K                 Class     Images  Instances      Box(P          R      mAP50  mAP50-95): 49% ━━━━━╸────── 2477/5000 45.1it/s 1:60<55.9s[K                 Class     Images  Instances      Box(P          R      mAP50  mAP50-95): 49% ━━━━━╸────── 2486/5000 56.2it/s 2:00<44.7s[K                 Class     Images  Instances      Box(P          R      mAP50  mAP50-95): 49% ━━━━━╸────── 2495/5000 64.8it/s 2:00<38.7s[K                 Class     Images  Instances      Box(P          R      mAP50  mAP50-95): 50% ━━━━━━────── 2504/5000 71.2it/s 2:00<35.1s[K                 Class     Images  Instances      Box(P          R      mAP50  mAP50-95): 50% ━━━━━━────── 2513/5000 75.0it/s 2:00<33.2s[K                 Class     Images  Instances      Box(P          R      mAP50  mAP50-95): 50% ━━━━━━────── 2522/5000 78.0it/s 2:00<31.8s[K                 Class     Images  Instances      Box(P          R      mAP50  mAP50-95): 50% ━━━━━━────── 2531/5000 79.6it/s 2:01<31.0s[K                 Class     Images  Instances      Box(P          R      mAP50  mAP50-95): 50% ━━━━━━────── 2540/5000 81.0it/s 2:01<30.4s[K                 Class     Images  Instances      Box(P          R      mAP50  mAP50-95): 50% ━━━━━━────── 2549/5000 81.7it/s 2:01<30.0s[K                 Class     Images  Instances      Box(P          R      mAP50  mAP50-95): 51% ━━━━━━────── 2558/5000 82.6it/s 2:01<29.6s[K                 Class     Images  Instances      Box(P          R      mAP50  mAP50-95): 51% ━━━━━━────── 2567/5000 83.1it/s 2:01<29.3s[K                 Class     Images  Instances      Box(P          R      mAP50  mAP50-95): 51% ━━━━━━────── 2576/5000 83.5it/s 2:01<29.0s[K                 Class     Images  Instances      Box(P          R      mAP50  mAP50-95): 51% ━━━━━━────── 2585/5000 84.0it/s 2:01<28.8s[K                 Class     Images  Instances      Box(P          R      mAP50  mAP50-95): 51% ━━━━━━────── 2594/5000 84.1it/s 2:01<28.6s[K                 Class     Images  Instances      Box(P          R      mAP50  mAP50-95): 52% ━━━━━━────── 2603/5000 83.8it/s 2:01<28.6s[K                 Class     Images  Instances      Box(P          R      mAP50  mAP50-95): 52% ━━━━━━────── 2612/5000 84.0it/s 2:02<28.4s[K                 Class     Images  Instances      Box(P          R      mAP50  mAP50-95): 52% ━━━━━━────── 2621/5000 83.8it/s 2:02<28.4s[K                 Class     Images  Instances      Box(P          R      mAP50  mAP50-95): 52% ━━━━━━────── 2630/5000 83.4it/s 2:02<28.4s[K                 Class     Images  Instances      Box(P          R      mAP50  mAP50-95): 52% ━━━━━━────── 2639/5000 83.5it/s 2:02<28.3s[K                 Class     Images  Instances      Box(P          R      mAP50  mAP50-95): 52% ━━━━━━────── 2648/5000 83.9it/s 2:02<28.0s[K                 Class     Images  Instances      Box(P          R      mAP50  mAP50-95): 53% ━━━━━━────── 2657/5000 84.0it/s 2:02<27.9s[K                 Class     Images  Instances      Box(P          R      mAP50  mAP50-95): 53% ━━━━━━────── 2666/5000 84.2it/s 2:02<27.7s[K                 Class     Images  Instances      Box(P          R      mAP50  mAP50-95): 53% ━━━━━━────── 2675/5000 85.0it/s 2:02<27.4s[K                 Class     Images  Instances      Box(P          R      mAP50  mAP50-95): 53% ━━━━━━────── 2684/5000 84.5it/s 2:02<27.4s[K                 Class     Images  Instances      Box(P          R      mAP50  mAP50-95): 53% ━━━━━━────── 2693/5000 85.0it/s 2:02<27.2s[K                 Class     Images  Instances      Box(P          R      mAP50  mAP50-95): 54% ━━━━━━────── 2702/5000 85.2it/s 2:03<27.0s[K                 Class     Images  Instances      Box(P          R      mAP50  mAP50-95): 54% ━━━━━━╸───── 2711/5000 85.7it/s 2:03<26.7s[K                 Class     Images  Instances      Box(P          R      mAP50  mAP50-95): 54% ━━━━━━╸───── 2720/5000 86.0it/s 2:03<26.5s[K                 Class     Images  Instances      Box(P          R      mAP50  mAP50-95): 54% ━━━━━━╸───── 2729/5000 85.7it/s 2:03<26.5s[K                 Class     Images  Instances      Box(P          R      mAP50  mAP50-95): 54% ━━━━━━╸───── 2738/5000 85.7it/s 2:03<26.4s[K                 Class     Images  Instances      Box(P          R      mAP50  mAP50-95): 54% ━━━━━━╸───── 2747/5000 85.7it/s 2:03<26.3s[K                 Class     Images  Instances      Box(P          R      mAP50  mAP50-95): 55% ━━━━━━╸───── 2756/5000 85.2it/s 2:03<26.3s[K                 Class     Images  Instances      Box(P          R      mAP50  mAP50-95): 55% ━━━━━━╸───── 2765/5000 85.1it/s 2:03<26.3s[K                 Class     Images  Instances      Box(P          R      mAP50  mAP50-95): 55% ━━━━━━╸───── 2774/5000 85.4it/s 2:03<26.1s[K                 Class     Images  Instances      Box(P          R      mAP50  mAP50-95): 55% ━━━━━━╸───── 2783/5000 85.4it/s 2:04<26.0s[K                 Class     Images  Instances      Box(P          R      mAP50  mAP50-95): 55% ━━━━━━╸───── 2792/5000 85.7it/s 2:04<25.8s[K                 Class     Images  Instances      Box(P          R      mAP50  mAP50-95): 56% ━━━━━━╸───── 2801/5000 86.0it/s 2:04<25.6s[K                 Class     Images  Instances      Box(P          R      mAP50  mAP50-95): 56% ━━━━━━╸───── 2810/5000 85.5it/s 2:04<25.6s[K                 Class     Images  Instances      Box(P          R      mAP50  mAP50-95): 56% ━━━━━━╸───── 2819/5000 85.2it/s 2:04<25.6s[K                 Class     Images  Instances      Box(P          R      mAP50  mAP50-95): 56% ━━━━━━╸───── 2828/5000 85.0it/s 2:04<25.6s[K                 Class     Images  Instances      Box(P          R      mAP50  mAP50-95): 56% ━━━━━━╸───── 2837/5000 84.9it/s 2:04<25.5s[K                 Class     Images  Instances      Box(P          R      mAP50  mAP50-95): 56% ━━━━━━╸───── 2846/5000 85.1it/s 2:04<25.3s[K                 Class     Images  Instances      Box(P          R      mAP50  mAP50-95): 57% ━━━━━━╸───── 2855/5000 85.0it/s 2:04<25.2s[K                 Class     Images  Instances      Box(P          R      mAP50  mAP50-95): 57% ━━━━━━╸───── 2864/5000 85.9it/s 2:04<24.9s[K                 Class     Images  Instances      Box(P          R      mAP50  mAP50-95): 57% ━━━━━━╸───── 2873/5000 85.4it/s 2:05<24.9s[K                 Class     Images  Instances      Box(P          R      mAP50  mAP50-95): 57% ━━━━━━╸───── 2882/5000 85.3it/s 2:05<24.8s[K                 Class     Images  Instances      Box(P          R      mAP50  mAP50-95): 57% ━━━━━━╸───── 2891/5000 85.0it/s 2:05<24.8s[K                 Class     Images  Instances      Box(P          R      mAP50  mAP50-95): 57% ━━━━━━╸───── 2900/5000 84.9it/s 2:05<24.7s[K                 Class     Images  Instances      Box(P          R      mAP50  mAP50-95): 58% ━━━━━━╸───── 2909/5000 84.5it/s 2:05<24.7s[K                 Class     Images  Instances      Box(P          R      mAP50  mAP50-95): 58% ━━━━━━━───── 2918/5000 84.2it/s 2:05<24.7s[K                 Class     Images  Instances      Box(P          R      mAP50  mAP50-95): 58% ━━━━━━━───── 2927/5000 84.7it/s 2:05<24.5s[K                 Class     Images  Instances      Box(P          R      mAP50  mAP50-95): 58% ━━━━━━━───── 2936/5000 84.7it/s 2:05<24.4s[K                 Class     Images  Instances      Box(P          R      mAP50  mAP50-95): 58% ━━━━━━━───── 2945/5000 84.9it/s 2:05<24.2s[K                 Class     Images  Instances      Box(P          R      mAP50  mAP50-95): 59% ━━━━━━━───── 2954/5000 84.9it/s 2:06<24.1s[K                 Class     Images  Instances      Box(P          R      mAP50  mAP50-95): 59% ━━━━━━━───── 2963/5000 84.9it/s 2:06<24.0s[K                 Class     Images  Instances      Box(P          R      mAP50  mAP50-95): 59% ━━━━━━━───── 2972/5000 85.4it/s 2:06<23.8s[K                 Class     Images  Instances      Box(P          R      mAP50  mAP50-95): 59% ━━━━━━━───── 2981/5000 85.1it/s 2:06<23.7s[K                 Class     Images  Instances      Box(P          R      mAP50  mAP50-95): 59% ━━━━━━━───── 2990/5000 84.7it/s 2:06<23.7s[K                 Class     Images  Instances      Box(P          R      mAP50  mAP50-95): 59% ━━━━━━━───── 2999/5000 84.4it/s 2:06<23.7s[K                 Class     Images  Instances      Box(P          R      mAP50  mAP50-95): 60% ━━━━━━━───── 3008/5000 84.5it/s 2:06<23.6s[K                 Class     Images  Instances      Box(P          R      mAP50  mAP50-95): 60% ━━━━━━━───── 3017/5000 84.8it/s 2:06<23.4s[K                 Class     Images  Instances      Box(P          R      mAP50  mAP50-95): 60% ━━━━━━━───── 3026/5000 84.9it/s 2:06<23.2s[K                 Class     Images  Instances      Box(P          R      mAP50  mAP50-95): 60% ━━━━━━━───── 3035/5000 85.0it/s 2:07<23.1s[K                 Class     Images  Instances      Box(P          R      mAP50  mAP50-95): 60% ━━━━━━━───── 3044/5000 85.4it/s 2:07<22.9s[K                 Class     Images  Instances      Box(P          R      mAP50  mAP50-95): 61% ━━━━━━━───── 3053/5000 85.7it/s 2:07<22.7s[K                 Class     Images  Instances      Box(P          R      mAP50  mAP50-95): 61% ━━━━━━━───── 3062/5000 86.2it/s 2:07<22.5s[K                 Class     Images  Instances      Box(P          R      mAP50  mAP50-95): 61% ━━━━━━━───── 3071/5000 86.0it/s 2:07<22.4s[K                 Class     Images  Instances      Box(P          R      mAP50  mAP50-95): 61% ━━━━━━━───── 3080/5000 85.7it/s 2:07<22.4s[K                 Class     Images  Instances      Box(P          R      mAP50  mAP50-95): 61% ━━━━━━━───── 3089/5000 85.2it/s 2:07<22.4s[K                 Class     Images  Instances      Box(P          R      mAP50  mAP50-95): 61% ━━━━━━━───── 3098/5000 84.9it/s 2:07<22.4s[K                 Class     Images  Instances      Box(P          R      mAP50  mAP50-95): 62% ━━━━━━━───── 3107/5000 84.5it/s 2:07<22.4s[K                 Class     Images  Instances      Box(P          R      mAP50  mAP50-95): 62% ━━━━━━━───── 3116/5000 85.2it/s 2:07<22.1s[K                 Class     Images  Instances      Box(P          R      mAP50  mAP50-95): 62% ━━━━━━━───── 3125/5000 85.0it/s 2:08<22.1s[K                 Class     Images  Instances      Box(P          R      mAP50  mAP50-95): 62% ━━━━━━━╸──── 3134/5000 85.3it/s 2:08<21.9s[K                 Class     Images  Instances      Box(P          R      mAP50  mAP50-95): 62% ━━━━━━━╸──── 3143/5000 85.4it/s 2:08<21.8s[K                 Class     Images  Instances      Box(P          R      mAP50  mAP50-95): 63% ━━━━━━━╸──── 3152/5000 85.5it/s 2:08<21.6s[K                 Class     Images  Instances      Box(P          R      mAP50  mAP50-95): 63% ━━━━━━━╸──── 3161/5000 85.6it/s 2:08<21.5s[K                 Class     Images  Instances      Box(P          R      mAP50  mAP50-95): 63% ━━━━━━━╸──── 3170/5000 85.4it/s 2:08<21.4s[K                 Class     Images  Instances      Box(P          R      mAP50  mAP50-95): 63% ━━━━━━━╸──── 3179/5000 85.4it/s 2:08<21.3s[K                 Class     Images  Instances      Box(P          R      mAP50  mAP50-95): 63% ━━━━━━━╸──── 3188/5000 85.4it/s 2:08<21.2s[K                 Class     Images  Instances      Box(P          R      mAP50  mAP50-95): 63% ━━━━━━━╸──── 3197/5000 85.4it/s 2:08<21.1s[K                 Class     Images  Instances      Box(P          R      mAP50  mAP50-95): 64% ━━━━━━━╸──── 3206/5000 85.2it/s 2:09<21.1s[K                 Class     Images  Instances      Box(P          R      mAP50  mAP50-95): 64% ━━━━━━━╸──── 3215/5000 85.3it/s 2:09<20.9s[K                 Class     Images  Instances      Box(P          R      mAP50  mAP50-95): 64% ━━━━━━━╸──── 3224/5000 85.8it/s 2:09<20.7s[K                 Class     Images  Instances      Box(P          R      mAP50  mAP50-95): 64% ━━━━━━━╸──── 3233/5000 85.6it/s 2:09<20.6s[K                 Class     Images  Instances      Box(P          R      mAP50  mAP50-95): 64% ━━━━━━━╸──── 3242/5000 85.4it/s 2:09<20.6s[K                 Class     Images  Instances      Box(P          R      mAP50  mAP50-95): 65% ━━━━━━━╸──── 3251/5000 85.9it/s 2:09<20.4s[K                 Class     Images  Instances      Box(P          R      mAP50  mAP50-95): 65% ━━━━━━━╸──── 3260/5000 84.9it/s 2:09<20.5s[K                 Class     Images  Instances      Box(P          R      mAP50  mAP50-95): 65% ━━━━━━━╸──── 3269/5000 85.3it/s 2:09<20.3s[K                 Class     Images  Instances      Box(P          R      mAP50  mAP50-95): 65% ━━━━━━━╸──── 3278/5000 85.4it/s 2:09<20.2s[K                 Class     Images  Instances      Box(P          R      mAP50  mAP50-95): 65% ━━━━━━━╸──── 3287/5000 85.3it/s 2:09<20.1s[K                 Class     Images  Instances      Box(P          R      mAP50  mAP50-95): 65% ━━━━━━━╸──── 3296/5000 85.2it/s 2:10<20.0s[K                 Class     Images  Instances      Box(P          R      mAP50  mAP50-95): 66% ━━━━━━━╸──── 3305/5000 85.4it/s 2:10<19.8s[K                 Class     Images  Instances      Box(P          R      mAP50  mAP50-95): 66% ━━━━━━━╸──── 3314/5000 85.6it/s 2:10<19.7s[K                 Class     Images  Instances      Box(P          R      mAP50  mAP50-95): 66% ━━━━━━━╸──── 3323/5000 86.0it/s 2:10<19.5s[K                 Class     Images  Instances      Box(P          R      mAP50  mAP50-95): 66% ━━━━━━━╸──── 3332/5000 86.2it/s 2:10<19.4s[K                 Class     Images  Instances      Box(P          R      mAP50  mAP50-95): 66% ━━━━━━━━──── 3341/5000 85.7it/s 2:10<19.4s[K                 Class     Images  Instances      Box(P          R      mAP50  mAP50-95): 67% ━━━━━━━━──── 3350/5000 85.4it/s 2:10<19.3s[K                 Class     Images  Instances      Box(P          R      mAP50  mAP50-95): 67% ━━━━━━━━──── 3359/5000 85.0it/s 2:10<19.3s[K                 Class     Images  Instances      Box(P          R      mAP50  mAP50-95): 67% ━━━━━━━━──── 3368/5000 84.6it/s 2:10<19.3s[K                 Class     Images  Instances      Box(P          R      mAP50  mAP50-95): 67% ━━━━━━━━──── 3377/5000 84.0it/s 2:11<19.3s[K                 Class     Images  Instances      Box(P          R      mAP50  mAP50-95): 67% ━━━━━━━━──── 3386/5000 83.6it/s 2:11<19.3s[K                 Class     Images  Instances      Box(P          R      mAP50  mAP50-95): 67% ━━━━━━━━──── 3395/5000 83.9it/s 2:11<19.1s[K                 Class     Images  Instances      Box(P          R      mAP50  mAP50-95): 68% ━━━━━━━━──── 3404/5000 84.1it/s 2:11<19.0s[K                 Class     Images  Instances      Box(P          R      mAP50  mAP50-95): 68% ━━━━━━━━──── 3413/5000 84.5it/s 2:11<18.8s[K                 Class     Images  Instances      Box(P          R      mAP50  mAP50-95): 68% ━━━━━━━━──── 3422/5000 84.2it/s 2:11<18.7s[K                 Class     Images  Instances      Box(P          R      mAP50  mAP50-95): 68% ━━━━━━━━──── 3431/5000 85.3it/s 2:11<18.4s[K                 Class     Images  Instances      Box(P          R      mAP50  mAP50-95): 68% ━━━━━━━━──── 3440/5000 84.8it/s 2:11<18.4s[K                 Class     Images  Instances      Box(P          R      mAP50  mAP50-95): 68% ━━━━━━━━──── 3449/5000 84.7it/s 2:11<18.3s[K                 Class     Images  Instances      Box(P          R      mAP50  mAP50-95): 69% ━━━━━━━━──── 3458/5000 84.5it/s 2:11<18.2s[K                 Class     Images  Instances      Box(P          R      mAP50  mAP50-95): 69% ━━━━━━━━──── 3467/5000 85.2it/s 2:12<18.0s[K                 Class     Images  Instances      Box(P          R      mAP50  mAP50-95): 69% ━━━━━━━━──── 3476/5000 85.2it/s 2:12<17.9s[K                 Class     Images  Instances      Box(P          R      mAP50  mAP50-95): 69% ━━━━━━━━──── 3485/5000 85.1it/s 2:12<17.8s[K                 Class     Images  Instances      Box(P          R      mAP50  mAP50-95): 69% ━━━━━━━━──── 3494/5000 85.7it/s 2:12<17.6s[K                 Class     Images  Instances      Box(P          R      mAP50  mAP50-95): 70% ━━━━━━━━──── 3503/5000 85.5it/s 2:12<17.5s[K                 Class     Images  Instances      Box(P          R      mAP50  mAP50-95): 70% ━━━━━━━━──── 3512/5000 85.0it/s 2:12<17.5s[K                 Class     Images  Instances      Box(P          R      mAP50  mAP50-95): 70% ━━━━━━━━──── 3521/5000 85.1it/s 2:12<17.4s[K                 Class     Images  Instances      Box(P          R      mAP50  mAP50-95): 70% ━━━━━━━━──── 3530/5000 85.0it/s 2:12<17.3s[K                 Class     Images  Instances      Box(P          R      mAP50  mAP50-95): 70% ━━━━━━━━──── 3539/5000 84.3it/s 2:12<17.3s[K                 Class     Images  Instances      Box(P          R      mAP50  mAP50-95): 70% ━━━━━━━━╸─── 3548/5000 84.2it/s 2:13<17.2s[K                 Class     Images  Instances      Box(P          R      mAP50  mAP50-95): 71% ━━━━━━━━╸─── 3557/5000 84.6it/s 2:13<17.0s[K                 Class     Images  Instances      Box(P          R      mAP50  mAP50-95): 71% ━━━━━━━━╸─── 3566/5000 84.1it/s 2:13<17.1s[K                 Class     Images  Instances      Box(P          R      mAP50  mAP50-95): 71% ━━━━━━━━╸─── 3575/5000 85.5it/s 2:13<16.7s[K                 Class     Images  Instances      Box(P          R      mAP50  mAP50-95): 71% ━━━━━━━━╸─── 3584/5000 85.1it/s 2:13<16.6s[K                 Class     Images  Instances      Box(P          R      mAP50  mAP50-95): 71% ━━━━━━━━╸─── 3593/5000 84.8it/s 2:13<16.6s[K                 Class     Images  Instances      Box(P          R      mAP50  mAP50-95): 72% ━━━━━━━━╸─── 3602/5000 84.8it/s 2:13<16.5s[K                 Class     Images  Instances      Box(P          R      mAP50  mAP50-95): 72% ━━━━━━━━╸─── 3611/5000 84.5it/s 2:13<16.4s[K                 Class     Images  Instances      Box(P          R      mAP50  mAP50-95): 72% ━━━━━━━━╸─── 3620/5000 85.0it/s 2:13<16.2s[K                 Class     Images  Instances      Box(P          R      mAP50  mAP50-95): 72% ━━━━━━━━╸─── 3629/5000 82.9it/s 2:13<16.5s[K                 Class     Images  Instances      Box(P          R      mAP50  mAP50-95): 72% ━━━━━━━━╸─── 3639/5000 85.3it/s 2:14<16.0s[K                 Class     Images  Instances      Box(P          R      mAP50  mAP50-95): 72% ━━━━━━━━╸─── 3648/5000 85.0it/s 2:14<15.9s[K                 Class     Images  Instances      Box(P          R      mAP50  mAP50-95): 73% ━━━━━━━━╸─── 3657/5000 84.9it/s 2:14<15.8s[K                 Class     Images  Instances      Box(P          R      mAP50  mAP50-95): 73% ━━━━━━━━╸─── 3666/5000 84.7it/s 2:14<15.7s[K                 Class     Images  Instances      Box(P          R      mAP50  mAP50-95): 73% ━━━━━━━━╸─── 3675/5000 84.5it/s 2:14<15.7s[K                 Class     Images  Instances      Box(P          R      mAP50  mAP50-95): 73% ━━━━━━━━╸─── 3684/5000 84.4it/s 2:14<15.6s[K                 Class     Images  Instances      Box(P          R      mAP50  mAP50-95): 73% ━━━━━━━━╸─── 3693/5000 84.6it/s 2:14<15.5s[K                 Class     Images  Instances      Box(P          R      mAP50  mAP50-95): 74% ━━━━━━━━╸─── 3702/5000 84.5it/s 2:14<15.4s[K                 Class     Images  Instances      Box(P          R      mAP50  mAP50-95): 74% ━━━━━━━━╸─── 3711/5000 84.1it/s 2:14<15.3s[K                 Class     Images  Instances      Box(P          R      mAP50  mAP50-95): 74% ━━━━━━━━╸─── 3720/5000 84.0it/s 2:15<15.2s[K                 Class     Images  Instances      Box(P          R      mAP50  mAP50-95): 74% ━━━━━━━━╸─── 3729/5000 84.5it/s 2:15<15.0s[K                 Class     Images  Instances      Box(P          R      mAP50  mAP50-95): 74% ━━━━━━━━╸─── 3738/5000 84.8it/s 2:15<14.9s[K                 Class     Images  Instances      Box(P          R      mAP50  mAP50-95): 74% ━━━━━━━━╸─── 3747/5000 84.3it/s 2:15<14.9s[K                 Class     Images  Instances      Box(P          R      mAP50  mAP50-95): 75% ━━━━━━━━━─── 3756/5000 84.1it/s 2:15<14.8s[K                 Class     Images  Instances      Box(P          R      mAP50  mAP50-95): 75% ━━━━━━━━━─── 3765/5000 83.8it/s 2:15<14.7s[K                 Class     Images  Instances      Box(P          R      mAP50  mAP50-95): 75% ━━━━━━━━━─── 3774/5000 83.8it/s 2:15<14.6s[K                 Class     Images  Instances      Box(P          R      mAP50  mAP50-95): 75% ━━━━━━━━━─── 3783/5000 83.4it/s 2:15<14.6s[K                 Class     Images  Instances      Box(P          R      mAP50  mAP50-95): 75% ━━━━━━━━━─── 3792/5000 83.0it/s 2:15<14.6s[K                 Class     Images  Instances      Box(P          R      mAP50  mAP50-95): 76% ━━━━━━━━━─── 3801/5000 83.2it/s 2:16<14.4s[K                 Class     Images  Instances      Box(P          R      mAP50  mAP50-95): 76% ━━━━━━━━━─── 3810/5000 83.4it/s 2:16<14.3s[K                 Class     Images  Instances      Box(P          R      mAP50  mAP50-95): 76% ━━━━━━━━━─── 3819/5000 83.9it/s 2:16<14.1s[K                 Class     Images  Instances      Box(P          R      mAP50  mAP50-95): 76% ━━━━━━━━━─── 3828/5000 84.1it/s 2:16<13.9s[K                 Class     Images  Instances      Box(P          R      mAP50  mAP50-95): 76% ━━━━━━━━━─── 3837/5000 84.3it/s 2:16<13.8s[K                 Class     Images  Instances      Box(P          R      mAP50  mAP50-95): 76% ━━━━━━━━━─── 3846/5000 84.2it/s 2:16<13.7s[K                 Class     Images  Instances      Box(P          R      mAP50  mAP50-95): 77% ━━━━━━━━━─── 3855/5000 83.2it/s 2:16<13.8s[K                 Class     Images  Instances      Box(P          R      mAP50  mAP50-95): 77% ━━━━━━━━━─── 3864/5000 84.2it/s 2:16<13.5s[K                 Class     Images  Instances      Box(P          R      mAP50  mAP50-95): 77% ━━━━━━━━━─── 3873/5000 84.1it/s 2:16<13.4s[K                 Class     Images  Instances      Box(P          R      mAP50  mAP50-95): 77% ━━━━━━━━━─── 3882/5000 83.8it/s 2:16<13.3s[K                 Class     Images  Instances      Box(P          R      mAP50  mAP50-95): 77% ━━━━━━━━━─── 3891/5000 84.4it/s 2:17<13.1s[K                 Class     Images  Instances      Box(P          R      mAP50  mAP50-95): 78% ━━━━━━━━━─── 3900/5000 84.4it/s 2:17<13.0s[K                 Class     Images  Instances      Box(P          R      mAP50  mAP50-95): 78% ━━━━━━━━━─── 3909/5000 84.8it/s 2:17<12.9s[K                 Class     Images  Instances      Box(P          R      mAP50  mAP50-95): 78% ━━━━━━━━━─── 3918/5000 84.9it/s 2:17<12.7s[K                 Class     Images  Instances      Box(P          R      mAP50  mAP50-95): 78% ━━━━━━━━━─── 3927/5000 84.6it/s 2:17<12.7s[K                 Class     Images  Instances      Box(P          R      mAP50  mAP50-95): 78% ━━━━━━━━━─── 3936/5000 85.2it/s 2:17<12.5s[K                 Class     Images  Instances      Box(P          R      mAP50  mAP50-95): 78% ━━━━━━━━━─── 3945/5000 84.9it/s 2:17<12.4s[K                 Class     Images  Instances      Box(P          R      mAP50  mAP50-95): 79% ━━━━━━━━━─── 3954/5000 84.8it/s 2:17<12.3s[K                 Class     Images  Instances      Box(P          R      mAP50  mAP50-95): 79% ━━━━━━━━━╸── 3963/5000 84.8it/s 2:17<12.2s[K                 Class     Images  Instances      Box(P          R      mAP50  mAP50-95): 79% ━━━━━━━━━╸── 3972/5000 84.7it/s 2:18<12.1s[K                 Class     Images  Instances      Box(P          R      mAP50  mAP50-95): 79% ━━━━━━━━━╸── 3981/5000 84.7it/s 2:18<12.0s[K                 Class     Images  Instances      Box(P          R      mAP50  mAP50-95): 79% ━━━━━━━━━╸── 3990/5000 85.2it/s 2:18<11.9s[K                 Class     Images  Instances      Box(P          R      mAP50  mAP50-95): 79% ━━━━━━━━━╸── 3999/5000 84.2it/s 2:18<11.9s[K                 Class     Images  Instances      Box(P          R      mAP50  mAP50-95): 80% ━━━━━━━━━╸── 4008/5000 84.3it/s 2:18<11.8s[K                 Class     Images  Instances      Box(P          R      mAP50  mAP50-95): 80% ━━━━━━━━━╸── 4017/5000 83.8it/s 2:18<11.7s[K                 Class     Images  Instances      Box(P          R      mAP50  mAP50-95): 80% ━━━━━━━━━╸── 4026/5000 83.9it/s 2:18<11.6s[K                 Class     Images  Instances      Box(P          R      mAP50  mAP50-95): 80% ━━━━━━━━━╸── 4035/5000 84.0it/s 2:18<11.5s[K                 Class     Images  Instances      Box(P          R      mAP50  mAP50-95): 80% ━━━━━━━━━╸── 4044/5000 84.5it/s 2:18<11.3s[K                 Class     Images  Instances      Box(P          R      mAP50  mAP50-95): 81% ━━━━━━━━━╸── 4053/5000 84.7it/s 2:19<11.2s[K                 Class     Images  Instances      Box(P          R      mAP50  mAP50-95): 81% ━━━━━━━━━╸── 4062/5000 84.3it/s 2:19<11.1s[K                 Class     Images  Instances      Box(P          R      mAP50  mAP50-95): 81% ━━━━━━━━━╸── 4071/5000 84.0it/s 2:19<11.1s[K                 Class     Images  Instances      Box(P          R      mAP50  mAP50-95): 81% ━━━━━━━━━╸── 4080/5000 83.1it/s 2:19<11.1s[K                 Class     Images  Instances      Box(P          R      mAP50  mAP50-95): 81% ━━━━━━━━━╸── 4089/5000 83.6it/s 2:19<10.9s[K                 Class     Images  Instances      Box(P          R      mAP50  mAP50-95): 81% ━━━━━━━━━╸── 4098/5000 84.3it/s 2:19<10.7s[K                 Class     Images  Instances      Box(P          R      mAP50  mAP50-95): 82% ━━━━━━━━━╸── 4107/5000 84.9it/s 2:19<10.5s[K                 Class     Images  Instances      Box(P          R      mAP50  mAP50-95): 82% ━━━━━━━━━╸── 4116/5000 85.4it/s 2:19<10.4s[K                 Class     Images  Instances      Box(P          R      mAP50  mAP50-95): 82% ━━━━━━━━━╸── 4125/5000 85.4it/s 2:19<10.2s[K                 Class     Images  Instances      Box(P          R      mAP50  mAP50-95): 82% ━━━━━━━━━╸── 4134/5000 86.4it/s 2:19<10.0s[K                 Class     Images  Instances      Box(P          R      mAP50  mAP50-95): 82% ━━━━━━━━━╸── 4143/5000 86.1it/s 2:20<9.9s[K                 Class     Images  Instances      Box(P          R      mAP50  mAP50-95): 83% ━━━━━━━━━╸── 4152/5000 86.1it/s 2:20<9.9s[K                 Class     Images  Instances      Box(P          R      mAP50  mAP50-95): 83% ━━━━━━━━━╸── 4161/5000 85.9it/s 2:20<9.8s[K                 Class     Images  Instances      Box(P          R      mAP50  mAP50-95): 83% ━━━━━━━━━━── 4170/5000 86.2it/s 2:20<9.6s[K                 Class     Images  Instances      Box(P          R      mAP50  mAP50-95): 83% ━━━━━━━━━━── 4179/5000 86.0it/s 2:20<9.5s[K                 Class     Images  Instances      Box(P          R      mAP50  mAP50-95): 83% ━━━━━━━━━━── 4188/5000 86.0it/s 2:20<9.4s[K                 Class     Images  Instances      Box(P          R      mAP50  mAP50-95): 83% ━━━━━━━━━━── 4197/5000 85.5it/s 2:20<9.4s[K                 Class     Images  Instances      Box(P          R      mAP50  mAP50-95): 84% ━━━━━━━━━━── 4206/5000 85.6it/s 2:20<9.3s[K                 Class     Images  Instances      Box(P          R      mAP50  mAP50-95): 84% ━━━━━━━━━━── 4215/5000 86.0it/s 2:20<9.1s[K                 Class     Images  Instances      Box(P          R      mAP50  mAP50-95): 84% ━━━━━━━━━━── 4224/5000 85.9it/s 2:21<9.0s[K                 Class     Images  Instances      Box(P          R      mAP50  mAP50-95): 84% ━━━━━━━━━━── 4233/5000 86.1it/s 2:21<8.9s[K                 Class     Images  Instances      Box(P          R      mAP50  mAP50-95): 84% ━━━━━━━━━━── 4242/5000 86.3it/s 2:21<8.8s[K                 Class     Images  Instances      Box(P          R      mAP50  mAP50-95): 85% ━━━━━━━━━━── 4251/5000 85.5it/s 2:21<8.8s[K                 Class     Images  Instances      Box(P          R      mAP50  mAP50-95): 85% ━━━━━━━━━━── 4260/5000 85.5it/s 2:21<8.7s[K                 Class     Images  Instances      Box(P          R      mAP50  mAP50-95): 85% ━━━━━━━━━━── 4269/5000 85.7it/s 2:21<8.5s[K                 Class     Images  Instances      Box(P          R      mAP50  mAP50-95): 85% ━━━━━━━━━━── 4278/5000 85.8it/s 2:21<8.4s[K                 Class     Images  Instances      Box(P          R      mAP50  mAP50-95): 85% ━━━━━━━━━━── 4287/5000 85.6it/s 2:21<8.3s[K                 Class     Images  Instances      Box(P          R      mAP50  mAP50-95): 85% ━━━━━━━━━━── 4296/5000 85.4it/s 2:21<8.2s[K                 Class     Images  Instances      Box(P          R      mAP50  mAP50-95): 86% ━━━━━━━━━━── 4305/5000 85.6it/s 2:21<8.1s[K                 Class     Images  Instances      Box(P          R      mAP50  mAP50-95): 86% ━━━━━━━━━━── 4314/5000 85.5it/s 2:22<8.0s[K                 Class     Images  Instances      Box(P          R      mAP50  mAP50-95): 86% ━━━━━━━━━━── 4323/5000 85.5it/s 2:22<7.9s[K                 Class     Images  Instances      Box(P          R      mAP50  mAP50-95): 86% ━━━━━━━━━━── 4332/5000 85.6it/s 2:22<7.8s[K                 Class     Images  Instances      Box(P          R      mAP50  mAP50-95): 86% ━━━━━━━━━━── 4341/5000 85.9it/s 2:22<7.7s[K                 Class     Images  Instances      Box(P          R      mAP50  mAP50-95): 87% ━━━━━━━━━━── 4350/5000 86.2it/s 2:22<7.5s[K                 Class     Images  Instances      Box(P          R      mAP50  mAP50-95): 87% ━━━━━━━━━━── 4359/5000 85.6it/s 2:22<7.5s[K                 Class     Images  Instances      Box(P          R      mAP50  mAP50-95): 87% ━━━━━━━━━━── 4368/5000 85.8it/s 2:22<7.4s[K                 Class     Images  Instances      Box(P          R      mAP50  mAP50-95): 87% ━━━━━━━━━━╸─ 4377/5000 86.0it/s 2:22<7.2s[K                 Class     Images  Instances      Box(P          R      mAP50  mAP50-95): 87% ━━━━━━━━━━╸─ 4386/5000 85.7it/s 2:22<7.2s[K                 Class     Images  Instances      Box(P          R      mAP50  mAP50-95): 87% ━━━━━━━━━━╸─ 4395/5000 86.0it/s 2:23<7.0s[K                 Class     Images  Instances      Box(P          R      mAP50  mAP50-95): 88% ━━━━━━━━━━╸─ 4404/5000 85.9it/s 2:23<6.9s[K                 Class     Images  Instances      Box(P          R      mAP50  mAP50-95): 88% ━━━━━━━━━━╸─ 4413/5000 85.7it/s 2:23<6.8s[K                 Class     Images  Instances      Box(P          R      mAP50  mAP50-95): 88% ━━━━━━━━━━╸─ 4422/5000 85.6it/s 2:23<6.8s[K                 Class     Images  Instances      Box(P          R      mAP50  mAP50-95): 88% ━━━━━━━━━━╸─ 4431/5000 85.4it/s 2:23<6.7s[K                 Class     Images  Instances      Box(P          R      mAP50  mAP50-95): 88% ━━━━━━━━━━╸─ 4440/5000 86.0it/s 2:23<6.5s[K                 Class     Images  Instances      Box(P          R      mAP50  mAP50-95): 88% ━━━━━━━━━━╸─ 4449/5000 85.7it/s 2:23<6.4s[K                 Class     Images  Instances      Box(P          R      mAP50  mAP50-95): 89% ━━━━━━━━━━╸─ 4458/5000 85.6it/s 2:23<6.3s[K                 Class     Images  Instances      Box(P          R      mAP50  mAP50-95): 89% ━━━━━━━━━━╸─ 4467/5000 85.7it/s 2:23<6.2s[K                 Class     Images  Instances      Box(P          R      mAP50  mAP50-95): 89% ━━━━━━━━━━╸─ 4476/5000 85.7it/s 2:23<6.1s[K                 Class     Images  Instances      Box(P          R      mAP50  mAP50-95): 89% ━━━━━━━━━━╸─ 4485/5000 85.8it/s 2:24<6.0s[K                 Class     Images  Instances      Box(P          R      mAP50  mAP50-95): 89% ━━━━━━━━━━╸─ 4494/5000 85.7it/s 2:24<5.9s[K                 Class     Images  Instances      Box(P          R      mAP50  mAP50-95): 90% ━━━━━━━━━━╸─ 4503/5000 85.9it/s 2:24<5.8s[K                 Class     Images  Instances      Box(P          R      mAP50  mAP50-95): 90% ━━━━━━━━━━╸─ 4512/5000 85.6it/s 2:24<5.7s[K                 Class     Images  Instances      Box(P          R      mAP50  mAP50-95): 90% ━━━━━━━━━━╸─ 4521/5000 85.7it/s 2:24<5.6s[K                 Class     Images  Instances      Box(P          R      mAP50  mAP50-95): 90% ━━━━━━━━━━╸─ 4530/5000 85.7it/s 2:24<5.5s[K                 Class     Images  Instances      Box(P          R      mAP50  mAP50-95): 90% ━━━━━━━━━━╸─ 4539/5000 85.5it/s 2:24<5.4s[K                 Class     Images  Instances      Box(P          R      mAP50  mAP50-95): 90% ━━━━━━━━━━╸─ 4548/5000 85.1it/s 2:24<5.3s[K                 Class     Images  Instances      Box(P          R      mAP50  mAP50-95): 91% ━━━━━━━━━━╸─ 4557/5000 84.9it/s 2:24<5.2s[K                 Class     Images  Instances      Box(P          R      mAP50  mAP50-95): 91% ━━━━━━━━━━╸─ 4566/5000 85.4it/s 2:25<5.1s[K                 Class     Images  Instances      Box(P          R      mAP50  mAP50-95): 91% ━━━━━━━━━━╸─ 4575/5000 85.4it/s 2:25<5.0s[K                 Class     Images  Instances      Box(P          R      mAP50  mAP50-95): 91% ━━━━━━━━━━━─ 4584/5000 85.3it/s 2:25<4.9s[K                 Class     Images  Instances      Box(P          R      mAP50  mAP50-95): 91% ━━━━━━━━━━━─ 4593/5000 85.5it/s 2:25<4.8s[K                 Class     Images  Instances      Box(P          R      mAP50  mAP50-95): 92% ━━━━━━━━━━━─ 4602/5000 85.5it/s 2:25<4.7s[K                 Class     Images  Instances      Box(P          R      mAP50  mAP50-95): 92% ━━━━━━━━━━━─ 4611/5000 85.5it/s 2:25<4.6s[K                 Class     Images  Instances      Box(P          R      mAP50  mAP50-95): 92% ━━━━━━━━━━━─ 4620/5000 85.4it/s 2:25<4.5s[K                 Class     Images  Instances      Box(P          R      mAP50  mAP50-95): 92% ━━━━━━━━━━━─ 4629/5000 85.3it/s 2:25<4.3s[K                 Class     Images  Instances      Box(P          R      mAP50  mAP50-95): 92% ━━━━━━━━━━━─ 4638/5000 84.9it/s 2:25<4.3s[K                 Class     Images  Instances      Box(P          R      mAP50  mAP50-95): 92% ━━━━━━━━━━━─ 4647/5000 85.2it/s 2:25<4.1s[K                 Class     Images  Instances      Box(P          R      mAP50  mAP50-95): 93% ━━━━━━━━━━━─ 4656/5000 85.6it/s 2:26<4.0s[K                 Class     Images  Instances      Box(P          R      mAP50  mAP50-95): 93% ━━━━━━━━━━━─ 4665/5000 85.8it/s 2:26<3.9s[K                 Class     Images  Instances      Box(P          R      mAP50  mAP50-95): 93% ━━━━━━━━━━━─ 4674/5000 85.9it/s 2:26<3.8s[K                 Class     Images  Instances      Box(P          R      mAP50  mAP50-95): 93% ━━━━━━━━━━━─ 4683/5000 85.8it/s 2:26<3.7s[K                 Class     Images  Instances      Box(P          R      mAP50  mAP50-95): 93% ━━━━━━━━━━━─ 4692/5000 85.6it/s 2:26<3.6s[K                 Class     Images  Instances      Box(P          R      mAP50  mAP50-95): 94% ━━━━━━━━━━━─ 4701/5000 85.4it/s 2:26<3.5s[K                 Class     Images  Instances      Box(P          R      mAP50  mAP50-95): 94% ━━━━━━━━━━━─ 4710/5000 85.3it/s 2:26<3.4s[K                 Class     Images  Instances      Box(P          R      mAP50  mAP50-95): 94% ━━━━━━━━━━━─ 4719/5000 85.2it/s 2:26<3.3s[K                 Class     Images  Instances      Box(P          R      mAP50  mAP50-95): 94% ━━━━━━━━━━━─ 4728/5000 85.3it/s 2:26<3.2s[K                 Class     Images  Instances      Box(P          R      mAP50  mAP50-95): 94% ━━━━━━━━━━━─ 4737/5000 85.6it/s 2:27<3.1s[K                 Class     Images  Instances      Box(P          R      mAP50  mAP50-95): 94% ━━━━━━━━━━━─ 4746/5000 85.4it/s 2:27<3.0s[K                 Class     Images  Instances      Box(P          R      mAP50  mAP50-95): 95% ━━━━━━━━━━━─ 4755/5000 85.2it/s 2:27<2.9s[K                 Class     Images  Instances      Box(P          R      mAP50  mAP50-95): 95% ━━━━━━━━━━━─ 4764/5000 85.0it/s 2:27<2.8s[K                 Class     Images  Instances      Box(P          R      mAP50  mAP50-95): 95% ━━━━━━━━━━━─ 4773/5000 85.1it/s 2:27<2.7s[K                 Class     Images  Instances      Box(P          R      mAP50  mAP50-95): 95% ━━━━━━━━━━━─ 4782/5000 85.5it/s 2:27<2.6s[K                 Class     Images  Instances      Box(P          R      mAP50  mAP50-95): 95% ━━━━━━━━━━━─ 4791/5000 85.1it/s 2:27<2.5s[K                 Class     Images  Instances      Box(P          R      mAP50  mAP50-95): 96% ━━━━━━━━━━━╸ 4800/5000 84.7it/s 2:27<2.4s[K                 Class     Images  Instances      Box(P          R      mAP50  mAP50-95): 96% ━━━━━━━━━━━╸ 4809/5000 84.4it/s 2:27<2.3s[K                 Class     Images  Instances      Box(P          R      mAP50  mAP50-95): 96% ━━━━━━━━━━━╸ 4818/5000 85.2it/s 2:27<2.1s[K                 Class     Images  Instances      Box(P          R      mAP50  mAP50-95): 96% ━━━━━━━━━━━╸ 4827/5000 84.6it/s 2:28<2.0s[K                 Class     Images  Instances      Box(P          R      mAP50  mAP50-95): 96% ━━━━━━━━━━━╸ 4836/5000 84.6it/s 2:28<1.9s[K                 Class     Images  Instances      Box(P          R      mAP50  mAP50-95): 96% ━━━━━━━━━━━╸ 4845/5000 84.5it/s 2:28<1.8s[K                 Class     Images  Instances      Box(P          R      mAP50  mAP50-95): 97% ━━━━━━━━━━━╸ 4854/5000 84.6it/s 2:28<1.7s[K                 Class     Images  Instances      Box(P          R      mAP50  mAP50-95): 97% ━━━━━━━━━━━╸ 4863/5000 84.6it/s 2:28<1.6s[K                 Class     Images  Instances      Box(P          R      mAP50  mAP50-95): 97% ━━━━━━━━━━━╸ 4872/5000 84.7it/s 2:28<1.5s[K                 Class     Images  Instances      Box(P          R      mAP50  mAP50-95): 97% ━━━━━━━━━━━╸ 4881/5000 84.6it/s 2:28<1.4s[K                 Class     Images  Instances      Box(P          R      mAP50  mAP50-95): 97% ━━━━━━━━━━━╸ 4890/5000 84.2it/s 2:28<1.3s[K                 Class     Images  Instances      Box(P          R      mAP50  mAP50-95): 97% ━━━━━━━━━━━╸ 4899/5000 84.0it/s 2:28<1.2s[K                 Class     Images  Instances      Box(P          R      mAP50  mAP50-95): 98% ━━━━━━━━━━━╸ 4908/5000 83.4it/s 2:29<1.1s[K                 Class     Images  Instances      Box(P          R      mAP50  mAP50-95): 98% ━━━━━━━━━━━╸ 4917/5000 83.1it/s 2:29<1.0s[K                 Class     Images  Instances      Box(P          R      mAP50  mAP50-95): 98% ━━━━━━━━━━━╸ 4926/5000 83.6it/s 2:29<0.9s[K                 Class     Images  Instances      Box(P          R      mAP50  mAP50-95): 98% ━━━━━━━━━━━╸ 4935/5000 84.6it/s 2:29<0.8s[K                 Class     Images  Instances      Box(P          R      mAP50  mAP50-95): 98% ━━━━━━━━━━━╸ 4944/5000 84.4it/s 2:29<0.7s[K                 Class     Images  Instances      Box(P          R      mAP50  mAP50-95): 99% ━━━━━━━━━━━╸ 4953/5000 84.3it/s 2:29<0.6s[K                 Class     Images  Instances      Box(P          R      mAP50  mAP50-95): 99% ━━━━━━━━━━━╸ 4962/5000 84.5it/s 2:29<0.4s[K                 Class     Images  Instances      Box(P          R      mAP50  mAP50-95): 99% ━━━━━━━━━━━╸ 4971/5000 84.3it/s 2:29<0.3s[K                 Class     Images  Instances      Box(P          R      mAP50  mAP50-95): 99% ━━━━━━━━━━━╸ 4980/5000 84.2it/s 2:29<0.2s[K                 Class     Images  Instances      Box(P          R      mAP50  mAP50-95): 99% ━━━━━━━━━━━╸ 4989/5000 84.5it/s 2:29<0.1s[K                 Class     Images  Instances      Box(P          R      mAP50  mAP50-95): 99% ━━━━━━━━━━━╸ 4998/5000 84.5it/s 2:30<0.0s[K                 Class     Images  Instances      Box(P          R      mAP50  mAP50-95): 100% ━━━━━━━━━━━━ 5000/5000 33.4it/s 2:30
                   all       5000      36335      0.625      0.409      0.439       0.33
Speed: 2.5ms preprocess, 15.6ms inference, 0.0ms loss, 2.1ms postprocess per image
[int8-qdq model] 8.133ms  mAP50 0.4394  mAP50-95 0.3299  size 83.0MB
