/usr/local/lib/python3.11/dist-packages/torch/cuda/__init__.py:58: FutureWarning: The pynvml package is deprecated. Please install nvidia-ml-py instead. If you did not install pynvml directly, please report this to the maintainers of the package that installed pynvml for you.
  import pynvml  # type: ignore[import]
[repair] legacy attrs filled: {'progressive_sparsity': 3, '_training_step': 3, 'warmup_steps': 3, 'expert_dropout_rate': 3, 'dropout_interval': 3, 'detach_routing': 3, 'last_routing_snapshot': 3, '_moe_nonfinite_events': 3, '_current_top_k': 3, 'routing.capacity_factor': 3}
[repair] add_residual forced False on 3 blocks; property shadows stripped 1; ES_MOE dense=False
[repair] attached moe_loss_fn to model.5 (E=4)
[repair] attached moe_loss_fn to model.8 (E=8)
[repair] attached moe_loss_fn to model.11 (E=16)
[mtq] base config: INT8_DEFAULT
[mtq] sensitive set 'default': ('*model.0.*', '*model.1.*', '*routing*', '*router*', '*dfl*')
[mtq] extra disabled patterns: ('*model.4.*', '*model.5.*', '*model.11.*', '*model.14.*')
[calib] 1024 train images from /data/datasets/coco/images/train2017
Inserted 961 quantizers
[mtq] calibrated in 55s, 252 active quantizers, 0 uncalibrated->disabled
model.0.conv.input_quantizer                                                     TensorQuantizer(disabled)
model.0.conv.output_quantizer                                                    TensorQuantizer(disabled)
model.0.conv.weight_quantizer                                                    TensorQuantizer(disabled)
model.0.bn.input_quantizer                                                       TensorQuantizer(disabled)
model.0.bn.output_quantizer                                                      TensorQuantizer(disabled)
model.1.conv.input_quantizer                                                     TensorQuantizer(disabled)
model.1.conv.output_quantizer                                                    TensorQuantizer(disabled)
model.1.conv.weight_quantizer                                                    TensorQuantizer(disabled)
model.1.bn.input_quantizer                                                       TensorQuantizer(disabled)
model.1.bn.output_quantizer                                                      TensorQuantizer(disabled)
model.2.cv1.conv.input_quantizer                                                 TensorQuantizer(8 bit fake per-tensor amax=118.2004 calibrator=MaxCalibrator quant)
model.2.cv1.conv.output_quantizer                                                TensorQuantizer(disabled)
model.2.cv1.conv.weight_quantizer                                                TensorQuantizer(8 bit fake axis=0 amax=[0.0374, 0.1923](128) calibrator=MaxCalibrator quant)
model.2.cv1.bn.input_quantizer                                                   TensorQuantizer(disabled)
model.2.cv1.bn.output_quantizer                                                  TensorQuantizer(disabled)
model.2.cv2.conv.input_quantizer                                                 TensorQuantizer(8 bit fake per-tensor amax=44.3225 calibrator=MaxCalibrator quant)
model.2.cv2.conv.output_quantizer                                                TensorQuantizer(disabled)
model.2.cv2.conv.weight_quantizer                                                TensorQuantizer(8 bit fake axis=0 amax=[0.0258, 0.1337](256) calibrator=MaxCalibrator quant)
model.2.cv2.bn.input_quantizer                                                   TensorQuantizer(disabled)
model.2.cv2.bn.output_quantizer                                                  TensorQuantizer(disabled)
model.2.m.0.cv1.conv.input_quantizer                                             TensorQuantizer(8 bit fake per-tensor amax=44.3225 calibrator=MaxCalibrator quant)
model.2.m.0.cv1.conv.output_quantizer                                            TensorQuantizer(disabled)
model.2.m.0.cv1.conv.weight_quantizer                                            TensorQuantizer(8 bit fake axis=0 amax=[0.0418, 0.1924](32) calibrator=MaxCalibrator quant)
model.2.m.0.cv1.bn.input_quantizer                                               TensorQuantizer(disabled)
model.2.m.0.cv1.bn.output_quantizer                                              TensorQuantizer(disabled)
model.2.m.0.cv2.conv.input_quantizer                                             TensorQuantizer(8 bit fake per-tensor amax=44.3225 calibrator=MaxCalibrator quant)
model.2.m.0.cv2.conv.output_quantizer                                            TensorQuantizer(disabled)
model.2.m.0.cv2.conv.weight_quantizer                                            TensorQuantizer(8 bit fake axis=0 amax=[0.0352, 0.0965](32) calibrator=MaxCalibrator quant)
model.2.m.0.cv2.bn.input_quantizer                                               TensorQuantizer(disabled)
model.2.m.0.cv2.bn.output_quantizer                                              TensorQuantizer(disabled)
model.2.m.0.cv3.conv.input_quantizer                                             TensorQuantizer(8 bit fake per-tensor amax=13.4953 calibrator=MaxCalibrator quant)
model.2.m.0.cv3.conv.output_quantizer                                            TensorQuantizer(disabled)
model.2.m.0.cv3.conv.weight_quantizer                                            TensorQuantizer(8 bit fake axis=0 amax=[0.0348, 0.1350](64) calibrator=MaxCalibrator quant)
model.2.m.0.cv3.bn.input_quantizer                                               TensorQuantizer(disabled)
model.2.m.0.cv3.bn.output_quantizer                                              TensorQuantizer(disabled)
model.2.m.0.m.0.cv1.conv.input_quantizer                                         TensorQuantizer(8 bit fake per-tensor amax=6.1515 calibrator=MaxCalibrator quant)
model.2.m.0.m.0.cv1.conv.output_quantizer                                        TensorQuantizer(disabled)
model.2.m.0.m.0.cv1.conv.weight_quantizer                                        TensorQuantizer(8 bit fake axis=0 amax=[0.0489, 0.1724](32) calibrator=MaxCalibrator quant)
model.2.m.0.m.0.cv1.bn.input_quantizer                                           TensorQuantizer(disabled)
model.2.m.0.m.0.cv1.bn.output_quantizer                                          TensorQuantizer(disabled)
model.2.m.0.m.0.cv2.conv.input_quantizer                                         TensorQuantizer(8 bit fake per-tensor amax=17.8399 calibrator=MaxCalibrator quant)
model.2.m.0.m.0.cv2.conv.output_quantizer                                        TensorQuantizer(disabled)
model.2.m.0.m.0.cv2.conv.weight_quantizer                                        TensorQuantizer(8 bit fake axis=0 amax=[0.0389, 0.1270](32) calibrator=MaxCalibrator quant)
model.2.m.0.m.0.cv2.bn.input_quantizer                                           TensorQuantizer(disabled)
model.2.m.0.m.0.cv2.bn.output_quantizer                                          TensorQuantizer(disabled)
model.2.m.0.m.1.cv1.conv.input_quantizer                                         TensorQuantizer(8 bit fake per-tensor amax=7.9605 calibrator=MaxCalibrator quant)
model.2.m.0.m.1.cv1.conv.output_quantizer                                        TensorQuantizer(disabled)
model.2.m.0.m.1.cv1.conv.weight_quantizer                                        TensorQuantizer(8 bit fake axis=0 amax=[0.0383, 0.1194](32) calibrator=MaxCalibrator quant)
model.2.m.0.m.1.cv1.bn.input_quantizer                                           TensorQuantizer(disabled)
model.2.m.0.m.1.cv1.bn.output_quantizer                                          TensorQuantizer(disabled)
model.2.m.0.m.1.cv2.conv.input_quantizer                                         TensorQuantizer(8 bit fake per-tensor amax=7.3657 calibrator=MaxCalibrator quant)
model.2.m.0.m.1.cv2.conv.output_quantizer                                        TensorQuantizer(disabled)
model.2.m.0.m.1.cv2.conv.weight_quantizer                                        TensorQuantizer(8 bit fake axis=0 amax=[0.0224, 0.0792](32) calibrator=MaxCalibrator quant)
model.2.m.0.m.1.cv2.bn.input_quantizer                                           TensorQuantizer(disabled)
model.2.m.0.m.1.cv2.bn.output_quantizer                                          TensorQuantizer(disabled)
model.3.conv.input_quantizer                                                     TensorQuantizer(8 bit fake per-tensor amax=13.4800 calibrator=MaxCalibrator quant)
model.3.conv.output_quantizer                                                    TensorQuantizer(disabled)
model.3.conv.weight_quantizer                                                    TensorQuantizer(8 bit fake axis=0 amax=[0.0163, 0.0716](256) calibrator=MaxCalibrator quant)
model.3.bn.input_quantizer                                                       TensorQuantizer(disabled)
model.3.bn.output_quantizer                                                      TensorQuantizer(disabled)
model.4.cv1.conv.input_quantizer                                                 TensorQuantizer(disabled)
model.4.cv1.conv.output_quantizer                                                TensorQuantizer(disabled)
model.4.cv1.conv.weight_quantizer                                                TensorQuantizer(disabled)
model.4.cv1.bn.input_quantizer                                                   TensorQuantizer(disabled)
model.4.cv1.bn.output_quantizer                                                  TensorQuantizer(disabled)
model.4.cv2.conv.input_quantizer                                                 TensorQuantizer(disabled)
model.4.cv2.conv.output_quantizer                                                TensorQuantizer(disabled)
model.4.cv2.conv.weight_quantizer                                                TensorQuantizer(disabled)
model.4.cv2.bn.input_quantizer                                                   TensorQuantizer(disabled)
model.4.cv2.bn.output_quantizer                                                  TensorQuantizer(disabled)
model.4.m.0.cv1.conv.input_quantizer                                             TensorQuantizer(disabled)
model.4.m.0.cv1.conv.output_quantizer                                            TensorQuantizer(disabled)
model.4.m.0.cv1.conv.weight_quantizer                                            TensorQuantizer(disabled)
model.4.m.0.cv1.bn.input_quantizer                                               TensorQuantizer(disabled)
model.4.m.0.cv1.bn.output_quantizer                                              TensorQuantizer(disabled)
model.4.m.0.cv2.conv.input_quantizer                                             TensorQuantizer(disabled)
model.4.m.0.cv2.conv.output_quantizer                                            TensorQuantizer(disabled)
model.4.m.0.cv2.conv.weight_quantizer                                            TensorQuantizer(disabled)
model.4.m.0.cv2.bn.input_quantizer                                               TensorQuantizer(disabled)
model.4.m.0.cv2.bn.output_quantizer                                              TensorQuantizer(disabled)
model.4.m.0.cv3.conv.input_quantizer                                             TensorQuantizer(disabled)
model.4.m.0.cv3.conv.output_quantizer                                            TensorQuantizer(disabled)
model.4.m.0.cv3.conv.weight_quantizer                                            TensorQuantizer(disabled)
model.4.m.0.cv3.bn.input_quantizer                                               TensorQuantizer(disabled)
model.4.m.0.cv3.bn.output_quantizer                                              TensorQuantizer(disabled)
model.4.m.0.m.0.cv1.conv.input_quantizer                                         TensorQuantizer(disabled)
model.4.m.0.m.0.cv1.conv.output_quantizer                                        TensorQuantizer(disabled)
model.4.m.0.m.0.cv1.conv.weight_quantizer                                        TensorQuantizer(disabled)
model.4.m.0.m.0.cv1.bn.input_quantizer                                           TensorQuantizer(disabled)
model.4.m.0.m.0.cv1.bn.output_quantizer                                          TensorQuantizer(disabled)
model.4.m.0.m.0.cv2.conv.input_quantizer                                         TensorQuantizer(disabled)
model.4.m.0.m.0.cv2.conv.output_quantizer                                        TensorQuantizer(disabled)
model.4.m.0.m.0.cv2.conv.weight_quantizer                                        TensorQuantizer(disabled)
model.4.m.0.m.0.cv2.bn.input_quantizer                                           TensorQuantizer(disabled)
model.4.m.0.m.0.cv2.bn.output_quantizer                                          TensorQuantizer(disabled)
model.4.m.0.m.1.cv1.conv.input_quantizer                                         TensorQuantizer(disabled)
model.4.m.0.m.1.cv1.conv.output_quantizer                                        TensorQuantizer(disabled)
model.4.m.0.m.1.cv1.conv.weight_quantizer                                        TensorQuantizer(disabled)
model.4.m.0.m.1.cv1.bn.input_quantizer                                           TensorQuantizer(disabled)
model.4.m.0.m.1.cv1.bn.output_quantizer                                          TensorQuantizer(disabled)
model.4.m.0.m.1.cv2.conv.input_quantizer                                         TensorQuantizer(disabled)
model.4.m.0.m.1.cv2.conv.output_quantizer                                        TensorQuantizer(disabled)
model.4.m.0.m.1.cv2.conv.weight_quantizer                                        TensorQuantizer(disabled)
model.4.m.0.m.1.cv2.bn.input_quantizer                                           TensorQuantizer(disabled)
model.4.m.0.m.1.cv2.bn.output_quantizer                                          TensorQuantizer(disabled)
model.5.routing.router.0.input_quantizer                                         TensorQuantizer(disabled)
model.5.routing.router.0.output_quantizer                                        TensorQuantizer(disabled)
model.5.routing.router.0.weight_quantizer                                        TensorQuantizer(disabled)
model.5.routing.router.1.input_quantizer                                         TensorQuantizer(disabled)
model.5.routing.router.1.output_quantizer                                        TensorQuantizer(disabled)
model.5.routing.router.3.input_quantizer                                         TensorQuantizer(disabled)
model.5.routing.router.3.output_quantizer                                        TensorQuantizer(disabled)
model.5.routing.router.3.weight_quantizer                                        TensorQuantizer(disabled)
model.5.routing.router.4.input_quantizer                                         TensorQuantizer(disabled)
model.5.routing.router.4.output_quantizer                                        TensorQuantizer(disabled)
model.5.experts.0.conv.0.input_quantizer                                         TensorQuantizer(disabled)
model.5.experts.0.conv.0.output_quantizer                                        TensorQuantizer(disabled)
model.5.experts.0.conv.0.weight_quantizer                                        TensorQuantizer(disabled)
model.5.experts.0.conv.1.input_quantizer                                         TensorQuantizer(disabled)
model.5.experts.0.conv.1.output_quantizer                                        TensorQuantizer(disabled)
model.5.experts.0.conv.3.input_quantizer                                         TensorQuantizer(disabled)
model.5.experts.0.conv.3.output_quantizer                                        TensorQuantizer(disabled)
model.5.experts.0.conv.3.weight_quantizer                                        TensorQuantizer(disabled)
model.5.experts.0.conv.4.input_quantizer                                         TensorQuantizer(disabled)
model.5.experts.0.conv.4.output_quantizer                                        TensorQuantizer(disabled)
model.5.experts.1.conv.0.input_quantizer                                         TensorQuantizer(disabled)
model.5.experts.1.conv.0.output_quantizer                                        TensorQuantizer(disabled)
model.5.experts.1.conv.0.weight_quantizer                                        TensorQuantizer(disabled)
model.5.experts.1.conv.1.input_quantizer                                         TensorQuantizer(disabled)
model.5.experts.1.conv.1.output_quantizer                                        TensorQuantizer(disabled)
model.5.experts.1.conv.3.input_quantizer                                         TensorQuantizer(disabled)
model.5.experts.1.conv.3.output_quantizer                                        TensorQuantizer(disabled)
model.5.experts.1.conv.3.weight_quantizer                                        TensorQuantizer(disabled)
model.5.experts.1.conv.4.input_quantizer                                         TensorQuantizer(disabled)
model.5.experts.1.conv.4.output_quantizer                                        TensorQuantizer(disabled)
model.5.experts.2.conv.0.input_quantizer                                         TensorQuantizer(disabled)
model.5.experts.2.conv.0.output_quantizer                                        TensorQuantizer(disabled)
model.5.experts.2.conv.0.weight_quantizer                                        TensorQuantizer(disabled)
model.5.experts.2.conv.1.input_quantizer                                         TensorQuantizer(disabled)
model.5.experts.2.conv.1.output_quantizer                                        TensorQuantizer(disabled)
model.5.experts.2.conv.3.input_quantizer                                         TensorQuantizer(disabled)
model.5.experts.2.conv.3.output_quantizer                                        TensorQuantizer(disabled)
model.5.experts.2.conv.3.weight_quantizer                                        TensorQuantizer(disabled)
model.5.experts.2.conv.4.input_quantizer                                         TensorQuantizer(disabled)
model.5.experts.2.conv.4.output_quantizer                                        TensorQuantizer(disabled)
model.5.experts.3.conv.0.input_quantizer                                         TensorQuantizer(disabled)
model.5.experts.3.conv.0.output_quantizer                                        TensorQuantizer(disabled)
model.5.experts.3.conv.0.weight_quantizer                                        TensorQuantizer(disabled)
model.5.experts.3.conv.1.input_quantizer                                         TensorQuantizer(disabled)
model.5.experts.3.conv.1.output_quantizer                                        TensorQuantizer(disabled)
model.5.experts.3.conv.3.input_quantizer                                         TensorQuantizer(disabled)
model.5.experts.3.conv.3.output_quantizer                                        TensorQuantizer(disabled)
model.5.experts.3.conv.3.weight_quantizer                                        TensorQuantizer(disabled)
model.5.experts.3.conv.4.input_quantizer                                         TensorQuantizer(disabled)
model.5.experts.3.conv.4.output_quantizer                                        TensorQuantizer(disabled)
model.5.shared_expert.0.input_quantizer                                          TensorQuantizer(disabled)
model.5.shared_expert.0.output_quantizer                                         TensorQuantizer(disabled)
model.5.shared_expert.0.weight_quantizer                                         TensorQuantizer(disabled)
model.5.shared_expert.1.input_quantizer                                          TensorQuantizer(disabled)
model.5.shared_expert.1.output_quantizer                                         TensorQuantizer(disabled)
model.6.conv.input_quantizer                                                     TensorQuantizer(8 bit fake per-tensor amax=47.7111 calibrator=MaxCalibrator quant)
model.6.conv.output_quantizer                                                    TensorQuantizer(disabled)
model.6.conv.weight_quantizer                                                    TensorQuantizer(8 bit fake axis=0 amax=[0.0091, 0.0816](512) calibrator=MaxCalibrator quant)
model.6.bn.input_quantizer                                                       TensorQuantizer(disabled)
model.6.bn.output_quantizer                                                      TensorQuantizer(disabled)
model.7.cv1.conv.input_quantizer                                                 TensorQuantizer(8 bit fake per-tensor amax=41.6241 calibrator=MaxCalibrator quant)
model.7.cv1.conv.output_quantizer                                                TensorQuantizer(disabled)
model.7.cv1.conv.weight_quantizer                                                TensorQuantizer(8 bit fake axis=0 amax=[0.0207, 0.1564](256) calibrator=MaxCalibrator quant)
model.7.cv1.bn.input_quantizer                                                   TensorQuantizer(disabled)
model.7.cv1.bn.output_quantizer                                                  TensorQuantizer(disabled)
model.7.cv2.conv.input_quantizer                                                 TensorQuantizer(8 bit fake per-tensor amax=29.4789 calibrator=MaxCalibrator quant)
model.7.cv2.conv.output_quantizer                                                TensorQuantizer(disabled)
model.7.cv2.conv.weight_quantizer                                                TensorQuantizer(8 bit fake axis=0 amax=[0.0158, 0.1142](512) calibrator=MaxCalibrator quant)
model.7.cv2.bn.input_quantizer                                                   TensorQuantizer(disabled)
model.7.cv2.bn.output_quantizer                                                  TensorQuantizer(disabled)
model.7.m.0.0.attn.qkv.conv.input_quantizer                                      TensorQuantizer(8 bit fake per-tensor amax=23.6933 calibrator=MaxCalibrator quant)
model.7.m.0.0.attn.qkv.conv.output_quantizer                                     TensorQuantizer(disabled)
model.7.m.0.0.attn.qkv.conv.weight_quantizer                                     TensorQuantizer(8 bit fake axis=0 amax=[0.0043, 0.1075](768) calibrator=MaxCalibrator quant)
model.7.m.0.0.attn.qkv.bn.input_quantizer                                        TensorQuantizer(disabled)
model.7.m.0.0.attn.qkv.bn.output_quantizer                                       TensorQuantizer(disabled)
model.7.m.0.0.attn.proj.conv.input_quantizer                                     TensorQuantizer(8 bit fake per-tensor amax=10.5759 calibrator=MaxCalibrator quant)
model.7.m.0.0.attn.proj.conv.output_quantizer                                    TensorQuantizer(disabled)
model.7.m.0.0.attn.proj.conv.weight_quantizer                                    TensorQuantizer(8 bit fake axis=0 amax=[0.0128, 0.1135](256) calibrator=MaxCalibrator quant)
model.7.m.0.0.attn.proj.bn.input_quantizer                                       TensorQuantizer(disabled)
model.7.m.0.0.attn.proj.bn.output_quantizer                                      TensorQuantizer(disabled)
model.7.m.0.0.attn.pe.conv.input_quantizer                                       TensorQuantizer(8 bit fake per-tensor amax=14.9189 calibrator=MaxCalibrator quant)
model.7.m.0.0.attn.pe.conv.output_quantizer                                      TensorQuantizer(disabled)
model.7.m.0.0.attn.pe.conv.weight_quantizer                                      TensorQuantizer(8 bit fake axis=0 amax=[0.0099, 0.0972](256) calibrator=MaxCalibrator quant)
model.7.m.0.0.attn.pe.bn.input_quantizer                                         TensorQuantizer(disabled)
model.7.m.0.0.attn.pe.bn.output_quantizer                                        TensorQuantizer(disabled)
model.7.m.0.0.mlp.0.conv.input_quantizer                                         TensorQuantizer(8 bit fake per-tensor amax=24.6165 calibrator=MaxCalibrator quant)
model.7.m.0.0.mlp.0.conv.output_quantizer                                        TensorQuantizer(disabled)
model.7.m.0.0.mlp.0.conv.weight_quantizer                                        TensorQuantizer(8 bit fake axis=0 amax=[0.0110, 0.1365](512) calibrator=MaxCalibrator quant)
model.7.m.0.0.mlp.0.bn.input_quantizer                                           TensorQuantizer(disabled)
model.7.m.0.0.mlp.0.bn.output_quantizer                                          TensorQuantizer(disabled)
model.7.m.0.0.mlp.1.conv.input_quantizer                                         TensorQuantizer(8 bit fake per-tensor amax=14.0895 calibrator=MaxCalibrator quant)
model.7.m.0.0.mlp.1.conv.output_quantizer                                        TensorQuantizer(disabled)
model.7.m.0.0.mlp.1.conv.weight_quantizer                                        TensorQuantizer(8 bit fake axis=0 amax=[0.0090, 0.1086](256) calibrator=MaxCalibrator quant)
model.7.m.0.0.mlp.1.bn.input_quantizer                                           TensorQuantizer(disabled)
model.7.m.0.0.mlp.1.bn.output_quantizer                                          TensorQuantizer(disabled)
model.7.m.0.1.attn.qkv.conv.input_quantizer                                      TensorQuantizer(8 bit fake per-tensor amax=21.4407 calibrator=MaxCalibrator quant)
model.7.m.0.1.attn.qkv.conv.output_quantizer                                     TensorQuantizer(disabled)
model.7.m.0.1.attn.qkv.conv.weight_quantizer                                     TensorQuantizer(8 bit fake axis=0 amax=[0.0126, 0.0906](768) calibrator=MaxCalibrator quant)
model.7.m.0.1.attn.qkv.bn.input_quantizer                                        TensorQuantizer(disabled)
model.7.m.0.1.attn.qkv.bn.output_quantizer                                       TensorQuantizer(disabled)
model.7.m.0.1.attn.proj.conv.input_quantizer                                     TensorQuantizer(8 bit fake per-tensor amax=7.3655 calibrator=MaxCalibrator quant)
model.7.m.0.1.attn.proj.conv.output_quantizer                                    TensorQuantizer(disabled)
model.7.m.0.1.attn.proj.conv.weight_quantizer                                    TensorQuantizer(8 bit fake axis=0 amax=[0.0130, 0.0687](256) calibrator=MaxCalibrator quant)
model.7.m.0.1.attn.proj.bn.input_quantizer                                       TensorQuantizer(disabled)
model.7.m.0.1.attn.proj.bn.output_quantizer                                      TensorQuantizer(disabled)
model.7.m.0.1.attn.pe.conv.input_quantizer                                       TensorQuantizer(8 bit fake per-tensor amax=13.5451 calibrator=MaxCalibrator quant)
model.7.m.0.1.attn.pe.conv.output_quantizer                                      TensorQuantizer(disabled)
model.7.m.0.1.attn.pe.conv.weight_quantizer                                      TensorQuantizer(8 bit fake axis=0 amax=[0.0097, 0.1008](256) calibrator=MaxCalibrator quant)
model.7.m.0.1.attn.pe.bn.input_quantizer                                         TensorQuantizer(disabled)
model.7.m.0.1.attn.pe.bn.output_quantizer                                        TensorQuantizer(disabled)
model.7.m.0.1.mlp.0.conv.input_quantizer                                         TensorQuantizer(8 bit fake per-tensor amax=22.6342 calibrator=MaxCalibrator quant)
model.7.m.0.1.mlp.0.conv.output_quantizer                                        TensorQuantizer(disabled)
model.7.m.0.1.mlp.0.conv.weight_quantizer                                        TensorQuantizer(8 bit fake axis=0 amax=[0.0118, 0.0735](512) calibrator=MaxCalibrator quant)
model.7.m.0.1.mlp.0.bn.input_quantizer                                           TensorQuantizer(disabled)
model.7.m.0.1.mlp.0.bn.output_quantizer                                          TensorQuantizer(disabled)
model.7.m.0.1.mlp.1.conv.input_quantizer                                         TensorQuantizer(8 bit fake per-tensor amax=13.8597 calibrator=MaxCalibrator quant)
model.7.m.0.1.mlp.1.conv.output_quantizer                                        TensorQuantizer(disabled)
model.7.m.0.1.mlp.1.conv.weight_quantizer                                        TensorQuantizer(8 bit fake axis=0 amax=[0.0099, 0.0556](256) calibrator=MaxCalibrator quant)
model.7.m.0.1.mlp.1.bn.input_quantizer                                           TensorQuantizer(disabled)
model.7.m.0.1.mlp.1.bn.output_quantizer                                          TensorQuantizer(disabled)
model.7.m.1.0.attn.qkv.conv.input_quantizer                                      TensorQuantizer(8 bit fake per-tensor amax=24.7537 calibrator=MaxCalibrator quant)
model.7.m.1.0.attn.qkv.conv.output_quantizer                                     TensorQuantizer(disabled)
model.7.m.1.0.attn.qkv.conv.weight_quantizer                                     TensorQuantizer(8 bit fake axis=0 amax=[0.0078, 0.0648](768) calibrator=MaxCalibrator quant)
model.7.m.1.0.attn.qkv.bn.input_quantizer                                        TensorQuantizer(disabled)
model.7.m.1.0.attn.qkv.bn.output_quantizer                                       TensorQuantizer(disabled)
model.7.m.1.0.attn.proj.conv.input_quantizer                                     TensorQuantizer(8 bit fake per-tensor amax=9.0986 calibrator=MaxCalibrator quant)
model.7.m.1.0.attn.proj.conv.output_quantizer                                    TensorQuantizer(disabled)
model.7.m.1.0.attn.proj.conv.weight_quantizer                                    TensorQuantizer(8 bit fake axis=0 amax=[0.0149, 0.0764](256) calibrator=MaxCalibrator quant)
model.7.m.1.0.attn.proj.bn.input_quantizer                                       TensorQuantizer(disabled)
model.7.m.1.0.attn.proj.bn.output_quantizer                                      TensorQuantizer(disabled)
model.7.m.1.0.attn.pe.conv.input_quantizer                                       TensorQuantizer(8 bit fake per-tensor amax=18.2564 calibrator=MaxCalibrator quant)
model.7.m.1.0.attn.pe.conv.output_quantizer                                      TensorQuantizer(disabled)
model.7.m.1.0.attn.pe.conv.weight_quantizer                                      TensorQuantizer(8 bit fake axis=0 amax=[0.0116, 0.0883](256) calibrator=MaxCalibrator quant)
model.7.m.1.0.attn.pe.bn.input_quantizer                                         TensorQuantizer(disabled)
model.7.m.1.0.attn.pe.bn.output_quantizer                                        TensorQuantizer(disabled)
model.7.m.1.0.mlp.0.conv.input_quantizer                                         TensorQuantizer(8 bit fake per-tensor amax=24.0113 calibrator=MaxCalibrator quant)
model.7.m.1.0.mlp.0.conv.output_quantizer                                        TensorQuantizer(disabled)
model.7.m.1.0.mlp.0.conv.weight_quantizer                                        TensorQuantizer(8 bit fake axis=0 amax=[0.0114, 0.0676](512) calibrator=MaxCalibrator quant)
model.7.m.1.0.mlp.0.bn.input_quantizer                                           TensorQuantizer(disabled)
model.7.m.1.0.mlp.0.bn.output_quantizer                                          TensorQuantizer(disabled)
model.7.m.1.0.mlp.1.conv.input_quantizer                                         TensorQuantizer(8 bit fake per-tensor amax=10.1591 calibrator=MaxCalibrator quant)
model.7.m.1.0.mlp.1.conv.output_quantizer                                        TensorQuantizer(disabled)
model.7.m.1.0.mlp.1.conv.weight_quantizer                                        TensorQuantizer(8 bit fake axis=0 amax=[0.0114, 0.0638](256) calibrator=MaxCalibrator quant)
model.7.m.1.0.mlp.1.bn.input_quantizer                                           TensorQuantizer(disabled)
model.7.m.1.0.mlp.1.bn.output_quantizer                                          TensorQuantizer(disabled)
model.7.m.1.1.attn.qkv.conv.input_quantizer                                      TensorQuantizer(8 bit fake per-tensor amax=23.0168 calibrator=MaxCalibrator quant)
model.7.m.1.1.attn.qkv.conv.output_quantizer                                     TensorQuantizer(disabled)
model.7.m.1.1.attn.qkv.conv.weight_quantizer                                     TensorQuantizer(8 bit fake axis=0 amax=[0.0110, 0.1245](768) calibrator=MaxCalibrator quant)
model.7.m.1.1.attn.qkv.bn.input_quantizer                                        TensorQuantizer(disabled)
model.7.m.1.1.attn.qkv.bn.output_quantizer                                       TensorQuantizer(disabled)
model.7.m.1.1.attn.proj.conv.input_quantizer                                     TensorQuantizer(8 bit fake per-tensor amax=13.0019 calibrator=MaxCalibrator quant)
model.7.m.1.1.attn.proj.conv.output_quantizer                                    TensorQuantizer(disabled)
model.7.m.1.1.attn.proj.conv.weight_quantizer                                    TensorQuantizer(8 bit fake axis=0 amax=[0.0144, 0.0538](256) calibrator=MaxCalibrator quant)
model.7.m.1.1.attn.proj.bn.input_quantizer                                       TensorQuantizer(disabled)
model.7.m.1.1.attn.proj.bn.output_quantizer                                      TensorQuantizer(disabled)
model.7.m.1.1.attn.pe.conv.input_quantizer                                       TensorQuantizer(8 bit fake per-tensor amax=15.7055 calibrator=MaxCalibrator quant)
model.7.m.1.1.attn.pe.conv.output_quantizer                                      TensorQuantizer(disabled)
model.7.m.1.1.attn.pe.conv.weight_quantizer                                      TensorQuantizer(8 bit fake axis=0 amax=[0.0123, 0.0822](256) calibrator=MaxCalibrator quant)
model.7.m.1.1.attn.pe.bn.input_quantizer                                         TensorQuantizer(disabled)
model.7.m.1.1.attn.pe.bn.output_quantizer                                        TensorQuantizer(disabled)
model.7.m.1.1.mlp.0.conv.input_quantizer                                         TensorQuantizer(8 bit fake per-tensor amax=30.4949 calibrator=MaxCalibrator quant)
model.7.m.1.1.mlp.0.conv.output_quantizer                                        TensorQuantizer(disabled)
model.7.m.1.1.mlp.0.conv.weight_quantizer                                        TensorQuantizer(8 bit fake axis=0 amax=[0.0107, 0.0647](512) calibrator=MaxCalibrator quant)
model.7.m.1.1.mlp.0.bn.input_quantizer                                           TensorQuantizer(disabled)
model.7.m.1.1.mlp.0.bn.output_quantizer                                          TensorQuantizer(disabled)
model.7.m.1.1.mlp.1.conv.input_quantizer                                         TensorQuantizer(8 bit fake per-tensor amax=10.1306 calibrator=MaxCalibrator quant)
model.7.m.1.1.mlp.1.conv.output_quantizer                                        TensorQuantizer(disabled)
model.7.m.1.1.mlp.1.conv.weight_quantizer                                        TensorQuantizer(8 bit fake axis=0 amax=[0.0097, 0.0305](256) calibrator=MaxCalibrator quant)
model.7.m.1.1.mlp.1.bn.input_quantizer                                           TensorQuantizer(disabled)
model.7.m.1.1.mlp.1.bn.output_quantizer                                          TensorQuantizer(disabled)
model.8.routing.router.0.input_quantizer                                         TensorQuantizer(disabled)
model.8.routing.router.0.output_quantizer                                        TensorQuantizer(disabled)
model.8.routing.router.0.weight_quantizer                                        TensorQuantizer(disabled)
model.8.routing.router.1.input_quantizer                                         TensorQuantizer(disabled)
model.8.routing.router.1.output_quantizer                                        TensorQuantizer(disabled)
model.8.routing.router.3.input_quantizer                                         TensorQuantizer(disabled)
model.8.routing.router.3.output_quantizer                                        TensorQuantizer(disabled)
model.8.routing.router.3.weight_quantizer                                        TensorQuantizer(disabled)
model.8.routing.router.4.input_quantizer                                         TensorQuantizer(disabled)
model.8.routing.router.4.output_quantizer                                        TensorQuantizer(disabled)
model.8.experts.0.conv.0.input_quantizer                                         TensorQuantizer(8 bit fake per-tensor amax=17.0598 calibrator=MaxCalibrator quant)
model.8.experts.0.conv.0.output_quantizer                                        TensorQuantizer(disabled)
model.8.experts.0.conv.0.weight_quantizer                                        TensorQuantizer(8 bit fake axis=0 amax=[0.0000, 0.0096](1024) calibrator=MaxCalibrator quant)
model.8.experts.0.conv.1.input_quantizer                                         TensorQuantizer(disabled)
model.8.experts.0.conv.1.output_quantizer                                        TensorQuantizer(disabled)
model.8.experts.0.conv.3.input_quantizer                                         TensorQuantizer(8 bit fake per-tensor amax=4.6945 calibrator=MaxCalibrator quant)
model.8.experts.0.conv.3.output_quantizer                                        TensorQuantizer(disabled)
model.8.experts.0.conv.3.weight_quantizer                                        TensorQuantizer(8 bit fake axis=0 amax=[0.0004, 0.0069](512) calibrator=MaxCalibrator quant)
model.8.experts.0.conv.4.input_quantizer                                         TensorQuantizer(disabled)
model.8.experts.0.conv.4.output_quantizer                                        TensorQuantizer(disabled)
model.8.experts.1.conv.0.input_quantizer                                         TensorQuantizer(8 bit fake per-tensor amax=17.0598 calibrator=MaxCalibrator quant)
model.8.experts.1.conv.0.output_quantizer                                        TensorQuantizer(disabled)
model.8.experts.1.conv.0.weight_quantizer                                        TensorQuantizer(8 bit fake axis=0 amax=[0.0000, 0.0100](1024) calibrator=MaxCalibrator quant)
model.8.experts.1.conv.1.input_quantizer                                         TensorQuantizer(disabled)
model.8.experts.1.conv.1.output_quantizer                                        TensorQuantizer(disabled)
model.8.experts.1.conv.3.input_quantizer                                         TensorQuantizer(8 bit fake per-tensor amax=3.9452 calibrator=MaxCalibrator quant)
model.8.experts.1.conv.3.output_quantizer                                        TensorQuantizer(disabled)
model.8.experts.1.conv.3.weight_quantizer                                        TensorQuantizer(8 bit fake axis=0 amax=[0.0003, 0.0114](512) calibrator=MaxCalibrator quant)
model.8.experts.1.conv.4.input_quantizer                                         TensorQuantizer(disabled)
model.8.experts.1.conv.4.output_quantizer                                        TensorQuantizer(disabled)
model.8.experts.2.conv.0.input_quantizer                                         TensorQuantizer(8 bit fake per-tensor amax=17.0598 calibrator=MaxCalibrator quant)
model.8.experts.2.conv.0.output_quantizer                                        TensorQuantizer(disabled)
model.8.experts.2.conv.0.weight_quantizer                                        TensorQuantizer(8 bit fake axis=0 amax=[0.0107, 0.0493](1024) calibrator=MaxCalibrator quant)
model.8.experts.2.conv.1.input_quantizer                                         TensorQuantizer(disabled)
model.8.experts.2.conv.1.output_quantizer                                        TensorQuantizer(disabled)
model.8.experts.2.conv.3.input_quantizer                                         TensorQuantizer(8 bit fake per-tensor amax=15.2594 calibrator=MaxCalibrator quant)
model.8.experts.2.conv.3.output_quantizer                                        TensorQuantizer(disabled)
model.8.experts.2.conv.3.weight_quantizer                                        TensorQuantizer(8 bit fake axis=0 amax=[0.0028, 0.0334](512) calibrator=MaxCalibrator quant)
model.8.experts.2.conv.4.input_quantizer                                         TensorQuantizer(disabled)
model.8.experts.2.conv.4.output_quantizer                                        TensorQuantizer(disabled)
model.8.experts.3.conv.0.input_quantizer                                         TensorQuantizer(8 bit fake per-tensor amax=17.0598 calibrator=MaxCalibrator quant)
model.8.experts.3.conv.0.output_quantizer                                        TensorQuantizer(disabled)
model.8.experts.3.conv.0.weight_quantizer                                        TensorQuantizer(8 bit fake axis=0 amax=[0.0039, 0.0217](1024) calibrator=MaxCalibrator quant)
model.8.experts.3.conv.1.input_quantizer                                         TensorQuantizer(disabled)
model.8.experts.3.conv.1.output_quantizer                                        TensorQuantizer(disabled)
model.8.experts.3.conv.3.input_quantizer                                         TensorQuantizer(8 bit fake per-tensor amax=7.1607 calibrator=MaxCalibrator quant)
model.8.experts.3.conv.3.output_quantizer                                        TensorQuantizer(disabled)
model.8.experts.3.conv.3.weight_quantizer                                        TensorQuantizer(8 bit fake axis=0 amax=[0.0025, 0.0180](512) calibrator=MaxCalibrator quant)
model.8.experts.3.conv.4.input_quantizer                                         TensorQuantizer(disabled)
model.8.experts.3.conv.4.output_quantizer                                        TensorQuantizer(disabled)
model.8.experts.4.conv.0.input_quantizer                                         TensorQuantizer(8 bit fake per-tensor amax=17.0598 calibrator=MaxCalibrator quant)
model.8.experts.4.conv.0.output_quantizer                                        TensorQuantizer(disabled)
model.8.experts.4.conv.0.weight_quantizer                                        TensorQuantizer(8 bit fake axis=0 amax=[0.0001, 0.0153](1024) calibrator=MaxCalibrator quant)
model.8.experts.4.conv.1.input_quantizer                                         TensorQuantizer(disabled)
model.8.experts.4.conv.1.output_quantizer                                        TensorQuantizer(disabled)
model.8.experts.4.conv.3.input_quantizer                                         TensorQuantizer(8 bit fake per-tensor amax=3.7336 calibrator=MaxCalibrator quant)
model.8.experts.4.conv.3.output_quantizer                                        TensorQuantizer(disabled)
model.8.experts.4.conv.3.weight_quantizer                                        TensorQuantizer(8 bit fake axis=0 amax=[0.0007, 0.0148](512) calibrator=MaxCalibrator quant)
model.8.experts.4.conv.4.input_quantizer                                         TensorQuantizer(disabled)
model.8.experts.4.conv.4.output_quantizer                                        TensorQuantizer(disabled)
model.8.experts.5.conv.0.input_quantizer                                         TensorQuantizer(8 bit fake per-tensor amax=17.0598 calibrator=MaxCalibrator quant)
model.8.experts.5.conv.0.output_quantizer                                        TensorQuantizer(disabled)
model.8.experts.5.conv.0.weight_quantizer                                        TensorQuantizer(8 bit fake axis=0 amax=[0.0000, 0.0079](1024) calibrator=MaxCalibrator quant)
model.8.experts.5.conv.1.input_quantizer                                         TensorQuantizer(disabled)
model.8.experts.5.conv.1.output_quantizer                                        TensorQuantizer(disabled)
model.8.experts.5.conv.3.input_quantizer                                         TensorQuantizer(8 bit fake per-tensor amax=3.8879 calibrator=MaxCalibrator quant)
model.8.experts.5.conv.3.output_quantizer                                        TensorQuantizer(disabled)
model.8.experts.5.conv.3.weight_quantizer                                        TensorQuantizer(8 bit fake axis=0 amax=[0.0002, 0.0064](512) calibrator=MaxCalibrator quant)
model.8.experts.5.conv.4.input_quantizer                                         TensorQuantizer(disabled)
model.8.experts.5.conv.4.output_quantizer                                        TensorQuantizer(disabled)
model.8.experts.6.conv.0.input_quantizer                                         TensorQuantizer(8 bit fake per-tensor amax=17.0598 calibrator=MaxCalibrator quant)
model.8.experts.6.conv.0.output_quantizer                                        TensorQuantizer(disabled)
model.8.experts.6.conv.0.weight_quantizer                                        TensorQuantizer(8 bit fake axis=0 amax=[0.0000, 0.0129](1024) calibrator=MaxCalibrator quant)
model.8.experts.6.conv.1.input_quantizer                                         TensorQuantizer(disabled)
model.8.experts.6.conv.1.output_quantizer                                        TensorQuantizer(disabled)
model.8.experts.6.conv.3.input_quantizer                                         TensorQuantizer(8 bit fake per-tensor amax=4.9509 calibrator=MaxCalibrator quant)
model.8.experts.6.conv.3.output_quantizer                                        TensorQuantizer(disabled)
model.8.experts.6.conv.3.weight_quantizer                                        TensorQuantizer(8 bit fake axis=0 amax=[0.0003, 0.0109](512) calibrator=MaxCalibrator quant)
model.8.experts.6.conv.4.input_quantizer                                         TensorQuantizer(disabled)
model.8.experts.6.conv.4.output_quantizer                                        TensorQuantizer(disabled)
model.8.experts.7.conv.0.input_quantizer                                         TensorQuantizer(8 bit fake per-tensor amax=17.0598 calibrator=MaxCalibrator quant)
model.8.experts.7.conv.0.output_quantizer                                        TensorQuantizer(disabled)
model.8.experts.7.conv.0.weight_quantizer                                        TensorQuantizer(8 bit fake axis=0 amax=[0.0001, 0.0132](1024) calibrator=MaxCalibrator quant)
model.8.experts.7.conv.1.input_quantizer                                         TensorQuantizer(disabled)
model.8.experts.7.conv.1.output_quantizer                                        TensorQuantizer(disabled)
model.8.experts.7.conv.3.input_quantizer                                         TensorQuantizer(8 bit fake per-tensor amax=4.1119 calibrator=MaxCalibrator quant)
model.8.experts.7.conv.3.output_quantizer                                        TensorQuantizer(disabled)
model.8.experts.7.conv.3.weight_quantizer                                        TensorQuantizer(8 bit fake axis=0 amax=[0.0007, 0.0072](512) calibrator=MaxCalibrator quant)
model.8.experts.7.conv.4.input_quantizer                                         TensorQuantizer(disabled)
model.8.experts.7.conv.4.output_quantizer                                        TensorQuantizer(disabled)
model.8.shared_expert.0.input_quantizer                                          TensorQuantizer(8 bit fake per-tensor amax=17.0598 calibrator=MaxCalibrator quant)
model.8.shared_expert.0.output_quantizer                                         TensorQuantizer(disabled)
model.8.shared_expert.0.weight_quantizer                                         TensorQuantizer(8 bit fake axis=0 amax=[0.0136, 0.1637](512) calibrator=MaxCalibrator quant)
model.8.shared_expert.1.input_quantizer                                          TensorQuantizer(disabled)
model.8.shared_expert.1.output_quantizer                                         TensorQuantizer(disabled)
model.9.conv.input_quantizer                                                     TensorQuantizer(8 bit fake per-tensor amax=20.7303 calibrator=MaxCalibrator quant)
model.9.conv.output_quantizer                                                    TensorQuantizer(disabled)
model.9.conv.weight_quantizer                                                    TensorQuantizer(8 bit fake axis=0 amax=[0.0064, 0.0712](512) calibrator=MaxCalibrator quant)
model.9.bn.input_quantizer                                                       TensorQuantizer(disabled)
model.9.bn.output_quantizer                                                      TensorQuantizer(disabled)
model.10.cv1.conv.input_quantizer                                                TensorQuantizer(8 bit fake per-tensor amax=24.4394 calibrator=MaxCalibrator quant)
model.10.cv1.conv.output_quantizer                                               TensorQuantizer(disabled)
model.10.cv1.conv.weight_quantizer                                               TensorQuantizer(8 bit fake axis=0 amax=[0.0089, 0.1285](256) calibrator=MaxCalibrator quant)
model.10.cv1.bn.input_quantizer                                                  TensorQuantizer(disabled)
model.10.cv1.bn.output_quantizer                                                 TensorQuantizer(disabled)
model.10.cv2.conv.input_quantizer                                                TensorQuantizer(8 bit fake per-tensor amax=24.0269 calibrator=MaxCalibrator quant)
model.10.cv2.conv.output_quantizer                                               TensorQuantizer(disabled)
model.10.cv2.conv.weight_quantizer                                               TensorQuantizer(8 bit fake axis=0 amax=[0.0111, 0.0441](512) calibrator=MaxCalibrator quant)
model.10.cv2.bn.input_quantizer                                                  TensorQuantizer(disabled)
model.10.cv2.bn.output_quantizer                                                 TensorQuantizer(disabled)
model.10.m.0.0.attn.qkv.conv.input_quantizer                                     TensorQuantizer(8 bit fake per-tensor amax=23.0596 calibrator=MaxCalibrator quant)
model.10.m.0.0.attn.qkv.conv.output_quantizer                                    TensorQuantizer(disabled)
model.10.m.0.0.attn.qkv.conv.weight_quantizer                                    TensorQuantizer(8 bit fake axis=0 amax=[0.0031, 0.0665](768) calibrator=MaxCalibrator quant)
model.10.m.0.0.attn.qkv.bn.input_quantizer                                       TensorQuantizer(disabled)
model.10.m.0.0.attn.qkv.bn.output_quantizer                                      TensorQuantizer(disabled)
model.10.m.0.0.attn.proj.conv.input_quantizer                                    TensorQuantizer(8 bit fake per-tensor amax=10.8409 calibrator=MaxCalibrator quant)
model.10.m.0.0.attn.proj.conv.output_quantizer                                   TensorQuantizer(disabled)
model.10.m.0.0.attn.proj.conv.weight_quantizer                                   TensorQuantizer(8 bit fake axis=0 amax=[0.0083, 0.0701](256) calibrator=MaxCalibrator quant)
model.10.m.0.0.attn.proj.bn.input_quantizer                                      TensorQuantizer(disabled)
model.10.m.0.0.attn.proj.bn.output_quantizer                                     TensorQuantizer(disabled)
model.10.m.0.0.attn.pe.conv.input_quantizer                                      TensorQuantizer(8 bit fake per-tensor amax=12.8904 calibrator=MaxCalibrator quant)
model.10.m.0.0.attn.pe.conv.output_quantizer                                     TensorQuantizer(disabled)
model.10.m.0.0.attn.pe.conv.weight_quantizer                                     TensorQuantizer(8 bit fake axis=0 amax=[0.0099, 0.0748](256) calibrator=MaxCalibrator quant)
model.10.m.0.0.attn.pe.bn.input_quantizer                                        TensorQuantizer(disabled)
model.10.m.0.0.attn.pe.bn.output_quantizer                                       TensorQuantizer(disabled)
model.10.m.0.0.mlp.0.conv.input_quantizer                                        TensorQuantizer(8 bit fake per-tensor amax=22.8905 calibrator=MaxCalibrator quant)
model.10.m.0.0.mlp.0.conv.output_quantizer                                       TensorQuantizer(disabled)
model.10.m.0.0.mlp.0.conv.weight_quantizer                                       TensorQuantizer(8 bit fake axis=0 amax=[0.0018, 0.0568](512) calibrator=MaxCalibrator quant)
model.10.m.0.0.mlp.0.bn.input_quantizer                                          TensorQuantizer(disabled)
model.10.m.0.0.mlp.0.bn.output_quantizer                                         TensorQuantizer(disabled)
model.10.m.0.0.mlp.1.conv.input_quantizer                                        TensorQuantizer(8 bit fake per-tensor amax=9.4881 calibrator=MaxCalibrator quant)
model.10.m.0.0.mlp.1.conv.output_quantizer                                       TensorQuantizer(disabled)
model.10.m.0.0.mlp.1.conv.weight_quantizer                                       TensorQuantizer(8 bit fake axis=0 amax=[0.0047, 0.0430](256) calibrator=MaxCalibrator quant)
model.10.m.0.0.mlp.1.bn.input_quantizer                                          TensorQuantizer(disabled)
model.10.m.0.0.mlp.1.bn.output_quantizer                                         TensorQuantizer(disabled)
model.10.m.0.1.attn.qkv.conv.input_quantizer                                     TensorQuantizer(8 bit fake per-tensor amax=23.7176 calibrator=MaxCalibrator quant)
model.10.m.0.1.attn.qkv.conv.output_quantizer                                    TensorQuantizer(disabled)
model.10.m.0.1.attn.qkv.conv.weight_quantizer                                    TensorQuantizer(8 bit fake axis=0 amax=[0.0048, 0.0407](768) calibrator=MaxCalibrator quant)
model.10.m.0.1.attn.qkv.bn.input_quantizer                                       TensorQuantizer(disabled)
model.10.m.0.1.attn.qkv.bn.output_quantizer                                      TensorQuantizer(disabled)
model.10.m.0.1.attn.proj.conv.input_quantizer                                    TensorQuantizer(8 bit fake per-tensor amax=12.4012 calibrator=MaxCalibrator quant)
model.10.m.0.1.attn.proj.conv.output_quantizer                                   TensorQuantizer(disabled)
model.10.m.0.1.attn.proj.conv.weight_quantizer                                   TensorQuantizer(8 bit fake axis=0 amax=[0.0093, 0.0451](256) calibrator=MaxCalibrator quant)
model.10.m.0.1.attn.proj.bn.input_quantizer                                      TensorQuantizer(disabled)
model.10.m.0.1.attn.proj.bn.output_quantizer                                     TensorQuantizer(disabled)
model.10.m.0.1.attn.pe.conv.input_quantizer                                      TensorQuantizer(8 bit fake per-tensor amax=14.3970 calibrator=MaxCalibrator quant)
model.10.m.0.1.attn.pe.conv.output_quantizer                                     TensorQuantizer(disabled)
model.10.m.0.1.attn.pe.conv.weight_quantizer                                     TensorQuantizer(8 bit fake axis=0 amax=[0.0048, 0.0666](256) calibrator=MaxCalibrator quant)
model.10.m.0.1.attn.pe.bn.input_quantizer                                        TensorQuantizer(disabled)
model.10.m.0.1.attn.pe.bn.output_quantizer                                       TensorQuantizer(disabled)
model.10.m.0.1.mlp.0.conv.input_quantizer                                        TensorQuantizer(8 bit fake per-tensor amax=23.5663 calibrator=MaxCalibrator quant)
model.10.m.0.1.mlp.0.conv.output_quantizer                                       TensorQuantizer(disabled)
model.10.m.0.1.mlp.0.conv.weight_quantizer                                       TensorQuantizer(8 bit fake axis=0 amax=[0.0014, 0.0652](512) calibrator=MaxCalibrator quant)
model.10.m.0.1.mlp.0.bn.input_quantizer                                          TensorQuantizer(disabled)
model.10.m.0.1.mlp.0.bn.output_quantizer                                         TensorQuantizer(disabled)
model.10.m.0.1.mlp.1.conv.input_quantizer                                        TensorQuantizer(8 bit fake per-tensor amax=8.3993 calibrator=MaxCalibrator quant)
model.10.m.0.1.mlp.1.conv.output_quantizer                                       TensorQuantizer(disabled)
model.10.m.0.1.mlp.1.conv.weight_quantizer                                       TensorQuantizer(8 bit fake axis=0 amax=[0.0050, 0.0400](256) calibrator=MaxCalibrator quant)
model.10.m.0.1.mlp.1.bn.input_quantizer                                          TensorQuantizer(disabled)
model.10.m.0.1.mlp.1.bn.output_quantizer                                         TensorQuantizer(disabled)
model.10.m.1.0.attn.qkv.conv.input_quantizer                                     TensorQuantizer(8 bit fake per-tensor amax=22.7056 calibrator=MaxCalibrator quant)
model.10.m.1.0.attn.qkv.conv.output_quantizer                                    TensorQuantizer(disabled)
model.10.m.1.0.attn.qkv.conv.weight_quantizer                                    TensorQuantizer(8 bit fake axis=0 amax=[0.0039, 0.0418](768) calibrator=MaxCalibrator quant)
model.10.m.1.0.attn.qkv.bn.input_quantizer                                       TensorQuantizer(disabled)
model.10.m.1.0.attn.qkv.bn.output_quantizer                                      TensorQuantizer(disabled)
model.10.m.1.0.attn.proj.conv.input_quantizer                                    TensorQuantizer(8 bit fake per-tensor amax=10.1100 calibrator=MaxCalibrator quant)
model.10.m.1.0.attn.proj.conv.output_quantizer                                   TensorQuantizer(disabled)
model.10.m.1.0.attn.proj.conv.weight_quantizer                                   TensorQuantizer(8 bit fake axis=0 amax=[0.0073, 0.0333](256) calibrator=MaxCalibrator quant)
model.10.m.1.0.attn.proj.bn.input_quantizer                                      TensorQuantizer(disabled)
model.10.m.1.0.attn.proj.bn.output_quantizer                                     TensorQuantizer(disabled)
model.10.m.1.0.attn.pe.conv.input_quantizer                                      TensorQuantizer(8 bit fake per-tensor amax=11.1957 calibrator=MaxCalibrator quant)
model.10.m.1.0.attn.pe.conv.output_quantizer                                     TensorQuantizer(disabled)
model.10.m.1.0.attn.pe.conv.weight_quantizer                                     TensorQuantizer(8 bit fake axis=0 amax=[0.0041, 0.0681](256) calibrator=MaxCalibrator quant)
model.10.m.1.0.attn.pe.bn.input_quantizer                                        TensorQuantizer(disabled)
model.10.m.1.0.attn.pe.bn.output_quantizer                                       TensorQuantizer(disabled)
model.10.m.1.0.mlp.0.conv.input_quantizer                                        TensorQuantizer(8 bit fake per-tensor amax=20.2317 calibrator=MaxCalibrator quant)
model.10.m.1.0.mlp.0.conv.output_quantizer                                       TensorQuantizer(disabled)
model.10.m.1.0.mlp.0.conv.weight_quantizer                                       TensorQuantizer(8 bit fake axis=0 amax=[0.0018, 0.0353](512) calibrator=MaxCalibrator quant)
model.10.m.1.0.mlp.0.bn.input_quantizer                                          TensorQuantizer(disabled)
model.10.m.1.0.mlp.0.bn.output_quantizer                                         TensorQuantizer(disabled)
model.10.m.1.0.mlp.1.conv.input_quantizer                                        TensorQuantizer(8 bit fake per-tensor amax=9.5775 calibrator=MaxCalibrator quant)
model.10.m.1.0.mlp.1.conv.output_quantizer                                       TensorQuantizer(disabled)
model.10.m.1.0.mlp.1.conv.weight_quantizer                                       TensorQuantizer(8 bit fake axis=0 amax=[0.0072, 0.0347](256) calibrator=MaxCalibrator quant)
model.10.m.1.0.mlp.1.bn.input_quantizer                                          TensorQuantizer(disabled)
model.10.m.1.0.mlp.1.bn.output_quantizer                                         TensorQuantizer(disabled)
model.10.m.1.1.attn.qkv.conv.input_quantizer                                     TensorQuantizer(8 bit fake per-tensor amax=20.5768 calibrator=MaxCalibrator quant)
model.10.m.1.1.attn.qkv.conv.output_quantizer                                    TensorQuantizer(disabled)
model.10.m.1.1.attn.qkv.conv.weight_quantizer                                    TensorQuantizer(8 bit fake axis=0 amax=[0.0060, 0.0422](768) calibrator=MaxCalibrator quant)
model.10.m.1.1.attn.qkv.bn.input_quantizer                                       TensorQuantizer(disabled)
model.10.m.1.1.attn.qkv.bn.output_quantizer                                      TensorQuantizer(disabled)
model.10.m.1.1.attn.proj.conv.input_quantizer                                    TensorQuantizer(8 bit fake per-tensor amax=19.3144 calibrator=MaxCalibrator quant)
model.10.m.1.1.attn.proj.conv.output_quantizer                                   TensorQuantizer(disabled)
model.10.m.1.1.attn.proj.conv.weight_quantizer                                   TensorQuantizer(8 bit fake axis=0 amax=[0.0109, 0.0440](256) calibrator=MaxCalibrator quant)
model.10.m.1.1.attn.proj.bn.input_quantizer                                      TensorQuantizer(disabled)
model.10.m.1.1.attn.proj.bn.output_quantizer                                     TensorQuantizer(disabled)
model.10.m.1.1.attn.pe.conv.input_quantizer                                      TensorQuantizer(8 bit fake per-tensor amax=12.3587 calibrator=MaxCalibrator quant)
model.10.m.1.1.attn.pe.conv.output_quantizer                                     TensorQuantizer(disabled)
model.10.m.1.1.attn.pe.conv.weight_quantizer                                     TensorQuantizer(8 bit fake axis=0 amax=[0.0102, 0.0623](256) calibrator=MaxCalibrator quant)
model.10.m.1.1.attn.pe.bn.input_quantizer                                        TensorQuantizer(disabled)
model.10.m.1.1.attn.pe.bn.output_quantizer                                       TensorQuantizer(disabled)
model.10.m.1.1.mlp.0.conv.input_quantizer                                        TensorQuantizer(8 bit fake per-tensor amax=22.3400 calibrator=MaxCalibrator quant)
model.10.m.1.1.mlp.0.conv.output_quantizer                                       TensorQuantizer(disabled)
model.10.m.1.1.mlp.0.conv.weight_quantizer                                       TensorQuantizer(8 bit fake axis=0 amax=[0.0024, 0.0188](512) calibrator=MaxCalibrator quant)
model.10.m.1.1.mlp.0.bn.input_quantizer                                          TensorQuantizer(disabled)
model.10.m.1.1.mlp.0.bn.output_quantizer                                         TensorQuantizer(disabled)
model.10.m.1.1.mlp.1.conv.input_quantizer                                        TensorQuantizer(8 bit fake per-tensor amax=12.6480 calibrator=MaxCalibrator quant)
model.10.m.1.1.mlp.1.conv.output_quantizer                                       TensorQuantizer(disabled)
model.10.m.1.1.mlp.1.conv.weight_quantizer                                       TensorQuantizer(8 bit fake axis=0 amax=[0.0042, 0.0177](256) calibrator=MaxCalibrator quant)
model.10.m.1.1.mlp.1.bn.input_quantizer                                          TensorQuantizer(disabled)
model.10.m.1.1.mlp.1.bn.output_quantizer                                         TensorQuantizer(disabled)
model.11.routing.router.0.input_quantizer                                        TensorQuantizer(disabled)
model.11.routing.router.0.output_quantizer                                       TensorQuantizer(disabled)
model.11.routing.router.0.weight_quantizer                                       TensorQuantizer(disabled)
model.11.routing.router.1.input_quantizer                                        TensorQuantizer(disabled)
model.11.routing.router.1.output_quantizer                                       TensorQuantizer(disabled)
model.11.routing.router.3.input_quantizer                                        TensorQuantizer(disabled)
model.11.routing.router.3.output_quantizer                                       TensorQuantizer(disabled)
model.11.routing.router.3.weight_quantizer                                       TensorQuantizer(disabled)
model.11.routing.router.4.input_quantizer                                        TensorQuantizer(disabled)
model.11.routing.router.4.output_quantizer                                       TensorQuantizer(disabled)
model.11.experts.0.conv.0.input_quantizer                                        TensorQuantizer(disabled)
model.11.experts.0.conv.0.output_quantizer                                       TensorQuantizer(disabled)
model.11.experts.0.conv.0.weight_quantizer                                       TensorQuantizer(disabled)
model.11.experts.0.conv.1.input_quantizer                                        TensorQuantizer(disabled)
model.11.experts.0.conv.1.output_quantizer                                       TensorQuantizer(disabled)
model.11.experts.0.conv.3.input_quantizer                                        TensorQuantizer(disabled)
model.11.experts.0.conv.3.output_quantizer                                       TensorQuantizer(disabled)
model.11.experts.0.conv.3.weight_quantizer                                       TensorQuantizer(disabled)
model.11.experts.0.conv.4.input_quantizer                                        TensorQuantizer(disabled)
model.11.experts.0.conv.4.output_quantizer                                       TensorQuantizer(disabled)
model.11.experts.1.conv.0.input_quantizer                                        TensorQuantizer(disabled)
model.11.experts.1.conv.0.output_quantizer                                       TensorQuantizer(disabled)
model.11.experts.1.conv.0.weight_quantizer                                       TensorQuantizer(disabled)
model.11.experts.1.conv.1.input_quantizer                                        TensorQuantizer(disabled)
model.11.experts.1.conv.1.output_quantizer                                       TensorQuantizer(disabled)
model.11.experts.1.conv.3.input_quantizer                                        TensorQuantizer(disabled)
model.11.experts.1.conv.3.output_quantizer                                       TensorQuantizer(disabled)
model.11.experts.1.conv.3.weight_quantizer                                       TensorQuantizer(disabled)
model.11.experts.1.conv.4.input_quantizer                                        TensorQuantizer(disabled)
model.11.experts.1.conv.4.output_quantizer                                       TensorQuantizer(disabled)
model.11.experts.2.conv.0.input_quantizer                                        TensorQuantizer(disabled)
model.11.experts.2.conv.0.output_quantizer                                       TensorQuantizer(disabled)
model.11.experts.2.conv.0.weight_quantizer                                       TensorQuantizer(disabled)
model.11.experts.2.conv.1.input_quantizer                                        TensorQuantizer(disabled)
model.11.experts.2.conv.1.output_quantizer                                       TensorQuantizer(disabled)
model.11.experts.2.conv.3.input_quantizer                                        TensorQuantizer(disabled)
model.11.experts.2.conv.3.output_quantizer                                       TensorQuantizer(disabled)
model.11.experts.2.conv.3.weight_quantizer                                       TensorQuantizer(disabled)
model.11.experts.2.conv.4.input_quantizer                                        TensorQuantizer(disabled)
model.11.experts.2.conv.4.output_quantizer                                       TensorQuantizer(disabled)
model.11.experts.3.conv.0.input_quantizer                                        TensorQuantizer(disabled)
model.11.experts.3.conv.0.output_quantizer                                       TensorQuantizer(disabled)
model.11.experts.3.conv.0.weight_quantizer                                       TensorQuantizer(disabled)
model.11.experts.3.conv.1.input_quantizer                                        TensorQuantizer(disabled)
model.11.experts.3.conv.1.output_quantizer                                       TensorQuantizer(disabled)
model.11.experts.3.conv.3.input_quantizer                                        TensorQuantizer(disabled)
model.11.experts.3.conv.3.output_quantizer                                       TensorQuantizer(disabled)
model.11.experts.3.conv.3.weight_quantizer                                       TensorQuantizer(disabled)
model.11.experts.3.conv.4.input_quantizer                                        TensorQuantizer(disabled)
model.11.experts.3.conv.4.output_quantizer                                       TensorQuantizer(disabled)
model.11.experts.4.conv.0.input_quantizer                                        TensorQuantizer(disabled)
model.11.experts.4.conv.0.output_quantizer                                       TensorQuantizer(disabled)
model.11.experts.4.conv.0.weight_quantizer                                       TensorQuantizer(disabled)
model.11.experts.4.conv.1.input_quantizer                                        TensorQuantizer(disabled)
model.11.experts.4.conv.1.output_quantizer                                       TensorQuantizer(disabled)
model.11.experts.4.conv.3.input_quantizer                                        TensorQuantizer(disabled)
model.11.experts.4.conv.3.output_quantizer                                       TensorQuantizer(disabled)
model.11.experts.4.conv.3.weight_quantizer                                       TensorQuantizer(disabled)
model.11.experts.4.conv.4.input_quantizer                                        TensorQuantizer(disabled)
model.11.experts.4.conv.4.output_quantizer                                       TensorQuantizer(disabled)
model.11.experts.5.conv.0.input_quantizer                                        TensorQuantizer(disabled)
model.11.experts.5.conv.0.output_quantizer                                       TensorQuantizer(disabled)
model.11.experts.5.conv.0.weight_quantizer                                       TensorQuantizer(disabled)
model.11.experts.5.conv.1.input_quantizer                                        TensorQuantizer(disabled)
model.11.experts.5.conv.1.output_quantizer                                       TensorQuantizer(disabled)
model.11.experts.5.conv.3.input_quantizer                                        TensorQuantizer(disabled)
model.11.experts.5.conv.3.output_quantizer                                       TensorQuantizer(disabled)
model.11.experts.5.conv.3.weight_quantizer                                       TensorQuantizer(disabled)
model.11.experts.5.conv.4.input_quantizer                                        TensorQuantizer(disabled)
model.11.experts.5.conv.4.output_quantizer                                       TensorQuantizer(disabled)
model.11.experts.6.conv.0.input_quantizer                                        TensorQuantizer(disabled)
model.11.experts.6.conv.0.output_quantizer                                       TensorQuantizer(disabled)
model.11.experts.6.conv.0.weight_quantizer                                       TensorQuantizer(disabled)
model.11.experts.6.conv.1.input_quantizer                                        TensorQuantizer(disabled)
model.11.experts.6.conv.1.output_quantizer                                       TensorQuantizer(disabled)
model.11.experts.6.conv.3.input_quantizer                                        TensorQuantizer(disabled)
model.11.experts.6.conv.3.output_quantizer                                       TensorQuantizer(disabled)
model.11.experts.6.conv.3.weight_quantizer                                       TensorQuantizer(disabled)
model.11.experts.6.conv.4.input_quantizer                                        TensorQuantizer(disabled)
model.11.experts.6.conv.4.output_quantizer                                       TensorQuantizer(disabled)
model.11.experts.7.conv.0.input_quantizer                                        TensorQuantizer(disabled)
model.11.experts.7.conv.0.output_quantizer                                       TensorQuantizer(disabled)
model.11.experts.7.conv.0.weight_quantizer                                       TensorQuantizer(disabled)
model.11.experts.7.conv.1.input_quantizer                                        TensorQuantizer(disabled)
model.11.experts.7.conv.1.output_quantizer                                       TensorQuantizer(disabled)
model.11.experts.7.conv.3.input_quantizer                                        TensorQuantizer(disabled)
model.11.experts.7.conv.3.output_quantizer                                       TensorQuantizer(disabled)
model.11.experts.7.conv.3.weight_quantizer                                       TensorQuantizer(disabled)
model.11.experts.7.conv.4.input_quantizer                                        TensorQuantizer(disabled)
model.11.experts.7.conv.4.output_quantizer                                       TensorQuantizer(disabled)
model.11.experts.8.conv.0.input_quantizer                                        TensorQuantizer(disabled)
model.11.experts.8.conv.0.output_quantizer                                       TensorQuantizer(disabled)
model.11.experts.8.conv.0.weight_quantizer                                       TensorQuantizer(disabled)
model.11.experts.8.conv.1.input_quantizer                                        TensorQuantizer(disabled)
model.11.experts.8.conv.1.output_quantizer                                       TensorQuantizer(disabled)
model.11.experts.8.conv.3.input_quantizer                                        TensorQuantizer(disabled)
model.11.experts.8.conv.3.output_quantizer                                       TensorQuantizer(disabled)
model.11.experts.8.conv.3.weight_quantizer                                       TensorQuantizer(disabled)
model.11.experts.8.conv.4.input_quantizer                                        TensorQuantizer(disabled)
model.11.experts.8.conv.4.output_quantizer                                       TensorQuantizer(disabled)
model.11.experts.9.conv.0.input_quantizer                                        TensorQuantizer(disabled)
model.11.experts.9.conv.0.output_quantizer                                       TensorQuantizer(disabled)
model.11.experts.9.conv.0.weight_quantizer                                       TensorQuantizer(disabled)
model.11.experts.9.conv.1.input_quantizer                                        TensorQuantizer(disabled)
model.11.experts.9.conv.1.output_quantizer                                       TensorQuantizer(disabled)
model.11.experts.9.conv.3.input_quantizer                                        TensorQuantizer(disabled)
model.11.experts.9.conv.3.output_quantizer                                       TensorQuantizer(disabled)
model.11.experts.9.conv.3.weight_quantizer                                       TensorQuantizer(disabled)
model.11.experts.9.conv.4.input_quantizer                                        TensorQuantizer(disabled)
model.11.experts.9.conv.4.output_quantizer                                       TensorQuantizer(disabled)
model.11.experts.10.conv.0.input_quantizer                                       TensorQuantizer(disabled)
model.11.experts.10.conv.0.output_quantizer                                      TensorQuantizer(disabled)
model.11.experts.10.conv.0.weight_quantizer                                      TensorQuantizer(disabled)
model.11.experts.10.conv.1.input_quantizer                                       TensorQuantizer(disabled)
model.11.experts.10.conv.1.output_quantizer                                      TensorQuantizer(disabled)
model.11.experts.10.conv.3.input_quantizer                                       TensorQuantizer(disabled)
model.11.experts.10.conv.3.output_quantizer                                      TensorQuantizer(disabled)
model.11.experts.10.conv.3.weight_quantizer                                      TensorQuantizer(disabled)
model.11.experts.10.conv.4.input_quantizer                                       TensorQuantizer(disabled)
model.11.experts.10.conv.4.output_quantizer                                      TensorQuantizer(disabled)
model.11.experts.11.conv.0.input_quantizer                                       TensorQuantizer(disabled)
model.11.experts.11.conv.0.output_quantizer                                      TensorQuantizer(disabled)
model.11.experts.11.conv.0.weight_quantizer                                      TensorQuantizer(disabled)
model.11.experts.11.conv.1.input_quantizer                                       TensorQuantizer(disabled)
model.11.experts.11.conv.1.output_quantizer                                      TensorQuantizer(disabled)
model.11.experts.11.conv.3.input_quantizer                                       TensorQuantizer(disabled)
model.11.experts.11.conv.3.output_quantizer                                      TensorQuantizer(disabled)
model.11.experts.11.conv.3.weight_quantizer                                      TensorQuantizer(disabled)
model.11.experts.11.conv.4.input_quantizer                                       TensorQuantizer(disabled)
model.11.experts.11.conv.4.output_quantizer                                      TensorQuantizer(disabled)
model.11.experts.12.conv.0.input_quantizer                                       TensorQuantizer(disabled)
model.11.experts.12.conv.0.output_quantizer                                      TensorQuantizer(disabled)
model.11.experts.12.conv.0.weight_quantizer                                      TensorQuantizer(disabled)
model.11.experts.12.conv.1.input_quantizer                                       TensorQuantizer(disabled)
model.11.experts.12.conv.1.output_quantizer                                      TensorQuantizer(disabled)
model.11.experts.12.conv.3.input_quantizer                                       TensorQuantizer(disabled)
model.11.experts.12.conv.3.output_quantizer                                      TensorQuantizer(disabled)
model.11.experts.12.conv.3.weight_quantizer                                      TensorQuantizer(disabled)
model.11.experts.12.conv.4.input_quantizer                                       TensorQuantizer(disabled)
model.11.experts.12.conv.4.output_quantizer                                      TensorQuantizer(disabled)
model.11.experts.13.conv.0.input_quantizer                                       TensorQuantizer(disabled)
model.11.experts.13.conv.0.output_quantizer                                      TensorQuantizer(disabled)
model.11.experts.13.conv.0.weight_quantizer                                      TensorQuantizer(disabled)
model.11.experts.13.conv.1.input_quantizer                                       TensorQuantizer(disabled)
model.11.experts.13.conv.1.output_quantizer                                      TensorQuantizer(disabled)
model.11.experts.13.conv.3.input_quantizer                                       TensorQuantizer(disabled)
model.11.experts.13.conv.3.output_quantizer                                      TensorQuantizer(disabled)
model.11.experts.13.conv.3.weight_quantizer                                      TensorQuantizer(disabled)
model.11.experts.13.conv.4.input_quantizer                                       TensorQuantizer(disabled)
model.11.experts.13.conv.4.output_quantizer                                      TensorQuantizer(disabled)
model.11.experts.14.conv.0.input_quantizer                                       TensorQuantizer(disabled)
model.11.experts.14.conv.0.output_quantizer                                      TensorQuantizer(disabled)
model.11.experts.14.conv.0.weight_quantizer                                      TensorQuantizer(disabled)
model.11.experts.14.conv.1.input_quantizer                                       TensorQuantizer(disabled)
model.11.experts.14.conv.1.output_quantizer                                      TensorQuantizer(disabled)
model.11.experts.14.conv.3.input_quantizer                                       TensorQuantizer(disabled)
model.11.experts.14.conv.3.output_quantizer                                      TensorQuantizer(disabled)
model.11.experts.14.conv.3.weight_quantizer                                      TensorQuantizer(disabled)
model.11.experts.14.conv.4.input_quantizer                                       TensorQuantizer(disabled)
model.11.experts.14.conv.4.output_quantizer                                      TensorQuantizer(disabled)
model.11.experts.15.conv.0.input_quantizer                                       TensorQuantizer(disabled)
model.11.experts.15.conv.0.output_quantizer                                      TensorQuantizer(disabled)
model.11.experts.15.conv.0.weight_quantizer                                      TensorQuantizer(disabled)
model.11.experts.15.conv.1.input_quantizer                                       TensorQuantizer(disabled)
model.11.experts.15.conv.1.output_quantizer                                      TensorQuantizer(disabled)
model.11.experts.15.conv.3.input_quantizer                                       TensorQuantizer(disabled)
model.11.experts.15.conv.3.output_quantizer                                      TensorQuantizer(disabled)
model.11.experts.15.conv.3.weight_quantizer                                      TensorQuantizer(disabled)
model.11.experts.15.conv.4.input_quantizer                                       TensorQuantizer(disabled)
model.11.experts.15.conv.4.output_quantizer                                      TensorQuantizer(disabled)
model.11.shared_expert.0.input_quantizer                                         TensorQuantizer(disabled)
model.11.shared_expert.0.output_quantizer                                        TensorQuantizer(disabled)
model.11.shared_expert.0.weight_quantizer                                        TensorQuantizer(disabled)
model.11.shared_expert.1.input_quantizer                                         TensorQuantizer(disabled)
model.11.shared_expert.1.output_quantizer                                        TensorQuantizer(disabled)
model.14.cv1.conv.input_quantizer                                                TensorQuantizer(disabled)
model.14.cv1.conv.output_quantizer                                               TensorQuantizer(disabled)
model.14.cv1.conv.weight_quantizer                                               TensorQuantizer(disabled)
model.14.cv1.bn.input_quantizer                                                  TensorQuantizer(disabled)
model.14.cv1.bn.output_quantizer                                                 TensorQuantizer(disabled)
model.14.cv2.conv.input_quantizer                                                TensorQuantizer(disabled)
model.14.cv2.conv.output_quantizer                                               TensorQuantizer(disabled)
model.14.cv2.conv.weight_quantizer                                               TensorQuantizer(disabled)
model.14.cv2.bn.input_quantizer                                                  TensorQuantizer(disabled)
model.14.cv2.bn.output_quantizer                                                 TensorQuantizer(disabled)
model.14.m.0.cv1.conv.input_quantizer                                            TensorQuantizer(disabled)
model.14.m.0.cv1.conv.output_quantizer                                           TensorQuantizer(disabled)
model.14.m.0.cv1.conv.weight_quantizer                                           TensorQuantizer(disabled)
model.14.m.0.cv1.bn.input_quantizer                                              TensorQuantizer(disabled)
model.14.m.0.cv1.bn.output_quantizer                                             TensorQuantizer(disabled)
model.14.m.0.cv2.conv.input_quantizer                                            TensorQuantizer(disabled)
model.14.m.0.cv2.conv.output_quantizer                                           TensorQuantizer(disabled)
model.14.m.0.cv2.conv.weight_quantizer                                           TensorQuantizer(disabled)
model.14.m.0.cv2.bn.input_quantizer                                              TensorQuantizer(disabled)
model.14.m.0.cv2.bn.output_quantizer                                             TensorQuantizer(disabled)
model.14.m.0.cv3.conv.input_quantizer                                            TensorQuantizer(disabled)
model.14.m.0.cv3.conv.output_quantizer                                           TensorQuantizer(disabled)
model.14.m.0.cv3.conv.weight_quantizer                                           TensorQuantizer(disabled)
model.14.m.0.cv3.bn.input_quantizer                                              TensorQuantizer(disabled)
model.14.m.0.cv3.bn.output_quantizer                                             TensorQuantizer(disabled)
model.14.m.0.m.0.cv1.conv.input_quantizer                                        TensorQuantizer(disabled)
model.14.m.0.m.0.cv1.conv.output_quantizer                                       TensorQuantizer(disabled)
model.14.m.0.m.0.cv1.conv.weight_quantizer                                       TensorQuantizer(disabled)
model.14.m.0.m.0.cv1.bn.input_quantizer                                          TensorQuantizer(disabled)
model.14.m.0.m.0.cv1.bn.output_quantizer                                         TensorQuantizer(disabled)
model.14.m.0.m.0.cv2.conv.input_quantizer                                        TensorQuantizer(disabled)
model.14.m.0.m.0.cv2.conv.output_quantizer                                       TensorQuantizer(disabled)
model.14.m.0.m.0.cv2.conv.weight_quantizer                                       TensorQuantizer(disabled)
model.14.m.0.m.0.cv2.bn.input_quantizer                                          TensorQuantizer(disabled)
model.14.m.0.m.0.cv2.bn.output_quantizer                                         TensorQuantizer(disabled)
model.14.m.0.m.1.cv1.conv.input_quantizer                                        TensorQuantizer(disabled)
model.14.m.0.m.1.cv1.conv.output_quantizer                                       TensorQuantizer(disabled)
model.14.m.0.m.1.cv1.conv.weight_quantizer                                       TensorQuantizer(disabled)
model.14.m.0.m.1.cv1.bn.input_quantizer                                          TensorQuantizer(disabled)
model.14.m.0.m.1.cv1.bn.output_quantizer                                         TensorQuantizer(disabled)
model.14.m.0.m.1.cv2.conv.input_quantizer                                        TensorQuantizer(disabled)
model.14.m.0.m.1.cv2.conv.output_quantizer                                       TensorQuantizer(disabled)
model.14.m.0.m.1.cv2.conv.weight_quantizer                                       TensorQuantizer(disabled)
model.14.m.0.m.1.cv2.bn.input_quantizer                                          TensorQuantizer(disabled)
model.14.m.0.m.1.cv2.bn.output_quantizer                                         TensorQuantizer(disabled)
model.17.cv1.conv.input_quantizer                                                TensorQuantizer(8 bit fake per-tensor amax=47.7111 calibrator=MaxCalibrator quant)
model.17.cv1.conv.output_quantizer                                               TensorQuantizer(disabled)
model.17.cv1.conv.weight_quantizer                                               TensorQuantizer(8 bit fake axis=0 amax=[0.0128, 0.1026](256) calibrator=MaxCalibrator quant)
model.17.cv1.bn.input_quantizer                                                  TensorQuantizer(disabled)
model.17.cv1.bn.output_quantizer                                                 TensorQuantizer(disabled)
model.17.cv2.conv.input_quantizer                                                TensorQuantizer(8 bit fake per-tensor amax=13.9534 calibrator=MaxCalibrator quant)
model.17.cv2.conv.output_quantizer                                               TensorQuantizer(disabled)
model.17.cv2.conv.weight_quantizer                                               TensorQuantizer(8 bit fake axis=0 amax=[0.0156, 0.0857](256) calibrator=MaxCalibrator quant)
model.17.cv2.bn.input_quantizer                                                  TensorQuantizer(disabled)
model.17.cv2.bn.output_quantizer                                                 TensorQuantizer(disabled)
model.17.m.0.cv1.conv.input_quantizer                                            TensorQuantizer(8 bit fake per-tensor amax=6.2526 calibrator=MaxCalibrator quant)
model.17.m.0.cv1.conv.output_quantizer                                           TensorQuantizer(disabled)
model.17.m.0.cv1.conv.weight_quantizer                                           TensorQuantizer(8 bit fake axis=0 amax=[0.0325, 0.0930](64) calibrator=MaxCalibrator quant)
model.17.m.0.cv1.bn.input_quantizer                                              TensorQuantizer(disabled)
model.17.m.0.cv1.bn.output_quantizer                                             TensorQuantizer(disabled)
model.17.m.0.cv2.conv.input_quantizer                                            TensorQuantizer(8 bit fake per-tensor amax=6.2526 calibrator=MaxCalibrator quant)
model.17.m.0.cv2.conv.output_quantizer                                           TensorQuantizer(disabled)
model.17.m.0.cv2.conv.weight_quantizer                                           TensorQuantizer(8 bit fake axis=0 amax=[0.0139, 0.0427](64) calibrator=MaxCalibrator quant)
model.17.m.0.cv2.bn.input_quantizer                                              TensorQuantizer(disabled)
model.17.m.0.cv2.bn.output_quantizer                                             TensorQuantizer(disabled)
model.17.m.0.cv3.conv.input_quantizer                                            TensorQuantizer(8 bit fake per-tensor amax=18.2238 calibrator=MaxCalibrator quant)
model.17.m.0.cv3.conv.output_quantizer                                           TensorQuantizer(disabled)
model.17.m.0.cv3.conv.weight_quantizer                                           TensorQuantizer(8 bit fake axis=0 amax=[0.0159, 0.0825](128) calibrator=MaxCalibrator quant)
model.17.m.0.cv3.bn.input_quantizer                                              TensorQuantizer(disabled)
model.17.m.0.cv3.bn.output_quantizer                                             TensorQuantizer(disabled)
model.17.m.0.m.0.cv1.conv.input_quantizer                                        TensorQuantizer(8 bit fake per-tensor amax=1.7597 calibrator=MaxCalibrator quant)
model.17.m.0.m.0.cv1.conv.output_quantizer                                       TensorQuantizer(disabled)
model.17.m.0.m.0.cv1.conv.weight_quantizer                                       TensorQuantizer(8 bit fake axis=0 amax=[0.0271, 0.0968](64) calibrator=MaxCalibrator quant)
model.17.m.0.m.0.cv1.bn.input_quantizer                                          TensorQuantizer(disabled)
model.17.m.0.m.0.cv1.bn.output_quantizer                                         TensorQuantizer(disabled)
model.17.m.0.m.0.cv2.conv.input_quantizer                                        TensorQuantizer(8 bit fake per-tensor amax=5.7519 calibrator=MaxCalibrator quant)
model.17.m.0.m.0.cv2.conv.output_quantizer                                       TensorQuantizer(disabled)
model.17.m.0.m.0.cv2.conv.weight_quantizer                                       TensorQuantizer(8 bit fake axis=0 amax=[0.0246, 0.0991](64) calibrator=MaxCalibrator quant)
model.17.m.0.m.0.cv2.bn.input_quantizer                                          TensorQuantizer(disabled)
model.17.m.0.m.0.cv2.bn.output_quantizer                                         TensorQuantizer(disabled)
model.17.m.0.m.1.cv1.conv.input_quantizer                                        TensorQuantizer(8 bit fake per-tensor amax=7.3021 calibrator=MaxCalibrator quant)
model.17.m.0.m.1.cv1.conv.output_quantizer                                       TensorQuantizer(disabled)
model.17.m.0.m.1.cv1.conv.weight_quantizer                                       TensorQuantizer(8 bit fake axis=0 amax=[0.0237, 0.0889](64) calibrator=MaxCalibrator quant)
model.17.m.0.m.1.cv1.bn.input_quantizer                                          TensorQuantizer(disabled)
model.17.m.0.m.1.cv1.bn.output_quantizer                                         TensorQuantizer(disabled)
model.17.m.0.m.1.cv2.conv.input_quantizer                                        TensorQuantizer(8 bit fake per-tensor amax=9.0184 calibrator=MaxCalibrator quant)
model.17.m.0.m.1.cv2.conv.output_quantizer                                       TensorQuantizer(disabled)
model.17.m.0.m.1.cv2.conv.weight_quantizer                                       TensorQuantizer(8 bit fake axis=0 amax=[0.0213, 0.0815](64) calibrator=MaxCalibrator quant)
model.17.m.0.m.1.cv2.bn.input_quantizer                                          TensorQuantizer(disabled)
model.17.m.0.m.1.cv2.bn.output_quantizer                                         TensorQuantizer(disabled)
model.18.conv.input_quantizer                                                    TensorQuantizer(8 bit fake per-tensor amax=13.2820 calibrator=MaxCalibrator quant)
model.18.conv.output_quantizer                                                   TensorQuantizer(disabled)
model.18.conv.weight_quantizer                                                   TensorQuantizer(8 bit fake axis=0 amax=[0.0066, 0.0451](256) calibrator=MaxCalibrator quant)
model.18.bn.input_quantizer                                                      TensorQuantizer(disabled)
model.18.bn.output_quantizer                                                     TensorQuantizer(disabled)
model.20.cv1.conv.input_quantizer                                                TensorQuantizer(8 bit fake per-tensor amax=40.9409 calibrator=MaxCalibrator quant)
model.20.cv1.conv.output_quantizer                                               TensorQuantizer(disabled)
model.20.cv1.conv.weight_quantizer                                               TensorQuantizer(8 bit fake axis=0 amax=[0.0089, 0.0679](512) calibrator=MaxCalibrator quant)
model.20.cv1.bn.input_quantizer                                                  TensorQuantizer(disabled)
model.20.cv1.bn.output_quantizer                                                 TensorQuantizer(disabled)
model.20.cv2.conv.input_quantizer                                                TensorQuantizer(8 bit fake per-tensor amax=25.0037 calibrator=MaxCalibrator quant)
model.20.cv2.conv.output_quantizer                                               TensorQuantizer(disabled)
model.20.cv2.conv.weight_quantizer                                               TensorQuantizer(8 bit fake axis=0 amax=[0.0076, 0.0818](512) calibrator=MaxCalibrator quant)
model.20.cv2.bn.input_quantizer                                                  TensorQuantizer(disabled)
model.20.cv2.bn.output_quantizer                                                 TensorQuantizer(disabled)
model.20.m.0.cv1.conv.input_quantizer                                            TensorQuantizer(8 bit fake per-tensor amax=25.0037 calibrator=MaxCalibrator quant)
model.20.m.0.cv1.conv.output_quantizer                                           TensorQuantizer(disabled)
model.20.m.0.cv1.conv.weight_quantizer                                           TensorQuantizer(8 bit fake axis=0 amax=[0.0119, 0.0523](128) calibrator=MaxCalibrator quant)
model.20.m.0.cv1.bn.input_quantizer                                              TensorQuantizer(disabled)
model.20.m.0.cv1.bn.output_quantizer                                             TensorQuantizer(disabled)
model.20.m.0.cv2.conv.input_quantizer                                            TensorQuantizer(8 bit fake per-tensor amax=25.0037 calibrator=MaxCalibrator quant)
model.20.m.0.cv2.conv.output_quantizer                                           TensorQuantizer(disabled)
model.20.m.0.cv2.conv.weight_quantizer                                           TensorQuantizer(8 bit fake axis=0 amax=[0.0070, 0.0317](128) calibrator=MaxCalibrator quant)
model.20.m.0.cv2.bn.input_quantizer                                              TensorQuantizer(disabled)
model.20.m.0.cv2.bn.output_quantizer                                             TensorQuantizer(disabled)
model.20.m.0.cv3.conv.input_quantizer                                            TensorQuantizer(8 bit fake per-tensor amax=30.4867 calibrator=MaxCalibrator quant)
model.20.m.0.cv3.conv.output_quantizer                                           TensorQuantizer(disabled)
model.20.m.0.cv3.conv.weight_quantizer                                           TensorQuantizer(8 bit fake axis=0 amax=[0.0092, 0.0693](256) calibrator=MaxCalibrator quant)
model.20.m.0.cv3.bn.input_quantizer                                              TensorQuantizer(disabled)
model.20.m.0.cv3.bn.output_quantizer                                             TensorQuantizer(disabled)
model.20.m.0.m.0.cv1.conv.input_quantizer                                        TensorQuantizer(8 bit fake per-tensor amax=7.7103 calibrator=MaxCalibrator quant)
model.20.m.0.m.0.cv1.conv.output_quantizer                                       TensorQuantizer(disabled)
model.20.m.0.m.0.cv1.conv.weight_quantizer                                       TensorQuantizer(8 bit fake axis=0 amax=[0.0133, 0.0586](128) calibrator=MaxCalibrator quant)
model.20.m.0.m.0.cv1.bn.input_quantizer                                          TensorQuantizer(disabled)
model.20.m.0.m.0.cv1.bn.output_quantizer                                         TensorQuantizer(disabled)
model.20.m.0.m.0.cv2.conv.input_quantizer                                        TensorQuantizer(8 bit fake per-tensor amax=11.8888 calibrator=MaxCalibrator quant)
model.20.m.0.m.0.cv2.conv.output_quantizer                                       TensorQuantizer(disabled)
model.20.m.0.m.0.cv2.conv.weight_quantizer                                       TensorQuantizer(8 bit fake axis=0 amax=[0.0129, 0.0566](128) calibrator=MaxCalibrator quant)
model.20.m.0.m.0.cv2.bn.input_quantizer                                          TensorQuantizer(disabled)
model.20.m.0.m.0.cv2.bn.output_quantizer                                         TensorQuantizer(disabled)
model.20.m.0.m.1.cv1.conv.input_quantizer                                        TensorQuantizer(8 bit fake per-tensor amax=12.2490 calibrator=MaxCalibrator quant)
model.20.m.0.m.1.cv1.conv.output_quantizer                                       TensorQuantizer(disabled)
model.20.m.0.m.1.cv1.conv.weight_quantizer                                       TensorQuantizer(8 bit fake axis=0 amax=[0.0100, 0.0828](128) calibrator=MaxCalibrator quant)
model.20.m.0.m.1.cv1.bn.input_quantizer                                          TensorQuantizer(disabled)
model.20.m.0.m.1.cv1.bn.output_quantizer                                         TensorQuantizer(disabled)
model.20.m.0.m.1.cv2.conv.input_quantizer                                        TensorQuantizer(8 bit fake per-tensor amax=18.5635 calibrator=MaxCalibrator quant)
model.20.m.0.m.1.cv2.conv.output_quantizer                                       TensorQuantizer(disabled)
model.20.m.0.m.1.cv2.conv.weight_quantizer                                       TensorQuantizer(8 bit fake axis=0 amax=[0.0129, 0.0610](128) calibrator=MaxCalibrator quant)
model.20.m.0.m.1.cv2.bn.input_quantizer                                          TensorQuantizer(disabled)
model.20.m.0.m.1.cv2.bn.output_quantizer                                         TensorQuantizer(disabled)
model.21.conv.input_quantizer                                                    TensorQuantizer(8 bit fake per-tensor amax=19.2042 calibrator=MaxCalibrator quant)
model.21.conv.output_quantizer                                                   TensorQuantizer(disabled)
model.21.conv.weight_quantizer                                                   TensorQuantizer(8 bit fake axis=0 amax=[0.0033, 0.0231](512) calibrator=MaxCalibrator quant)
model.21.bn.input_quantizer                                                      TensorQuantizer(disabled)
model.21.bn.output_quantizer                                                     TensorQuantizer(disabled)
model.23.cv1.conv.input_quantizer                                                TensorQuantizer(8 bit fake per-tensor amax=21.1725 calibrator=MaxCalibrator quant)
model.23.cv1.conv.output_quantizer                                               TensorQuantizer(disabled)
model.23.cv1.conv.weight_quantizer                                               TensorQuantizer(8 bit fake axis=0 amax=[0.0036, 0.0714](512) calibrator=MaxCalibrator quant)
model.23.cv1.bn.input_quantizer                                                  TensorQuantizer(disabled)
model.23.cv1.bn.output_quantizer                                                 TensorQuantizer(disabled)
model.23.cv2.conv.input_quantizer                                                TensorQuantizer(8 bit fake per-tensor amax=24.8719 calibrator=MaxCalibrator quant)
model.23.cv2.conv.output_quantizer                                               TensorQuantizer(disabled)
model.23.cv2.conv.weight_quantizer                                               TensorQuantizer(8 bit fake axis=0 amax=[0.0056, 0.0417](512) calibrator=MaxCalibrator quant)
model.23.cv2.bn.input_quantizer                                                  TensorQuantizer(disabled)
model.23.cv2.bn.output_quantizer                                                 TensorQuantizer(disabled)
model.23.m.0.cv1.conv.input_quantizer                                            TensorQuantizer(8 bit fake per-tensor amax=24.8719 calibrator=MaxCalibrator quant)
model.23.m.0.cv1.conv.output_quantizer                                           TensorQuantizer(disabled)
model.23.m.0.cv1.conv.weight_quantizer                                           TensorQuantizer(8 bit fake axis=0 amax=[0.0098, 0.0356](128) calibrator=MaxCalibrator quant)
model.23.m.0.cv1.bn.input_quantizer                                              TensorQuantizer(disabled)
model.23.m.0.cv1.bn.output_quantizer                                             TensorQuantizer(disabled)
model.23.m.0.cv2.conv.input_quantizer                                            TensorQuantizer(8 bit fake per-tensor amax=24.8719 calibrator=MaxCalibrator quant)
model.23.m.0.cv2.conv.output_quantizer                                           TensorQuantizer(disabled)
model.23.m.0.cv2.conv.weight_quantizer                                           TensorQuantizer(8 bit fake axis=0 amax=[0.0003, 0.0225](128) calibrator=MaxCalibrator quant)
model.23.m.0.cv2.bn.input_quantizer                                              TensorQuantizer(disabled)
model.23.m.0.cv2.bn.output_quantizer                                             TensorQuantizer(disabled)
model.23.m.0.cv3.conv.input_quantizer                                            TensorQuantizer(8 bit fake per-tensor amax=18.3905 calibrator=MaxCalibrator quant)
model.23.m.0.cv3.conv.output_quantizer                                           TensorQuantizer(disabled)
model.23.m.0.cv3.conv.weight_quantizer                                           TensorQuantizer(8 bit fake axis=0 amax=[0.0064, 0.0404](256) calibrator=MaxCalibrator quant)
model.23.m.0.cv3.bn.input_quantizer                                              TensorQuantizer(disabled)
model.23.m.0.cv3.bn.output_quantizer                                             TensorQuantizer(disabled)
model.23.m.0.m.0.cv1.conv.input_quantizer                                        TensorQuantizer(8 bit fake per-tensor amax=11.0059 calibrator=MaxCalibrator quant)
model.23.m.0.m.0.cv1.conv.output_quantizer                                       TensorQuantizer(disabled)
model.23.m.0.m.0.cv1.conv.weight_quantizer                                       TensorQuantizer(8 bit fake axis=0 amax=[0.0080, 0.0327](128) calibrator=MaxCalibrator quant)
model.23.m.0.m.0.cv1.bn.input_quantizer                                          TensorQuantizer(disabled)
model.23.m.0.m.0.cv1.bn.output_quantizer                                         TensorQuantizer(disabled)
model.23.m.0.m.0.cv2.conv.input_quantizer                                        TensorQuantizer(8 bit fake per-tensor amax=10.9176 calibrator=MaxCalibrator quant)
model.23.m.0.m.0.cv2.conv.output_quantizer                                       TensorQuantizer(disabled)
model.23.m.0.m.0.cv2.conv.weight_quantizer                                       TensorQuantizer(8 bit fake axis=0 amax=[0.0070, 0.0410](128) calibrator=MaxCalibrator quant)
model.23.m.0.m.0.cv2.bn.input_quantizer                                          TensorQuantizer(disabled)
model.23.m.0.m.0.cv2.bn.output_quantizer                                         TensorQuantizer(disabled)
model.23.m.0.m.1.cv1.conv.input_quantizer                                        TensorQuantizer(8 bit fake per-tensor amax=12.9080 calibrator=MaxCalibrator quant)
model.23.m.0.m.1.cv1.conv.output_quantizer                                       TensorQuantizer(disabled)
model.23.m.0.m.1.cv1.conv.weight_quantizer                                       TensorQuantizer(8 bit fake axis=0 amax=[0.0088, 0.0406](128) calibrator=MaxCalibrator quant)
model.23.m.0.m.1.cv1.bn.input_quantizer                                          TensorQuantizer(disabled)
model.23.m.0.m.1.cv1.bn.output_quantizer                                         TensorQuantizer(disabled)
model.23.m.0.m.1.cv2.conv.input_quantizer                                        TensorQuantizer(8 bit fake per-tensor amax=12.8732 calibrator=MaxCalibrator quant)
model.23.m.0.m.1.cv2.conv.output_quantizer                                       TensorQuantizer(disabled)
model.23.m.0.m.1.cv2.conv.weight_quantizer                                       TensorQuantizer(8 bit fake axis=0 amax=[0.0074, 0.0311](128) calibrator=MaxCalibrator quant)
model.23.m.0.m.1.cv2.bn.input_quantizer                                          TensorQuantizer(disabled)
model.23.m.0.m.1.cv2.bn.output_quantizer                                         TensorQuantizer(disabled)
model.24.cv2.0.0.conv.input_quantizer                                            TensorQuantizer(8 bit fake per-tensor amax=13.2820 calibrator=MaxCalibrator quant)
model.24.cv2.0.0.conv.output_quantizer                                           TensorQuantizer(disabled)
model.24.cv2.0.0.conv.weight_quantizer                                           TensorQuantizer(8 bit fake axis=0 amax=[0.0128, 0.0852](64) calibrator=MaxCalibrator quant)
model.24.cv2.0.0.bn.input_quantizer                                              TensorQuantizer(disabled)
model.24.cv2.0.0.bn.output_quantizer                                             TensorQuantizer(disabled)
model.24.cv2.0.1.conv.input_quantizer                                            TensorQuantizer(8 bit fake per-tensor amax=14.2638 calibrator=MaxCalibrator quant)
model.24.cv2.0.1.conv.output_quantizer                                           TensorQuantizer(disabled)
model.24.cv2.0.1.conv.weight_quantizer                                           TensorQuantizer(8 bit fake axis=0 amax=[0.0367, 0.1104](64) calibrator=MaxCalibrator quant)
model.24.cv2.0.1.bn.input_quantizer                                              TensorQuantizer(disabled)
model.24.cv2.0.1.bn.output_quantizer                                             TensorQuantizer(disabled)
model.24.cv2.0.2.input_quantizer                                                 TensorQuantizer(8 bit fake per-tensor amax=97.2870 calibrator=MaxCalibrator quant)
model.24.cv2.0.2.output_quantizer                                                TensorQuantizer(disabled)
model.24.cv2.0.2.weight_quantizer                                                TensorQuantizer(8 bit fake axis=0 amax=[0.0467, 0.2218](64) calibrator=MaxCalibrator quant)
model.24.cv2.1.0.conv.input_quantizer                                            TensorQuantizer(8 bit fake per-tensor amax=19.2042 calibrator=MaxCalibrator quant)
model.24.cv2.1.0.conv.output_quantizer                                           TensorQuantizer(disabled)
model.24.cv2.1.0.conv.weight_quantizer                                           TensorQuantizer(8 bit fake axis=0 amax=[0.0108, 0.0706](64) calibrator=MaxCalibrator quant)
model.24.cv2.1.0.bn.input_quantizer                                              TensorQuantizer(disabled)
model.24.cv2.1.0.bn.output_quantizer                                             TensorQuantizer(disabled)
model.24.cv2.1.1.conv.input_quantizer                                            TensorQuantizer(8 bit fake per-tensor amax=16.7145 calibrator=MaxCalibrator quant)
model.24.cv2.1.1.conv.output_quantizer                                           TensorQuantizer(disabled)
model.24.cv2.1.1.conv.weight_quantizer                                           TensorQuantizer(8 bit fake axis=0 amax=[0.0280, 0.1133](64) calibrator=MaxCalibrator quant)
model.24.cv2.1.1.bn.input_quantizer                                              TensorQuantizer(disabled)
model.24.cv2.1.1.bn.output_quantizer                                             TensorQuantizer(disabled)
model.24.cv2.1.2.input_quantizer                                                 TensorQuantizer(8 bit fake per-tensor amax=79.2827 calibrator=MaxCalibrator quant)
model.24.cv2.1.2.output_quantizer                                                TensorQuantizer(disabled)
model.24.cv2.1.2.weight_quantizer                                                TensorQuantizer(8 bit fake axis=0 amax=[0.0676, 0.2688](64) calibrator=MaxCalibrator quant)
model.24.cv2.2.0.conv.input_quantizer                                            TensorQuantizer(8 bit fake per-tensor amax=13.5082 calibrator=MaxCalibrator quant)
model.24.cv2.2.0.conv.output_quantizer                                           TensorQuantizer(disabled)
model.24.cv2.2.0.conv.weight_quantizer                                           TensorQuantizer(8 bit fake axis=0 amax=[0.0091, 0.0383](64) calibrator=MaxCalibrator quant)
model.24.cv2.2.0.bn.input_quantizer                                              TensorQuantizer(disabled)
model.24.cv2.2.0.bn.output_quantizer                                             TensorQuantizer(disabled)
model.24.cv2.2.1.conv.input_quantizer                                            TensorQuantizer(8 bit fake per-tensor amax=16.4280 calibrator=MaxCalibrator quant)
model.24.cv2.2.1.conv.output_quantizer                                           TensorQuantizer(disabled)
model.24.cv2.2.1.conv.weight_quantizer                                           TensorQuantizer(8 bit fake axis=0 amax=[0.0250, 0.0938](64) calibrator=MaxCalibrator quant)
model.24.cv2.2.1.bn.input_quantizer                                              TensorQuantizer(disabled)
model.24.cv2.2.1.bn.output_quantizer                                             TensorQuantizer(disabled)
model.24.cv2.2.2.input_quantizer                                                 TensorQuantizer(8 bit fake per-tensor amax=65.8642 calibrator=MaxCalibrator quant)
model.24.cv2.2.2.output_quantizer                                                TensorQuantizer(disabled)
model.24.cv2.2.2.weight_quantizer                                                TensorQuantizer(8 bit fake axis=0 amax=[0.0196, 0.2196](64) calibrator=MaxCalibrator quant)
model.24.cv3.0.0.0.conv.input_quantizer                                          TensorQuantizer(8 bit fake per-tensor amax=13.2820 calibrator=MaxCalibrator quant)
model.24.cv3.0.0.0.conv.output_quantizer                                         TensorQuantizer(disabled)
model.24.cv3.0.0.0.conv.weight_quantizer                                         TensorQuantizer(8 bit fake axis=0 amax=[0.0084, 0.0682](256) calibrator=MaxCalibrator quant)
model.24.cv3.0.0.0.bn.input_quantizer                                            TensorQuantizer(disabled)
model.24.cv3.0.0.0.bn.output_quantizer                                           TensorQuantizer(disabled)
model.24.cv3.0.0.1.conv.input_quantizer                                          TensorQuantizer(8 bit fake per-tensor amax=15.7189 calibrator=MaxCalibrator quant)
model.24.cv3.0.0.1.conv.output_quantizer                                         TensorQuantizer(disabled)
model.24.cv3.0.0.1.conv.weight_quantizer                                         TensorQuantizer(8 bit fake axis=0 amax=[0.0112, 0.0732](256) calibrator=MaxCalibrator quant)
model.24.cv3.0.0.1.bn.input_quantizer                                            TensorQuantizer(disabled)
model.24.cv3.0.0.1.bn.output_quantizer                                           TensorQuantizer(disabled)
model.24.cv3.0.1.0.conv.input_quantizer                                          TensorQuantizer(8 bit fake per-tensor amax=17.1291 calibrator=MaxCalibrator quant)
model.24.cv3.0.1.0.conv.output_quantizer                                         TensorQuantizer(disabled)
model.24.cv3.0.1.0.conv.weight_quantizer                                         TensorQuantizer(8 bit fake axis=0 amax=[0.0110, 0.1189](256) calibrator=MaxCalibrator quant)
model.24.cv3.0.1.0.bn.input_quantizer                                            TensorQuantizer(disabled)
model.24.cv3.0.1.0.bn.output_quantizer                                           TensorQuantizer(disabled)
model.24.cv3.0.1.1.conv.input_quantizer                                          TensorQuantizer(8 bit fake per-tensor amax=43.0521 calibrator=MaxCalibrator quant)
model.24.cv3.0.1.1.conv.output_quantizer                                         TensorQuantizer(disabled)
model.24.cv3.0.1.1.conv.weight_quantizer                                         TensorQuantizer(8 bit fake axis=0 amax=[0.0124, 0.0422](256) calibrator=MaxCalibrator quant)
model.24.cv3.0.1.1.bn.input_quantizer                                            TensorQuantizer(disabled)
model.24.cv3.0.1.1.bn.output_quantizer                                           TensorQuantizer(disabled)
model.24.cv3.0.2.input_quantizer                                                 TensorQuantizer(8 bit fake per-tensor amax=54.5381 calibrator=MaxCalibrator quant)
model.24.cv3.0.2.output_quantizer                                                TensorQuantizer(disabled)
model.24.cv3.0.2.weight_quantizer                                                TensorQuantizer(8 bit fake axis=0 amax=[0.0373, 0.0872](80) calibrator=MaxCalibrator quant)
model.24.cv3.1.0.0.conv.input_quantizer                                          TensorQuantizer(8 bit fake per-tensor amax=19.2042 calibrator=MaxCalibrator quant)
model.24.cv3.1.0.0.conv.output_quantizer                                         TensorQuantizer(disabled)
model.24.cv3.1.0.0.conv.weight_quantizer                                         TensorQuantizer(8 bit fake axis=0 amax=[0.0045, 0.0688](512) calibrator=MaxCalibrator quant)
model.24.cv3.1.0.0.bn.input_quantizer                                            TensorQuantizer(disabled)
model.24.cv3.1.0.0.bn.output_quantizer                                           TensorQuantizer(disabled)
model.24.cv3.1.0.1.conv.input_quantizer                                          TensorQuantizer(8 bit fake per-tensor amax=22.2622 calibrator=MaxCalibrator quant)
model.24.cv3.1.0.1.conv.output_quantizer                                         TensorQuantizer(disabled)
model.24.cv3.1.0.1.conv.weight_quantizer                                         TensorQuantizer(8 bit fake axis=0 amax=[0.0076, 0.0834](256) calibrator=MaxCalibrator quant)
model.24.cv3.1.0.1.bn.input_quantizer                                            TensorQuantizer(disabled)
model.24.cv3.1.0.1.bn.output_quantizer                                           TensorQuantizer(disabled)
model.24.cv3.1.1.0.conv.input_quantizer                                          TensorQuantizer(8 bit fake per-tensor amax=16.3891 calibrator=MaxCalibrator quant)
model.24.cv3.1.1.0.conv.output_quantizer                                         TensorQuantizer(disabled)
model.24.cv3.1.1.0.conv.weight_quantizer                                         TensorQuantizer(8 bit fake axis=0 amax=[0.0103, 0.1019](256) calibrator=MaxCalibrator quant)
model.24.cv3.1.1.0.bn.input_quantizer                                            TensorQuantizer(disabled)
model.24.cv3.1.1.0.bn.output_quantizer                                           TensorQuantizer(disabled)
model.24.cv3.1.1.1.conv.input_quantizer                                          TensorQuantizer(8 bit fake per-tensor amax=45.2490 calibrator=MaxCalibrator quant)
model.24.cv3.1.1.1.conv.output_quantizer                                         TensorQuantizer(disabled)
model.24.cv3.1.1.1.conv.weight_quantizer                                         TensorQuantizer(8 bit fake axis=0 amax=[0.0108, 0.0446](256) calibrator=MaxCalibrator quant)
model.24.cv3.1.1.1.bn.input_quantizer                                            TensorQuantizer(disabled)
model.24.cv3.1.1.1.bn.output_quantizer                                           TensorQuantizer(disabled)
model.24.cv3.1.2.input_quantizer                                                 TensorQuantizer(8 bit fake per-tensor amax=51.7781 calibrator=MaxCalibrator quant)
model.24.cv3.1.2.output_quantizer                                                TensorQuantizer(disabled)
model.24.cv3.1.2.weight_quantizer                                                TensorQuantizer(8 bit fake axis=0 amax=[0.0346, 0.0854](80) calibrator=MaxCalibrator quant)
model.24.cv3.2.0.0.conv.input_quantizer                                          TensorQuantizer(8 bit fake per-tensor amax=13.5082 calibrator=MaxCalibrator quant)
model.24.cv3.2.0.0.conv.output_quantizer                                         TensorQuantizer(disabled)
model.24.cv3.2.0.0.conv.weight_quantizer                                         TensorQuantizer(8 bit fake axis=0 amax=[0.0000, 0.0432](512) calibrator=MaxCalibrator quant)
model.24.cv3.2.0.0.bn.input_quantizer                                            TensorQuantizer(disabled)
model.24.cv3.2.0.0.bn.output_quantizer                                           TensorQuantizer(disabled)
model.24.cv3.2.0.1.conv.input_quantizer                                          TensorQuantizer(8 bit fake per-tensor amax=11.8107 calibrator=MaxCalibrator quant)
model.24.cv3.2.0.1.conv.output_quantizer                                         TensorQuantizer(disabled)
model.24.cv3.2.0.1.conv.weight_quantizer                                         TensorQuantizer(8 bit fake axis=0 amax=[0.0000, 0.0637](256) calibrator=MaxCalibrator quant)
model.24.cv3.2.0.1.bn.input_quantizer                                            TensorQuantizer(disabled)
model.24.cv3.2.0.1.bn.output_quantizer                                           TensorQuantizer(disabled)
model.24.cv3.2.1.0.conv.input_quantizer                                          TensorQuantizer(8 bit fake per-tensor amax=13.9373 calibrator=MaxCalibrator quant)
model.24.cv3.2.1.0.conv.output_quantizer                                         TensorQuantizer(disabled)
model.24.cv3.2.1.0.conv.weight_quantizer                                         TensorQuantizer(8 bit fake axis=0 amax=[0.0000, 0.0910](256) calibrator=MaxCalibrator quant)
model.24.cv3.2.1.0.bn.input_quantizer                                            TensorQuantizer(disabled)
model.24.cv3.2.1.0.bn.output_quantizer                                           TensorQuantizer(disabled)
model.24.cv3.2.1.1.conv.input_quantizer                                          TensorQuantizer(8 bit fake per-tensor amax=31.5542 calibrator=MaxCalibrator quant)
model.24.cv3.2.1.1.conv.output_quantizer                                         TensorQuantizer(disabled)
model.24.cv3.2.1.1.conv.weight_quantizer                                         TensorQuantizer(8 bit fake axis=0 amax=[0.0067, 0.0419](256) calibrator=MaxCalibrator quant)
model.24.cv3.2.1.1.bn.input_quantizer                                            TensorQuantizer(disabled)
model.24.cv3.2.1.1.bn.output_quantizer                                           TensorQuantizer(disabled)
model.24.cv3.2.2.input_quantizer                                                 TensorQuantizer(8 bit fake per-tensor amax=60.1338 calibrator=MaxCalibrator quant)
model.24.cv3.2.2.output_quantizer                                                TensorQuantizer(disabled)
model.24.cv3.2.2.weight_quantizer                                                TensorQuantizer(8 bit fake axis=0 amax=[0.0263, 0.0723](80) calibrator=MaxCalibrator quant)
model.24.dfl.conv.input_quantizer                                                TensorQuantizer(disabled)
model.24.dfl.conv.output_quantizer                                               TensorQuantizer(disabled)
model.24.dfl.conv.weight_quantizer                                               TensorQuantizer(disabled)
961 TensorQuantizers found in model
[mtq] exporting with 252 active quantizers (1 candidate weight sets)
[onnx] runs/a3/v01m/qdq-pin4/qat_qdq_model.onnx
  [audit int8-qdq] engine layer precisions: {'Half': 308, 'Int8': 149, 'Int32': 1, 'Float': 66}
Ultralytics 8.4.101 🚀 Python-3.11.10 torch-2.4.1+cu124 CUDA:0 (NVIDIA L4, 22563MiB)
Loading runs/a3/v01m/qdq-pin4/model_int8-qdq_model.engine for TensorRT inference...
[08/25/2026-17:09:52] [TRT] [I] Loaded engine size: 94 MiB
[08/25/2026-17:09:52] [TRT] [I] [MemUsageChange] TensorRT-managed allocation in IExecutionContext creation: CPU +1, GPU +111, now: CPU 1, GPU 194 (MiB)
Setting batch=1 input of shape (1, 3, 640, 640)
WARNING ⚠️ [34m[1mval: [0mSlow image access detected (ping: 0.4±0.0 ms, read: 29.4±3.9 MB/s, size: 166.7 KB). Use local storage instead of remote/mounted storage for better performance. See https://docs.ultralytics.com/guides/model-training-tips/
[K[34m[1mval: [0mScanning /data/datasets/coco/labels/val2017.cache... 4952 images, 48 backgrounds, 0 corrupt: 100% ━━━━━━━━━━━━ 5000/5000 566.8Mit/s 0.0s
[K                 Class     Images  Instances      Box(P          R      mAP50  mAP50-95): 0% ──────────── 8/5000 21.0it/s 0.1s<3:58[K                 Class     Images  Instances      Box(P          R      mAP50  mAP50-95): 0% ──────────── 19/5000 46.1it/s 0.2s<1:48[K                 Class     Images  Instances      Box(P          R      mAP50  mAP50-95): 0% ──────────── 31/5000 65.9it/s 0.3s<1:15[K                 Class     Images  Instances      Box(P          R      mAP50  mAP50-95): 0% ──────────── 41/5000 75.8it/s 0.4s<1:05[K                 Class     Images  Instances      Box(P          R      mAP50  mAP50-95): 1% ──────────── 51/5000 82.9it/s 0.5s<59.7s[K                 Class     Images  Instances      Box(P          R      mAP50  mAP50-95): 1% ──────────── 62/5000 88.3it/s 0.6s<55.9s[K                 Class     Images  Instances      Box(P          R      mAP50  mAP50-95): 1% ──────────── 73/5000 92.0it/s 0.7s<53.5s[K                 Class     Images  Instances      Box(P          R      mAP50  mAP50-95): 1% ──────────── 83/5000 94.3it/s 0.8s<52.1s[K                 Class     Images  Instances      Box(P          R      mAP50  mAP50-95): 1% ──────────── 93/5000 95.8it/s 0.9s<51.2s[K                 Class     Images  Instances      Box(P          R      mAP50  mAP50-95): 2% ──────────── 103/5000 96.4it/s 1.0s<50.8s[K                 Class     Images  Instances      Box(P          R      mAP50  mAP50-95): 2% ──────────── 114/5000 97.8it/s 1.2s<49.9s[K                 Class     Images  Instances      Box(P          R      mAP50  mAP50-95): 2% ──────────── 124/5000 98.0it/s 1.3s<49.7s[K                 Class     Images  Instances      Box(P          R      mAP50  mAP50-95): 2% ──────────── 134/5000 98.3it/s 1.4s<49.5s[K                 Class     Images  Instances      Box(P          R      mAP50  mAP50-95): 2% ──────────── 144/5000 98.7it/s 1.5s<49.2s[K                 Class     Images  Instances      Box(P          R      mAP50  mAP50-95): 3% ──────────── 154/5000 98.9it/s 1.6s<49.0s[K                 Class     Images  Instances      Box(P          R      mAP50  mAP50-95): 3% ──────────── 165/5000 99.6it/s 1.7s<48.6s[K                 Class     Images  Instances      Box(P          R      mAP50  mAP50-95): 3% ──────────── 176/5000 100.1it/s 1.8s<48.2s[K                 Class     Images  Instances      Box(P          R      mAP50  mAP50-95): 3% ──────────── 186/5000 99.5it/s 1.9s<48.4s[K                 Class     Images  Instances      Box(P          R      mAP50  mAP50-95): 3% ──────────── 197/5000 99.9it/s 2.0s<48.1s[K                 Class     Images  Instances      Box(P          R      mAP50  mAP50-95): 4% ──────────── 208/5000 100.0it/s 2.1s<47.9s[K                 Class     Images  Instances      Box(P          R      mAP50  mAP50-95): 4% ╸─────────── 219/5000 100.7it/s 2.2s<47.5s[K                 Class     Images  Instances      Box(P          R      mAP50  mAP50-95): 4% ╸─────────── 230/5000 101.1it/s 2.3s<47.2s[K                 Class     Images  Instances      Box(P          R      mAP50  mAP50-95): 4% ╸─────────── 240/5000 98.6it/s 2.4s<48.3s[K                 Class     Images  Instances      Box(P          R      mAP50  mAP50-95): 5% ╸─────────── 250/5000 98.5it/s 2.5s<48.2s[K                 Class     Images  Instances      Box(P          R      mAP50  mAP50-95): 5% ╸─────────── 260/5000 98.7it/s 2.6s<48.0s[K                 Class     Images  Instances      Box(P          R      mAP50  mAP50-95): 5% ╸─────────── 270/5000 99.1it/s 2.7s<47.7s[K                 Class     Images  Instances      Box(P          R      mAP50  mAP50-95): 5% ╸─────────── 280/5000 98.8it/s 2.8s<47.8s[K                 Class     Images  Instances      Box(P          R      mAP50  mAP50-95): 5% ╸─────────── 290/5000 99.1it/s 2.9s<47.5s[K                 Class     Images  Instances      Box(P          R      mAP50  mAP50-95): 6% ╸─────────── 300/5000 98.4it/s 3.0s<47.8s[K                 Class     Images  Instances      Box(P          R      mAP50  mAP50-95): 6% ╸─────────── 310/5000 98.8it/s 3.1s<47.5s[K                 Class     Images  Instances      Box(P          R      mAP50  mAP50-95): 6% ╸─────────── 320/5000 98.6it/s 3.2s<47.5s[K                 Class     Images  Instances      Box(P          R      mAP50  mAP50-95): 6% ╸─────────── 330/5000 98.6it/s 3.3s<47.4s[K                 Class     Images  Instances      Box(P          R      mAP50  mAP50-95): 6% ╸─────────── 340/5000 98.1it/s 3.4s<47.5s[K                 Class     Images  Instances      Box(P          R      mAP50  mAP50-95): 7% ╸─────────── 350/5000 98.5it/s 3.5s<47.2s[K                 Class     Images  Instances      Box(P          R      mAP50  mAP50-95): 7% ╸─────────── 360/5000 98.2it/s 3.6s<47.2s[K                 Class     Images  Instances      Box(P          R      mAP50  mAP50-95): 7% ╸─────────── 370/5000 98.6it/s 3.7s<46.9s[K                 Class     Images  Instances      Box(P          R      mAP50  mAP50-95): 7% ╸─────────── 381/5000 99.7it/s 3.8s<46.3s[K                 Class     Images  Instances      Box(P          R      mAP50  mAP50-95): 7% ╸─────────── 392/5000 100.4it/s 4.0s<45.9s[K                 Class     Images  Instances      Box(P          R      mAP50  mAP50-95): 8% ╸─────────── 402/5000 99.8it/s 4.1s<46.1s[K                 Class     Images  Instances      Box(P          R      mAP50  mAP50-95): 8% ╸─────────── 412/5000 99.8it/s 4.2s<46.0s[K                 Class     Images  Instances      Box(P          R      mAP50  mAP50-95): 8% ━─────────── 422/5000 99.7it/s 4.3s<45.9s[K                 Class     Images  Instances      Box(P          R      mAP50  mAP50-95): 8% ━─────────── 433/5000 100.3it/s 4.4s<45.5s[K                 Class     Images  Instances      Box(P          R      mAP50  mAP50-95): 8% ━─────────── 443/5000 99.8it/s 4.5s<45.7s[K                 Class     Images  Instances      Box(P          R      mAP50  mAP50-95): 9% ━─────────── 453/5000 99.7it/s 4.6s<45.6s[K                 Class     Images  Instances      Box(P          R      mAP50  mAP50-95): 9% ━─────────── 464/5000 100.6it/s 4.7s<45.1s[K                 Class     Images  Instances      Box(P          R      mAP50  mAP50-95): 9% ━─────────── 474/5000 100.2it/s 4.8s<45.2s[K                 Class     Images  Instances      Box(P          R      mAP50  mAP50-95): 9% ━─────────── 484/5000 99.6it/s 4.9s<45.3s[K                 Class     Images  Instances      Box(P          R      mAP50  mAP50-95): 9% ━─────────── 494/5000 99.7it/s 5.0s<45.2s[K                 Class     Images  Instances      Box(P          R      mAP50  mAP50-95): 10% ━─────────── 504/5000 99.5it/s 5.1s<45.2s[K                 Class     Images  Instances      Box(P          R      mAP50  mAP50-95): 10% ━─────────── 514/5000 99.5it/s 5.2s<45.1s[K                 Class     Images  Instances      Box(P          R      mAP50  mAP50-95): 10% ━─────────── 525/5000 99.9it/s 5.3s<44.8s[K                 Class     Images  Instances      Box(P          R      mAP50  mAP50-95): 10% ━─────────── 535/5000 99.7it/s 5.4s<44.8s[K                 Class     Images  Instances      Box(P          R      mAP50  mAP50-95): 10% ━─────────── 545/5000 99.4it/s 5.5s<44.8s[K                 Class     Images  Instances      Box(P          R      mAP50  mAP50-95): 11% ━─────────── 555/5000 98.9it/s 5.6s<45.0s[K                 Class     Images  Instances      Box(P          R      mAP50  mAP50-95): 11% ━─────────── 566/5000 99.3it/s 5.7s<44.6s[K                 Class     Images  Instances      Box(P          R      mAP50  mAP50-95): 11% ━─────────── 576/5000 99.5it/s 5.8s<44.5s[K                 Class     Images  Instances      Box(P          R      mAP50  mAP50-95): 11% ━─────────── 586/5000 98.7it/s 5.9s<44.7s[K                 Class     Images  Instances      Box(P          R      mAP50  mAP50-95): 11% ━─────────── 597/5000 99.3it/s 6.0s<44.3s[K                 Class     Images  Instances      Box(P          R      mAP50  mAP50-95): 12% ━─────────── 608/5000 99.6it/s 6.1s<44.1s[K                 Class     Images  Instances      Box(P          R      mAP50  mAP50-95): 12% ━─────────── 618/5000 99.4it/s 6.2s<44.1s[K                 Class     Images  Instances      Box(P          R      mAP50  mAP50-95): 12% ━╸────────── 629/5000 99.7it/s 6.3s<43.8s[K                 Class     Images  Instances      Box(P          R      mAP50  mAP50-95): 12% ━╸────────── 639/5000 98.7it/s 6.4s<44.2s[K                 Class     Images  Instances      Box(P          R      mAP50  mAP50-95): 12% ━╸────────── 649/5000 98.8it/s 6.5s<44.0s[K                 Class     Images  Instances      Box(P          R      mAP50  mAP50-95): 13% ━╸────────── 659/5000 98.4it/s 6.6s<44.1s[K                 Class     Images  Instances      Box(P          R      mAP50  mAP50-95): 13% ━╸────────── 669/5000 98.1it/s 6.7s<44.2s[K                 Class     Images  Instances      Box(P          R      mAP50  mAP50-95): 13% ━╸────────── 680/5000 98.8it/s 6.9s<43.7s[K                 Class     Images  Instances      Box(P          R      mAP50  mAP50-95): 13% ━╸────────── 690/5000 99.0it/s 7.0s<43.6s[K                 Class     Images  Instances      Box(P          R      mAP50  mAP50-95): 14% ━╸────────── 700/5000 98.7it/s 7.1s<43.6s[K                 Class     Images  Instances      Box(P          R      mAP50  mAP50-95): 14% ━╸────────── 710/5000 98.5it/s 7.2s<43.5s[K                 Class     Images  Instances      Box(P          R      mAP50  mAP50-95): 14% ━╸────────── 720/5000 98.0it/s 7.3s<43.7s[K                 Class     Images  Instances      Box(P          R      mAP50  mAP50-95): 14% ━╸────────── 730/5000 98.0it/s 7.4s<43.6s[K                 Class     Images  Instances      Box(P          R      mAP50  mAP50-95): 14% ━╸────────── 741/5000 99.3it/s 7.5s<42.9s[K                 Class     Images  Instances      Box(P          R      mAP50  mAP50-95): 15% ━╸────────── 751/5000 99.1it/s 7.6s<42.9s[K                 Class     Images  Instances      Box(P          R      mAP50  mAP50-95): 15% ━╸────────── 762/5000 99.5it/s 7.7s<42.6s[K                 Class     Images  Instances      Box(P          R      mAP50  mAP50-95): 15% ━╸────────── 772/5000 99.0it/s 7.8s<42.7s[K                 Class     Images  Instances      Box(P          R      mAP50  mAP50-95): 15% ━╸────────── 782/5000 99.2it/s 7.9s<42.5s[K                 Class     Images  Instances      Box(P          R      mAP50  mAP50-95): 15% ━╸────────── 792/5000 99.4it/s 8.0s<42.3s[K                 Class     Images  Instances      Box(P          R      mAP50  mAP50-95): 16% ━╸────────── 802/5000 99.1it/s 8.1s<42.3s[K                 Class     Images  Instances      Box(P          R      mAP50  mAP50-95): 16% ━╸────────── 813/5000 99.7it/s 8.2s<42.0s[K                 Class     Images  Instances      Box(P          R      mAP50  mAP50-95): 16% ━╸────────── 824/5000 100.4it/s 8.3s<41.6s[K                 Class     Images  Instances      Box(P          R      mAP50  mAP50-95): 16% ━━────────── 834/5000 100.1it/s 8.4s<41.6s[K                 Class     Images  Instances      Box(P          R      mAP50  mAP50-95): 16% ━━────────── 845/5000 100.5it/s 8.5s<41.3s[K                 Class     Images  Instances      Box(P          R      mAP50  mAP50-95): 17% ━━────────── 855/5000 100.1it/s 8.6s<41.4s[K                 Class     Images  Instances      Box(P          R      mAP50  mAP50-95): 17% ━━────────── 866/5000 100.2it/s 8.7s<41.3s[K                 Class     Images  Instances      Box(P          R      mAP50  mAP50-95): 17% ━━────────── 877/5000 100.3it/s 8.8s<41.1s[K                 Class     Images  Instances      Box(P          R      mAP50  mAP50-95): 17% ━━────────── 888/5000 100.2it/s 8.9s<41.0s[K                 Class     Images  Instances      Box(P          R      mAP50  mAP50-95): 17% ━━────────── 898/5000 99.8it/s 9.0s<41.1s[K                 Class     Images  Instances      Box(P          R      mAP50  mAP50-95): 18% ━━────────── 909/5000 100.3it/s 9.2s<40.8s[K                 Class     Images  Instances      Box(P          R      mAP50  mAP50-95): 18% ━━────────── 919/5000 100.2it/s 9.3s<40.7s[K                 Class     Images  Instances      Box(P          R      mAP50  mAP50-95): 18% ━━────────── 929/5000 100.0it/s 9.4s<40.7s[K                 Class     Images  Instances      Box(P          R      mAP50  mAP50-95): 18% ━━────────── 940/5000 100.3it/s 9.5s<40.5s[K                 Class     Images  Instances      Box(P          R      mAP50  mAP50-95): 19% ━━────────── 950/5000 100.0it/s 9.6s<40.5s[K                 Class     Images  Instances      Box(P          R      mAP50  mAP50-95): 19% ━━────────── 961/5000 99.9it/s 9.7s<40.4s[K                 Class     Images  Instances      Box(P          R      mAP50  mAP50-95): 19% ━━────────── 971/5000 98.8it/s 9.8s<40.8s[K                 Class     Images  Instances      Box(P          R      mAP50  mAP50-95): 19% ━━────────── 981/5000 99.0it/s 9.9s<40.6s[K                 Class     Images  Instances      Box(P          R      mAP50  mAP50-95): 19% ━━────────── 991/5000 99.1it/s 10.0s<40.4s[K                 Class     Images  Instances      Box(P          R      mAP50  mAP50-95): 20% ━━────────── 1002/5000 99.9it/s 10.1s<40.0s[K                 Class     Images  Instances      Box(P          R      mAP50  mAP50-95): 20% ━━────────── 1013/5000 100.2it/s 10.2s<39.8s[K                 Class     Images  Instances      Box(P          R      mAP50  mAP50-95): 20% ━━────────── 1024/5000 100.4it/s 10.3s<39.6s[K                 Class     Images  Instances      Box(P          R      mAP50  mAP50-95): 20% ━━────────── 1034/5000 99.7it/s 10.4s<39.8s[K                 Class     Images  Instances      Box(P          R      mAP50  mAP50-95): 20% ━━╸───────── 1044/5000 99.0it/s 10.5s<40.0s[K                 Class     Images  Instances      Box(P          R      mAP50  mAP50-95): 21% ━━╸───────── 1055/5000 99.3it/s 10.6s<39.7s[K                 Class     Images  Instances      Box(P          R      mAP50  mAP50-95): 21% ━━╸───────── 1065/5000 98.8it/s 10.7s<39.8s[K                 Class     Images  Instances      Box(P          R      mAP50  mAP50-95): 21% ━━╸───────── 1075/5000 98.7it/s 10.8s<39.8s[K                 Class     Images  Instances      Box(P          R      mAP50  mAP50-95): 21% ━━╸───────── 1085/5000 98.8it/s 10.9s<39.6s[K                 Class     Images  Instances      Box(P          R      mAP50  mAP50-95): 21% ━━╸───────── 1096/5000 98.8it/s 11.0s<39.5s[K                 Class     Images  Instances      Box(P          R      mAP50  mAP50-95): 22% ━━╸───────── 1107/5000 99.8it/s 11.1s<39.0s[K                 Class     Images  Instances      Box(P          R      mAP50  mAP50-95): 22% ━━╸───────── 1117/5000 99.7it/s 11.2s<38.9s[K                 Class     Images  Instances      Box(P          R      mAP50  mAP50-95): 22% ━━╸───────── 1127/5000 99.4it/s 11.3s<39.0s[K                 Class     Images  Instances      Box(P          R      mAP50  mAP50-95): 22% ━━╸───────── 1138/5000 100.0it/s 11.5s<38.6s[K                 Class     Images  Instances      Box(P          R      mAP50  mAP50-95): 22% ━━╸───────── 1148/5000 99.9it/s 11.6s<38.6s[K                 Class     Images  Instances      Box(P          R      mAP50  mAP50-95): 23% ━━╸───────── 1159/5000 100.0it/s 11.7s<38.4s[K                 Class     Images  Instances      Box(P          R      mAP50  mAP50-95): 23% ━━╸───────── 1169/5000 99.7it/s 11.8s<38.4s[K                 Class     Images  Instances      Box(P          R      mAP50  mAP50-95): 23% ━━╸───────── 1180/5000 100.0it/s 11.9s<38.2s[K                 Class     Images  Instances      Box(P          R      mAP50  mAP50-95): 23% ━━╸───────── 1190/5000 99.8it/s 12.0s<38.2s[K                 Class     Images  Instances      Box(P          R      mAP50  mAP50-95): 24% ━━╸───────── 1201/5000 100.0it/s 12.1s<38.0s[K                 Class     Images  Instances      Box(P          R      mAP50  mAP50-95): 24% ━━╸───────── 1211/5000 99.5it/s 12.2s<38.1s[K                 Class     Images  Instances      Box(P          R      mAP50  mAP50-95): 24% ━━╸───────── 1221/5000 98.8it/s 12.3s<38.3s[K                 Class     Images  Instances      Box(P          R      mAP50  mAP50-95): 24% ━━╸───────── 1232/5000 98.8it/s 12.4s<38.1s[K                 Class     Images  Instances      Box(P          R      mAP50  mAP50-95): 24% ━━╸───────── 1243/5000 99.2it/s 12.5s<37.9s[K                 Class     Images  Instances      Box(P          R      mAP50  mAP50-95): 25% ━━━───────── 1253/5000 99.0it/s 12.6s<37.8s[K                 Class     Images  Instances      Box(P          R      mAP50  mAP50-95): 25% ━━━───────── 1264/5000 99.4it/s 12.7s<37.6s[K                 Class     Images  Instances      Box(P          R      mAP50  mAP50-95): 25% ━━━───────── 1274/5000 99.3it/s 12.8s<37.5s[K                 Class     Images  Instances      Box(P          R      mAP50  mAP50-95): 25% ━━━───────── 1284/5000 99.3it/s 12.9s<37.4s[K                 Class     Images  Instances      Box(P          R      mAP50  mAP50-95): 25% ━━━───────── 1295/5000 99.3it/s 13.0s<37.3s[K                 Class     Images  Instances      Box(P          R      mAP50  mAP50-95): 26% ━━━───────── 1305/5000 99.4it/s 13.1s<37.2s[K                 Class     Images  Instances      Box(P          R      mAP50  mAP50-95): 26% ━━━───────── 1316/5000 99.7it/s 13.2s<37.0s[K                 Class     Images  Instances      Box(P          R      mAP50  mAP50-95): 26% ━━━───────── 1327/5000 100.1it/s 13.4s<36.7s[K                 Class     Images  Instances      Box(P          R      mAP50  mAP50-95): 26% ━━━───────── 1337/5000 99.1it/s 13.5s<37.0s[K                 Class     Images  Instances      Box(P          R      mAP50  mAP50-95): 26% ━━━───────── 1347/5000 99.1it/s 13.6s<36.8s[K                 Class     Images  Instances      Box(P          R      mAP50  mAP50-95): 27% ━━━───────── 1358/5000 99.7it/s 13.7s<36.5s[K                 Class     Images  Instances      Box(P          R      mAP50  mAP50-95): 27% ━━━───────── 1368/5000 99.7it/s 13.8s<36.4s[K                 Class     Images  Instances      Box(P          R      mAP50  mAP50-95): 27% ━━━───────── 1379/5000 99.5it/s 13.9s<36.4s[K                 Class     Images  Instances      Box(P          R      mAP50  mAP50-95): 27% ━━━───────── 1390/5000 100.1it/s 14.0s<36.1s[K                 Class     Images  Instances      Box(P          R      mAP50  mAP50-95): 28% ━━━───────── 1401/5000 100.2it/s 14.1s<35.9s[K                 Class     Images  Instances      Box(P          R      mAP50  mAP50-95): 28% ━━━───────── 1412/5000 100.6it/s 14.2s<35.7s[K                 Class     Images  Instances      Box(P          R      mAP50  mAP50-95): 28% ━━━───────── 1422/5000 100.3it/s 14.3s<35.7s[K                 Class     Images  Instances      Box(P          R      mAP50  mAP50-95): 28% ━━━───────── 1432/5000 99.8it/s 14.4s<35.8s[K                 Class     Images  Instances      Box(P          R      mAP50  mAP50-95): 28% ━━━───────── 1442/5000 98.9it/s 14.5s<36.0s[K                 Class     Images  Instances      Box(P          R      mAP50  mAP50-95): 29% ━━━───────── 1453/5000 100.1it/s 14.6s<35.4s[K                 Class     Images  Instances      Box(P          R      mAP50  mAP50-95): 29% ━━━╸──────── 1464/5000 100.2it/s 14.7s<35.3s[K                 Class     Images  Instances      Box(P          R      mAP50  mAP50-95): 29% ━━━╸──────── 1475/5000 100.0it/s 14.8s<35.3s[K                 Class     Images  Instances      Box(P          R      mAP50  mAP50-95): 29% ━━━╸──────── 1485/5000 99.9it/s 14.9s<35.2s[K                 Class     Images  Instances      Box(P          R      mAP50  mAP50-95): 29% ━━━╸──────── 1496/5000 100.1it/s 15.0s<35.0s[K                 Class     Images  Instances      Box(P          R      mAP50  mAP50-95): 30% ━━━╸──────── 1507/5000 100.5it/s 15.2s<34.8s[K                 Class     Images  Instances      Box(P          R      mAP50  mAP50-95): 30% ━━━╸──────── 1518/5000 100.4it/s 15.3s<34.7s[K                 Class     Images  Instances      Box(P          R      mAP50  mAP50-95): 30% ━━━╸──────── 1529/5000 100.9it/s 15.4s<34.4s[K                 Class     Images  Instances      Box(P          R      mAP50  mAP50-95): 30% ━━━╸──────── 1539/5000 99.9it/s 15.5s<34.7s[K                 Class     Images  Instances      Box(P          R      mAP50  mAP50-95): 30% ━━━╸──────── 1549/5000 99.9it/s 15.6s<34.6s[K                 Class     Images  Instances      Box(P          R      mAP50  mAP50-95): 31% ━━━╸──────── 1560/5000 100.0it/s 15.7s<34.4s[K                 Class     Images  Instances      Box(P          R      mAP50  mAP50-95): 31% ━━━╸──────── 1571/5000 100.2it/s 15.8s<34.2s[K                 Class     Images  Instances      Box(P          R      mAP50  mAP50-95): 31% ━━━╸──────── 1581/5000 99.5it/s 15.9s<34.4s[K                 Class     Images  Instances      Box(P          R      mAP50  mAP50-95): 31% ━━━╸──────── 1591/5000 99.3it/s 16.0s<34.3s[K                 Class     Images  Instances      Box(P          R      mAP50  mAP50-95): 32% ━━━╸──────── 1601/5000 99.4it/s 16.1s<34.2s[K                 Class     Images  Instances      Box(P          R      mAP50  mAP50-95): 32% ━━━╸──────── 1612/5000 99.8it/s 16.2s<34.0s[K                 Class     Images  Instances      Box(P          R      mAP50  mAP50-95): 32% ━━━╸──────── 1623/5000 100.1it/s 16.3s<33.8s[K                 Class     Images  Instances      Box(P          R      mAP50  mAP50-95): 32% ━━━╸──────── 1634/5000 100.2it/s 16.4s<33.6s[K                 Class     Images  Instances      Box(P          R      mAP50  mAP50-95): 32% ━━━╸──────── 1645/5000 100.6it/s 16.5s<33.4s[K                 Class     Images  Instances      Box(P          R      mAP50  mAP50-95): 33% ━━━╸──────── 1656/5000 100.6it/s 16.6s<33.3s[K                 Class     Images  Instances      Box(P          R      mAP50  mAP50-95): 33% ━━━╸──────── 1666/5000 99.5it/s 16.7s<33.5s[K                 Class     Images  Instances      Box(P          R      mAP50  mAP50-95): 33% ━━━━──────── 1677/5000 99.8it/s 16.9s<33.3s[K                 Class     Images  Instances      Box(P          R      mAP50  mAP50-95): 33% ━━━━──────── 1687/5000 99.6it/s 17.0s<33.3s[K                 Class     Images  Instances      Box(P          R      mAP50  mAP50-95): 33% ━━━━──────── 1697/5000 99.6it/s 17.1s<33.2s[K                 Class     Images  Instances      Box(P          R      mAP50  mAP50-95): 34% ━━━━──────── 1708/5000 100.4it/s 17.2s<32.8s[K                 Class     Images  Instances      Box(P          R      mAP50  mAP50-95): 34% ━━━━──────── 1718/5000 99.8it/s 17.3s<32.9s[K                 Class     Images  Instances      Box(P          R      mAP50  mAP50-95): 34% ━━━━──────── 1729/5000 100.3it/s 17.4s<32.6s[K                 Class     Images  Instances      Box(P          R      mAP50  mAP50-95): 34% ━━━━──────── 1740/5000 101.2it/s 17.5s<32.2s[K                 Class     Images  Instances      Box(P          R      mAP50  mAP50-95): 35% ━━━━──────── 1751/5000 101.2it/s 17.6s<32.1s[K                 Class     Images  Instances      Box(P          R      mAP50  mAP50-95): 35% ━━━━──────── 1761/5000 100.3it/s 17.7s<32.3s[K                 Class     Images  Instances      Box(P          R      mAP50  mAP50-95): 35% ━━━━──────── 1771/5000 100.2it/s 17.8s<32.2s[K                 Class     Images  Instances      Box(P          R      mAP50  mAP50-95): 35% ━━━━──────── 1781/5000 99.2it/s 17.9s<32.5s[K                 Class     Images  Instances      Box(P          R      mAP50  mAP50-95): 35% ━━━━──────── 1792/5000 100.2it/s 18.0s<32.0s[K                 Class     Images  Instances      Box(P          R      mAP50  mAP50-95): 36% ━━━━──────── 1803/5000 100.3it/s 18.1s<31.9s[K                 Class     Images  Instances      Box(P          R      mAP50  mAP50-95): 36% ━━━━──────── 1813/5000 99.7it/s 18.2s<32.0s[K                 Class     Images  Instances      Box(P          R      mAP50  mAP50-95): 36% ━━━━──────── 1823/5000 99.3it/s 18.3s<32.0s[K                 Class     Images  Instances      Box(P          R      mAP50  mAP50-95): 36% ━━━━──────── 1833/5000 99.3it/s 18.4s<31.9s[K                 Class     Images  Instances      Box(P          R      mAP50  mAP50-95): 36% ━━━━──────── 1844/5000 99.6it/s 18.5s<31.7s[K                 Class     Images  Instances      Box(P          R      mAP50  mAP50-95): 37% ━━━━──────── 1854/5000 99.4it/s 18.6s<31.6s[K                 Class     Images  Instances      Box(P          R      mAP50  mAP50-95): 37% ━━━━──────── 1864/5000 99.2it/s 18.7s<31.6s[K                 Class     Images  Instances      Box(P          R      mAP50  mAP50-95): 37% ━━━━──────── 1874/5000 99.2it/s 18.8s<31.5s[K                 Class     Images  Instances      Box(P          R      mAP50  mAP50-95): 37% ━━━━╸─────── 1884/5000 99.3it/s 18.9s<31.4s[K                 Class     Images  Instances      Box(P          R      mAP50  mAP50-95): 37% ━━━━╸─────── 1894/5000 99.2it/s 19.0s<31.3s[K                 Class     Images  Instances      Box(P          R      mAP50  mAP50-95): 38% ━━━━╸─────── 1904/5000 98.5it/s 19.1s<31.4s[K                 Class     Images  Instances      Box(P          R      mAP50  mAP50-95): 38% ━━━━╸─────── 1915/5000 99.2it/s 19.2s<31.1s[K                 Class     Images  Instances      Box(P          R      mAP50  mAP50-95): 38% ━━━━╸─────── 1925/5000 99.4it/s 19.3s<30.9s[K                 Class     Images  Instances      Box(P          R      mAP50  mAP50-95): 38% ━━━━╸─────── 1936/5000 99.7it/s 19.5s<30.7s[K                 Class     Images  Instances      Box(P          R      mAP50  mAP50-95): 38% ━━━━╸─────── 1946/5000 99.6it/s 19.6s<30.7s[K                 Class     Images  Instances      Box(P          R      mAP50  mAP50-95): 38% ━━━━╸─────── 1948/5000 72.3it/s 19.8s<42.2s[K                 Class     Images  Instances      Box(P          R      mAP50  mAP50-95): 39% ━━━━╸─────── 1958/5000 79.5it/s 19.9s<38.3s[K                 Class     Images  Instances      Box(P          R      mAP50  mAP50-95): 39% ━━━━╸─────── 1969/5000 86.0it/s 20.0s<35.2s[K                 Class     Images  Instances      Box(P          R      mAP50  mAP50-95): 39% ━━━━╸─────── 1979/5000 90.1it/s 20.1s<33.5s[K                 Class     Images  Instances      Box(P          R      mAP50  mAP50-95): 39% ━━━━╸─────── 1990/5000 93.9it/s 20.2s<32.0s[K                 Class     Images  Instances      Box(P          R      mAP50  mAP50-95): 40% ━━━━╸─────── 2001/5000 96.6it/s 20.3s<31.1s[K                 Class     Images  Instances      Box(P          R      mAP50  mAP50-95): 40% ━━━━╸─────── 2012/5000 98.1it/s 20.4s<30.5s[K                 Class     Images  Instances      Box(P          R      mAP50  mAP50-95): 40% ━━━━╸─────── 2023/5000 99.4it/s 20.5s<29.9s[K                 Class     Images  Instances      Box(P          R      mAP50  mAP50-95): 40% ━━━━╸─────── 2034/5000 100.5it/s 20.6s<29.5s[K                 Class     Images  Instances      Box(P          R      mAP50  mAP50-95): 40% ━━━━╸─────── 2044/5000 100.0it/s 20.7s<29.6s[K                 Class     Images  Instances      Box(P          R      mAP50  mAP50-95): 41% ━━━━╸─────── 2055/5000 100.6it/s 20.8s<29.3s[K                 Class     Images  Instances      Box(P          R      mAP50  mAP50-95): 41% ━━━━╸─────── 2066/5000 101.3it/s 21.0s<29.0s[K                 Class     Images  Instances      Box(P          R      mAP50  mAP50-95): 41% ━━━━╸─────── 2077/5000 102.0it/s 21.1s<28.7s[K                 Class     Images  Instances      Box(P          R      mAP50  mAP50-95): 41% ━━━━━─────── 2087/5000 101.4it/s 21.2s<28.7s[K                 Class     Images  Instances      Box(P          R      mAP50  mAP50-95): 41% ━━━━━─────── 2097/5000 100.6it/s 21.3s<28.9s[K                 Class     Images  Instances      Box(P          R      mAP50  mAP50-95): 42% ━━━━━─────── 2108/5000 100.5it/s 21.4s<28.8s[K                 Class     Images  Instances      Box(P          R      mAP50  mAP50-95): 42% ━━━━━─────── 2118/5000 99.7it/s 21.5s<28.9s[K                 Class     Images  Instances      Box(P          R      mAP50  mAP50-95): 42% ━━━━━─────── 2129/5000 100.3it/s 21.6s<28.6s[K                 Class     Images  Instances      Box(P          R      mAP50  mAP50-95): 42% ━━━━━─────── 2139/5000 100.1it/s 21.7s<28.6s[K                 Class     Images  Instances      Box(P          R      mAP50  mAP50-95): 43% ━━━━━─────── 2150/5000 99.9it/s 21.8s<28.5s[K                 Class     Images  Instances      Box(P          R      mAP50  mAP50-95): 43% ━━━━━─────── 2161/5000 99.8it/s 21.9s<28.4s[K                 Class     Images  Instances      Box(P          R      mAP50  mAP50-95): 43% ━━━━━─────── 2172/5000 100.5it/s 22.0s<28.1s[K                 Class     Images  Instances      Box(P          R      mAP50  mAP50-95): 43% ━━━━━─────── 2182/5000 100.3it/s 22.1s<28.1s[K                 Class     Images  Instances      Box(P          R      mAP50  mAP50-95): 43% ━━━━━─────── 2193/5000 100.5it/s 22.2s<27.9s[K                 Class     Images  Instances      Box(P          R      mAP50  mAP50-95): 44% ━━━━━─────── 2203/5000 99.8it/s 22.3s<28.0s[K                 Class     Images  Instances      Box(P          R      mAP50  mAP50-95): 44% ━━━━━─────── 2213/5000 99.5it/s 22.4s<28.0s[K                 Class     Images  Instances      Box(P          R      mAP50  mAP50-95): 44% ━━━━━─────── 2224/5000 100.0it/s 22.5s<27.8s[K                 Class     Images  Instances      Box(P          R      mAP50  mAP50-95): 44% ━━━━━─────── 2235/5000 100.3it/s 22.6s<27.6s[K                 Class     Images  Instances      Box(P          R      mAP50  mAP50-95): 44% ━━━━━─────── 2245/5000 99.9it/s 22.7s<27.6s[K                 Class     Images  Instances      Box(P          R      mAP50  mAP50-95): 45% ━━━━━─────── 2256/5000 100.2it/s 22.9s<27.4s[K                 Class     Images  Instances      Box(P          R      mAP50  mAP50-95): 45% ━━━━━─────── 2267/5000 100.4it/s 23.0s<27.2s[K                 Class     Images  Instances      Box(P          R      mAP50  mAP50-95): 45% ━━━━━─────── 2277/5000 100.1it/s 23.1s<27.2s[K                 Class     Images  Instances      Box(P          R      mAP50  mAP50-95): 45% ━━━━━─────── 2288/5000 100.4it/s 23.2s<27.0s[K                 Class     Images  Instances      Box(P          R      mAP50  mAP50-95): 45% ━━━━━╸────── 2299/5000 100.4it/s 23.3s<26.9s[K                 Class     Images  Instances      Box(P          R      mAP50  mAP50-95): 46% ━━━━━╸────── 2309/5000 99.9it/s 23.4s<26.9s[K                 Class     Images  Instances      Box(P          R      mAP50  mAP50-95): 46% ━━━━━╸────── 2320/5000 99.6it/s 23.5s<26.9s[K                 Class     Images  Instances      Box(P          R      mAP50  mAP50-95): 46% ━━━━━╸────── 2331/5000 100.6it/s 23.6s<26.5s[K                 Class     Images  Instances      Box(P          R      mAP50  mAP50-95): 46% ━━━━━╸────── 2342/5000 100.9it/s 23.7s<26.3s[K                 Class     Images  Instances      Box(P          R      mAP50  mAP50-95): 47% ━━━━━╸────── 2352/5000 100.2it/s 23.8s<26.4s[K                 Class     Images  Instances      Box(P          R      mAP50  mAP50-95): 47% ━━━━━╸────── 2362/5000 99.4it/s 23.9s<26.5s[K                 Class     Images  Instances      Box(P          R      mAP50  mAP50-95): 47% ━━━━━╸────── 2372/5000 99.1it/s 24.0s<26.5s[K                 Class     Images  Instances      Box(P          R      mAP50  mAP50-95): 47% ━━━━━╸────── 2382/5000 98.9it/s 24.1s<26.5s[K                 Class     Images  Instances      Box(P          R      mAP50  mAP50-95): 47% ━━━━━╸────── 2392/5000 98.9it/s 24.2s<26.4s[K                 Class     Images  Instances      Box(P          R      mAP50  mAP50-95): 48% ━━━━━╸────── 2402/5000 99.1it/s 24.3s<26.2s[K                 Class     Images  Instances      Box(P          R      mAP50  mAP50-95): 48% ━━━━━╸────── 2412/5000 98.6it/s 24.4s<26.2s[K                 Class     Images  Instances      Box(P          R      mAP50  mAP50-95): 48% ━━━━━╸────── 2422/5000 98.4it/s 24.5s<26.2s[K                 Class     Images  Instances      Box(P          R      mAP50  mAP50-95): 48% ━━━━━╸────── 2432/5000 98.6it/s 24.6s<26.0s[K                 Class     Images  Instances      Box(P          R      mAP50  mAP50-95): 48% ━━━━━╸────── 2443/5000 99.3it/s 24.7s<25.8s[K                 Class     Images  Instances      Box(P          R      mAP50  mAP50-95): 49% ━━━━━╸────── 2453/5000 99.5it/s 24.8s<25.6s[K                 Class     Images  Instances      Box(P          R      mAP50  mAP50-95): 49% ━━━━━╸────── 2463/5000 99.3it/s 24.9s<25.6s[K                 Class     Images  Instances      Box(P          R      mAP50  mAP50-95): 49% ━━━━━╸────── 2473/5000 99.2it/s 25.0s<25.5s[K                 Class     Images  Instances      Box(P          R      mAP50  mAP50-95): 49% ━━━━━╸────── 2483/5000 99.3it/s 25.1s<25.3s[K                 Class     Images  Instances      Box(P          R      mAP50  mAP50-95): 49% ━━━━━╸────── 2493/5000 99.2it/s 25.2s<25.3s[K                 Class     Images  Instances      Box(P          R      mAP50  mAP50-95): 50% ━━━━━━────── 2504/5000 99.6it/s 25.3s<25.1s[K                 Class     Images  Instances      Box(P          R      mAP50  mAP50-95): 50% ━━━━━━────── 2514/5000 99.0it/s 25.4s<25.1s[K                 Class     Images  Instances      Box(P          R      mAP50  mAP50-95): 50% ━━━━━━────── 2524/5000 98.9it/s 25.5s<25.0s[K                 Class     Images  Instances      Box(P          R      mAP50  mAP50-95): 50% ━━━━━━────── 2535/5000 99.6it/s 25.7s<24.8s[K                 Class     Images  Instances      Box(P          R      mAP50  mAP50-95): 50% ━━━━━━────── 2545/5000 99.3it/s 25.8s<24.7s[K                 Class     Images  Instances      Box(P          R      mAP50  mAP50-95): 51% ━━━━━━────── 2555/5000 98.2it/s 25.9s<24.9s[K                 Class     Images  Instances      Box(P          R      mAP50  mAP50-95): 51% ━━━━━━────── 2565/5000 98.3it/s 26.0s<24.8s[K                 Class     Images  Instances      Box(P          R      mAP50  mAP50-95): 51% ━━━━━━────── 2575/5000 98.0it/s 26.1s<24.7s[K                 Class     Images  Instances      Box(P          R      mAP50  mAP50-95): 51% ━━━━━━────── 2585/5000 97.6it/s 26.2s<24.8s[K                 Class     Images  Instances      Box(P          R      mAP50  mAP50-95): 51% ━━━━━━────── 2595/5000 97.8it/s 26.3s<24.6s[K                 Class     Images  Instances      Box(P          R      mAP50  mAP50-95): 52% ━━━━━━────── 2605/5000 98.0it/s 26.4s<24.4s[K                 Class     Images  Instances      Box(P          R      mAP50  mAP50-95): 52% ━━━━━━────── 2616/5000 98.9it/s 26.5s<24.1s[K                 Class     Images  Instances      Box(P          R      mAP50  mAP50-95): 52% ━━━━━━────── 2626/5000 98.9it/s 26.6s<24.0s[K                 Class     Images  Instances      Box(P          R      mAP50  mAP50-95): 52% ━━━━━━────── 2636/5000 98.8it/s 26.7s<23.9s[K                 Class     Images  Instances      Box(P          R      mAP50  mAP50-95): 52% ━━━━━━────── 2647/5000 99.7it/s 26.8s<23.6s[K                 Class     Images  Instances      Box(P          R      mAP50  mAP50-95): 53% ━━━━━━────── 2658/5000 100.2it/s 26.9s<23.4s[K                 Class     Images  Instances      Box(P          R      mAP50  mAP50-95): 53% ━━━━━━────── 2669/5000 100.9it/s 27.0s<23.1s[K                 Class     Images  Instances      Box(P          R      mAP50  mAP50-95): 53% ━━━━━━────── 2679/5000 100.5it/s 27.1s<23.1s[K                 Class     Images  Instances      Box(P          R      mAP50  mAP50-95): 53% ━━━━━━────── 2690/5000 101.1it/s 27.2s<22.8s[K                 Class     Images  Instances      Box(P          R      mAP50  mAP50-95): 54% ━━━━━━────── 2701/5000 101.2it/s 27.3s<22.7s[K                 Class     Images  Instances      Box(P          R      mAP50  mAP50-95): 54% ━━━━━━╸───── 2712/5000 101.4it/s 27.4s<22.6s[K                 Class     Images  Instances      Box(P          R      mAP50  mAP50-95): 54% ━━━━━━╸───── 2723/5000 101.7it/s 27.5s<22.4s[K                 Class     Images  Instances      Box(P          R      mAP50  mAP50-95): 54% ━━━━━━╸───── 2734/5000 101.5it/s 27.6s<22.3s[K                 Class     Images  Instances      Box(P          R      mAP50  mAP50-95): 54% ━━━━━━╸───── 2745/5000 101.2it/s 27.8s<22.3s[K                 Class     Images  Instances      Box(P          R      mAP50  mAP50-95): 55% ━━━━━━╸───── 2756/5000 101.0it/s 27.9s<22.2s[K                 Class     Images  Instances      Box(P          R      mAP50  mAP50-95): 55% ━━━━━━╸───── 2766/5000 100.6it/s 28.0s<22.2s[K                 Class     Images  Instances      Box(P          R      mAP50  mAP50-95): 55% ━━━━━━╸───── 2777/5000 101.2it/s 28.1s<22.0s[K                 Class     Images  Instances      Box(P          R      mAP50  mAP50-95): 55% ━━━━━━╸───── 2787/5000 100.2it/s 28.2s<22.1s[K                 Class     Images  Instances      Box(P          R      mAP50  mAP50-95): 55% ━━━━━━╸───── 2797/5000 100.0it/s 28.3s<22.0s[K                 Class     Images  Instances      Box(P          R      mAP50  mAP50-95): 56% ━━━━━━╸───── 2808/5000 100.2it/s 28.4s<21.9s[K                 Class     Images  Instances      Box(P          R      mAP50  mAP50-95): 56% ━━━━━━╸───── 2818/5000 99.9it/s 28.5s<21.9s[K                 Class     Images  Instances      Box(P          R      mAP50  mAP50-95): 56% ━━━━━━╸───── 2828/5000 99.7it/s 28.6s<21.8s[K                 Class     Images  Instances      Box(P          R      mAP50  mAP50-95): 56% ━━━━━━╸───── 2839/5000 99.9it/s 28.7s<21.6s[K                 Class     Images  Instances      Box(P          R      mAP50  mAP50-95): 56% ━━━━━━╸───── 2849/5000 99.9it/s 28.8s<21.5s[K                 Class     Images  Instances      Box(P          R      mAP50  mAP50-95): 57% ━━━━━━╸───── 2860/5000 100.2it/s 28.9s<21.4s[K                 Class     Images  Instances      Box(P          R      mAP50  mAP50-95): 57% ━━━━━━╸───── 2870/5000 99.8it/s 29.0s<21.3s[K                 Class     Images  Instances      Box(P          R      mAP50  mAP50-95): 57% ━━━━━━╸───── 2881/5000 100.3it/s 29.1s<21.1s[K                 Class     Images  Instances      Box(P          R      mAP50  mAP50-95): 57% ━━━━━━╸───── 2891/5000 99.8it/s 29.2s<21.1s[K                 Class     Images  Instances      Box(P          R      mAP50  mAP50-95): 58% ━━━━━━╸───── 2902/5000 99.6it/s 29.3s<21.1s[K                 Class     Images  Instances      Box(P          R      mAP50  mAP50-95): 58% ━━━━━━╸───── 2912/5000 99.6it/s 29.4s<21.0s[K                 Class     Images  Instances      Box(P          R      mAP50  mAP50-95): 58% ━━━━━━━───── 2923/5000 99.8it/s 29.5s<20.8s[K                 Class     Images  Instances      Box(P          R      mAP50  mAP50-95): 58% ━━━━━━━───── 2933/5000 99.8it/s 29.6s<20.7s[K                 Class     Images  Instances      Box(P          R      mAP50  mAP50-95): 58% ━━━━━━━───── 2944/5000 100.0it/s 29.7s<20.6s[K                 Class     Images  Instances      Box(P          R      mAP50  mAP50-95): 59% ━━━━━━━───── 2955/5000 100.1it/s 29.9s<20.4s[K                 Class     Images  Instances      Box(P          R      mAP50  mAP50-95): 59% ━━━━━━━───── 2966/5000 100.3it/s 30.0s<20.3s[K                 Class     Images  Instances      Box(P          R      mAP50  mAP50-95): 59% ━━━━━━━───── 2977/5000 101.3it/s 30.1s<20.0s[K                 Class     Images  Instances      Box(P          R      mAP50  mAP50-95): 59% ━━━━━━━───── 2987/5000 100.8it/s 30.2s<20.0s[K                 Class     Images  Instances      Box(P          R      mAP50  mAP50-95): 59% ━━━━━━━───── 2998/5000 100.8it/s 30.3s<19.9s[K                 Class     Images  Instances      Box(P          R      mAP50  mAP50-95): 60% ━━━━━━━───── 3009/5000 100.9it/s 30.4s<19.7s[K                 Class     Images  Instances      Box(P          R      mAP50  mAP50-95): 60% ━━━━━━━───── 3020/5000 101.1it/s 30.5s<19.6s[K                 Class     Images  Instances      Box(P          R      mAP50  mAP50-95): 60% ━━━━━━━───── 3030/5000 100.6it/s 30.6s<19.6s[K                 Class     Images  Instances      Box(P          R      mAP50  mAP50-95): 60% ━━━━━━━───── 3041/5000 100.4it/s 30.7s<19.5s[K                 Class     Images  Instances      Box(P          R      mAP50  mAP50-95): 61% ━━━━━━━───── 3052/5000 100.9it/s 30.8s<19.3s[K                 Class     Images  Instances      Box(P          R      mAP50  mAP50-95): 61% ━━━━━━━───── 3063/5000 100.7it/s 30.9s<19.2s[K                 Class     Images  Instances      Box(P          R      mAP50  mAP50-95): 61% ━━━━━━━───── 3074/5000 100.6it/s 31.0s<19.1s[K                 Class     Images  Instances      Box(P          R      mAP50  mAP50-95): 61% ━━━━━━━───── 3084/5000 99.9it/s 31.1s<19.2s[K                 Class     Images  Instances      Box(P          R      mAP50  mAP50-95): 61% ━━━━━━━───── 3095/5000 100.5it/s 31.2s<19.0s[K                 Class     Images  Instances      Box(P          R      mAP50  mAP50-95): 62% ━━━━━━━───── 3105/5000 99.9it/s 31.3s<19.0s[K                 Class     Images  Instances      Box(P          R      mAP50  mAP50-95): 62% ━━━━━━━───── 3116/5000 100.1it/s 31.5s<18.8s[K                 Class     Images  Instances      Box(P          R      mAP50  mAP50-95): 62% ━━━━━━━╸──── 3127/5000 100.3it/s 31.6s<18.7s[K                 Class     Images  Instances      Box(P          R      mAP50  mAP50-95): 62% ━━━━━━━╸──── 3137/5000 100.1it/s 31.7s<18.6s[K                 Class     Images  Instances      Box(P          R      mAP50  mAP50-95): 62% ━━━━━━━╸──── 3148/5000 100.1it/s 31.8s<18.5s[K                 Class     Images  Instances      Box(P          R      mAP50  mAP50-95): 63% ━━━━━━━╸──── 3159/5000 100.7it/s 31.9s<18.3s[K                 Class     Images  Instances      Box(P          R      mAP50  mAP50-95): 63% ━━━━━━━╸──── 3170/5000 101.0it/s 32.0s<18.1s[K                 Class     Images  Instances      Box(P          R      mAP50  mAP50-95): 63% ━━━━━━━╸──── 3180/5000 100.3it/s 32.1s<18.1s[K                 Class     Images  Instances      Box(P          R      mAP50  mAP50-95): 63% ━━━━━━━╸──── 3191/5000 100.5it/s 32.2s<18.0s[K                 Class     Images  Instances      Box(P          R      mAP50  mAP50-95): 64% ━━━━━━━╸──── 3202/5000 100.8it/s 32.3s<17.8s[K                 Class     Images  Instances      Box(P          R      mAP50  mAP50-95): 64% ━━━━━━━╸──── 3212/5000 100.2it/s 32.4s<17.8s[K                 Class     Images  Instances      Box(P          R      mAP50  mAP50-95): 64% ━━━━━━━╸──── 3223/5000 100.6it/s 32.5s<17.7s[K                 Class     Images  Instances      Box(P          R      mAP50  mAP50-95): 64% ━━━━━━━╸──── 3234/5000 101.2it/s 32.6s<17.5s[K                 Class     Images  Instances      Box(P          R      mAP50  mAP50-95): 64% ━━━━━━━╸──── 3245/5000 101.7it/s 32.7s<17.3s[K                 Class     Images  Instances      Box(P          R      mAP50  mAP50-95): 65% ━━━━━━━╸──── 3255/5000 100.9it/s 32.8s<17.3s[K                 Class     Images  Instances      Box(P          R      mAP50  mAP50-95): 65% ━━━━━━━╸──── 3265/5000 100.3it/s 32.9s<17.3s[K                 Class     Images  Instances      Box(P          R      mAP50  mAP50-95): 65% ━━━━━━━╸──── 3276/5000 100.7it/s 33.0s<17.1s[K                 Class     Images  Instances      Box(P          R      mAP50  mAP50-95): 65% ━━━━━━━╸──── 3287/5000 99.6it/s 33.2s<17.2s[K                 Class     Images  Instances      Box(P          R      mAP50  mAP50-95): 65% ━━━━━━━╸──── 3296/5000 96.3it/s 33.3s<17.7s[K                 Class     Images  Instances      Box(P          R      mAP50  mAP50-95): 65% ━━━━━━━╸──── 3297/5000 68.2it/s 33.7s<25.0s[K                 Class     Images  Instances      Box(P          R      mAP50  mAP50-95): 66% ━━━━━━━╸──── 3304/5000 67.0it/s 33.8s<25.3s[K                 Class     Images  Instances      Box(P          R      mAP50  mAP50-95): 66% ━━━━━━━╸──── 3313/5000 73.4it/s 33.9s<23.0s[K                 Class     Images  Instances      Box(P          R      mAP50  mAP50-95): 66% ━━━━━━━╸──── 3325/5000 86.9it/s 34.0s<19.3s[K                 Class     Images  Instances      Box(P          R      mAP50  mAP50-95): 66% ━━━━━━━━──── 3336/5000 91.8it/s 34.1s<18.1s[K                 Class     Images  Instances      Box(P          R      mAP50  mAP50-95): 66% ━━━━━━━━──── 3346/5000 94.1it/s 34.2s<17.6s[K                 Class     Images  Instances      Box(P          R      mAP50  mAP50-95): 67% ━━━━━━━━──── 3356/5000 95.8it/s 34.3s<17.2s[K                 Class     Images  Instances      Box(P          R      mAP50  mAP50-95): 67% ━━━━━━━━──── 3366/5000 96.7it/s 34.4s<16.9s[K                 Class     Images  Instances      Box(P          R      mAP50  mAP50-95): 67% ━━━━━━━━──── 3377/5000 98.0it/s 34.5s<16.6s[K                 Class     Images  Instances      Box(P          R      mAP50  mAP50-95): 67% ━━━━━━━━──── 3388/5000 99.0it/s 34.6s<16.3s[K                 Class     Images  Instances      Box(P          R      mAP50  mAP50-95): 67% ━━━━━━━━──── 3399/5000 99.7it/s 34.7s<16.1s[K                 Class     Images  Instances      Box(P          R      mAP50  mAP50-95): 68% ━━━━━━━━──── 3409/5000 98.9it/s 34.8s<16.1s[K                 Class     Images  Instances      Box(P          R      mAP50  mAP50-95): 68% ━━━━━━━━──── 3419/5000 98.9it/s 34.9s<16.0s[K                 Class     Images  Instances      Box(P          R      mAP50  mAP50-95): 68% ━━━━━━━━──── 3430/5000 99.2it/s 35.0s<15.8s[K                 Class     Images  Instances      Box(P          R      mAP50  mAP50-95): 68% ━━━━━━━━──── 3437/5000 88.1it/s 35.1s<17.8s[K                 Class     Images  Instances      Box(P          R      mAP50  mAP50-95): 68% ━━━━━━━━──── 3447/5000 91.5it/s 35.2s<17.0s[K                 Class     Images  Instances      Box(P          R      mAP50  mAP50-95): 69% ━━━━━━━━──── 3458/5000 94.2it/s 35.3s<16.4s[K                 Class     Images  Instances      Box(P          R      mAP50  mAP50-95): 69% ━━━━━━━━──── 3469/5000 96.8it/s 35.4s<15.8s[K                 Class     Images  Instances      Box(P          R      mAP50  mAP50-95): 69% ━━━━━━━━──── 3479/5000 97.5it/s 35.5s<15.6s[K                 Class     Images  Instances      Box(P          R      mAP50  mAP50-95): 69% ━━━━━━━━──── 3490/5000 98.9it/s 35.7s<15.3s[K                 Class     Images  Instances      Box(P          R      mAP50  mAP50-95): 70% ━━━━━━━━──── 3500/5000 99.2it/s 35.8s<15.1s[K                 Class     Images  Instances      Box(P          R      mAP50  mAP50-95): 70% ━━━━━━━━──── 3510/5000 99.1it/s 35.9s<15.0s[K                 Class     Images  Instances      Box(P          R      mAP50  mAP50-95): 70% ━━━━━━━━──── 3521/5000 99.6it/s 36.0s<14.9s[K                 Class     Images  Instances      Box(P          R      mAP50  mAP50-95): 70% ━━━━━━━━──── 3532/5000 100.1it/s 36.1s<14.7s[K                 Class     Images  Instances      Box(P          R      mAP50  mAP50-95): 70% ━━━━━━━━╸─── 3543/5000 100.3it/s 36.2s<14.5s[K                 Class     Images  Instances      Box(P          R      mAP50  mAP50-95): 71% ━━━━━━━━╸─── 3553/5000 99.9it/s 36.3s<14.5s[K                 Class     Images  Instances      Box(P          R      mAP50  mAP50-95): 71% ━━━━━━━━╸─── 3564/5000 100.1it/s 36.4s<14.3s[K                 Class     Images  Instances      Box(P          R      mAP50  mAP50-95): 71% ━━━━━━━━╸─── 3574/5000 99.8it/s 36.5s<14.3s[K                 Class     Images  Instances      Box(P          R      mAP50  mAP50-95): 71% ━━━━━━━━╸─── 3585/5000 100.2it/s 36.6s<14.1s[K                 Class     Images  Instances      Box(P          R      mAP50  mAP50-95): 71% ━━━━━━━━╸─── 3595/5000 100.0it/s 36.7s<14.1s[K                 Class     Images  Instances      Box(P          R      mAP50  mAP50-95): 72% ━━━━━━━━╸─── 3605/5000 99.5it/s 36.8s<14.0s[K                 Class     Images  Instances      Box(P          R      mAP50  mAP50-95): 72% ━━━━━━━━╸─── 3616/5000 99.8it/s 36.9s<13.9s[K                 Class     Images  Instances      Box(P          R      mAP50  mAP50-95): 72% ━━━━━━━━╸─── 3627/5000 99.9it/s 37.0s<13.7s[K                 Class     Images  Instances      Box(P          R      mAP50  mAP50-95): 72% ━━━━━━━━╸─── 3638/5000 100.1it/s 37.1s<13.6s[K                 Class     Images  Instances      Box(P          R      mAP50  mAP50-95): 72% ━━━━━━━━╸─── 3648/5000 100.0it/s 37.2s<13.5s[K                 Class     Images  Instances      Box(P          R      mAP50  mAP50-95): 73% ━━━━━━━━╸─── 3659/5000 100.3it/s 37.3s<13.4s[K                 Class     Images  Instances      Box(P          R      mAP50  mAP50-95): 73% ━━━━━━━━╸─── 3669/5000 100.1it/s 37.4s<13.3s[K                 Class     Images  Instances      Box(P          R      mAP50  mAP50-95): 73% ━━━━━━━━╸─── 3680/5000 100.2it/s 37.6s<13.2s[K                 Class     Images  Instances      Box(P          R      mAP50  mAP50-95): 73% ━━━━━━━━╸─── 3690/5000 99.9it/s 37.7s<13.1s[K                 Class     Images  Instances      Box(P          R      mAP50  mAP50-95): 74% ━━━━━━━━╸─── 3700/5000 99.7it/s 37.8s<13.0s[K                 Class     Images  Instances      Box(P          R      mAP50  mAP50-95): 74% ━━━━━━━━╸─── 3710/5000 99.6it/s 37.9s<13.0s[K                 Class     Images  Instances      Box(P          R      mAP50  mAP50-95): 74% ━━━━━━━━╸─── 3721/5000 99.9it/s 38.0s<12.8s[K                 Class     Images  Instances      Box(P          R      mAP50  mAP50-95): 74% ━━━━━━━━╸─── 3731/5000 99.8it/s 38.1s<12.7s[K                 Class     Images  Instances      Box(P          R      mAP50  mAP50-95): 74% ━━━━━━━━╸─── 3742/5000 99.9it/s 38.2s<12.6s[K                 Class     Images  Instances      Box(P          R      mAP50  mAP50-95): 75% ━━━━━━━━━─── 3752/5000 97.9it/s 38.3s<12.7s[K                 Class     Images  Instances      Box(P          R      mAP50  mAP50-95): 75% ━━━━━━━━━─── 3762/5000 98.5it/s 38.4s<12.6s[K                 Class     Images  Instances      Box(P          R      mAP50  mAP50-95): 75% ━━━━━━━━━─── 3773/5000 98.9it/s 38.5s<12.4s[K                 Class     Images  Instances      Box(P          R      mAP50  mAP50-95): 75% ━━━━━━━━━─── 3783/5000 98.3it/s 38.6s<12.4s[K                 Class     Images  Instances      Box(P          R      mAP50  mAP50-95): 75% ━━━━━━━━━─── 3793/5000 98.1it/s 38.7s<12.3s[K                 Class     Images  Instances      Box(P          R      mAP50  mAP50-95): 76% ━━━━━━━━━─── 3804/5000 99.4it/s 38.8s<12.0s[K                 Class     Images  Instances      Box(P          R      mAP50  mAP50-95): 76% ━━━━━━━━━─── 3815/5000 100.0it/s 38.9s<11.8s[K                 Class     Images  Instances      Box(P          R      mAP50  mAP50-95): 76% ━━━━━━━━━─── 3826/5000 100.4it/s 39.0s<11.7s[K                 Class     Images  Instances      Box(P          R      mAP50  mAP50-95): 76% ━━━━━━━━━─── 3837/5000 100.4it/s 39.1s<11.6s[K                 Class     Images  Instances      Box(P          R      mAP50  mAP50-95): 76% ━━━━━━━━━─── 3848/5000 100.6it/s 39.2s<11.5s[K                 Class     Images  Instances      Box(P          R      mAP50  mAP50-95): 77% ━━━━━━━━━─── 3859/5000 101.0it/s 39.3s<11.3s[K                 Class     Images  Instances      Box(P          R      mAP50  mAP50-95): 77% ━━━━━━━━━─── 3870/5000 101.2it/s 39.5s<11.2s[K                 Class     Images  Instances      Box(P          R      mAP50  mAP50-95): 77% ━━━━━━━━━─── 3880/5000 100.7it/s 39.6s<11.1s[K                 Class     Images  Instances      Box(P          R      mAP50  mAP50-95): 77% ━━━━━━━━━─── 3891/5000 101.0it/s 39.7s<11.0s[K                 Class     Images  Instances      Box(P          R      mAP50  mAP50-95): 78% ━━━━━━━━━─── 3902/5000 100.9it/s 39.8s<10.9s[K                 Class     Images  Instances      Box(P          R      mAP50  mAP50-95): 78% ━━━━━━━━━─── 3912/5000 100.5it/s 39.9s<10.8s[K                 Class     Images  Instances      Box(P          R      mAP50  mAP50-95): 78% ━━━━━━━━━─── 3923/5000 100.4it/s 40.0s<10.7s[K                 Class     Images  Instances      Box(P          R      mAP50  mAP50-95): 78% ━━━━━━━━━─── 3934/5000 100.4it/s 40.1s<10.6s[K                 Class     Images  Instances      Box(P          R      mAP50  mAP50-95): 78% ━━━━━━━━━─── 3944/5000 100.0it/s 40.2s<10.6s[K                 Class     Images  Instances      Box(P          R      mAP50  mAP50-95): 79% ━━━━━━━━━─── 3954/5000 99.9it/s 40.3s<10.5s[K                 Class     Images  Instances      Box(P          R      mAP50  mAP50-95): 79% ━━━━━━━━━╸── 3965/5000 100.8it/s 40.4s<10.3s[K                 Class     Images  Instances      Box(P          R      mAP50  mAP50-95): 79% ━━━━━━━━━╸── 3975/5000 100.3it/s 40.5s<10.2s[K                 Class     Images  Instances      Box(P          R      mAP50  mAP50-95): 79% ━━━━━━━━━╸── 3986/5000 100.4it/s 40.6s<10.1s[K                 Class     Images  Instances      Box(P          R      mAP50  mAP50-95): 79% ━━━━━━━━━╸── 3997/5000 100.5it/s 40.7s<10.0s[K                 Class     Images  Instances      Box(P          R      mAP50  mAP50-95): 80% ━━━━━━━━━╸── 4007/5000 99.5it/s 40.8s<10.0s[K                 Class     Images  Instances      Box(P          R      mAP50  mAP50-95): 80% ━━━━━━━━━╸── 4017/5000 99.4it/s 40.9s<9.9s[K                 Class     Images  Instances      Box(P          R      mAP50  mAP50-95): 80% ━━━━━━━━━╸── 4028/5000 99.9it/s 41.0s<9.7s[K                 Class     Images  Instances      Box(P          R      mAP50  mAP50-95): 80% ━━━━━━━━━╸── 4038/5000 99.3it/s 41.1s<9.7s[K                 Class     Images  Instances      Box(P          R      mAP50  mAP50-95): 80% ━━━━━━━━━╸── 4049/5000 100.1it/s 41.2s<9.5s[K                 Class     Images  Instances      Box(P          R      mAP50  mAP50-95): 81% ━━━━━━━━━╸── 4059/5000 99.6it/s 41.3s<9.5s[K                 Class     Images  Instances      Box(P          R      mAP50  mAP50-95): 81% ━━━━━━━━━╸── 4070/5000 99.5it/s 41.5s<9.3s[K                 Class     Images  Instances      Box(P          R      mAP50  mAP50-95): 81% ━━━━━━━━━╸── 4080/5000 98.8it/s 41.6s<9.3s[K                 Class     Images  Instances      Box(P          R      mAP50  mAP50-95): 81% ━━━━━━━━━╸── 4090/5000 98.8it/s 41.7s<9.2s[K                 Class     Images  Instances      Box(P          R      mAP50  mAP50-95): 82% ━━━━━━━━━╸── 4100/5000 98.9it/s 41.8s<9.1s[K                 Class     Images  Instances      Box(P          R      mAP50  mAP50-95): 82% ━━━━━━━━━╸── 4111/5000 99.3it/s 41.9s<9.0s[K                 Class     Images  Instances      Box(P          R      mAP50  mAP50-95): 82% ━━━━━━━━━╸── 4121/5000 99.4it/s 42.0s<8.8s[K                 Class     Images  Instances      Box(P          R      mAP50  mAP50-95): 82% ━━━━━━━━━╸── 4132/5000 100.1it/s 42.1s<8.7s[K                 Class     Images  Instances      Box(P          R      mAP50  mAP50-95): 82% ━━━━━━━━━╸── 4143/5000 100.9it/s 42.2s<8.5s[K                 Class     Images  Instances      Box(P          R      mAP50  mAP50-95): 83% ━━━━━━━━━╸── 4154/5000 100.7it/s 42.3s<8.4s[K                 Class     Images  Instances      Box(P          R      mAP50  mAP50-95): 83% ━━━━━━━━━╸── 4164/5000 100.3it/s 42.4s<8.3s[K                 Class     Images  Instances      Box(P          R      mAP50  mAP50-95): 83% ━━━━━━━━━━── 4175/5000 100.8it/s 42.5s<8.2s[K                 Class     Images  Instances      Box(P          R      mAP50  mAP50-95): 83% ━━━━━━━━━━── 4186/5000 100.9it/s 42.6s<8.1s[K                 Class     Images  Instances      Box(P          R      mAP50  mAP50-95): 83% ━━━━━━━━━━── 4196/5000 100.1it/s 42.7s<8.0s[K                 Class     Images  Instances      Box(P          R      mAP50  mAP50-95): 84% ━━━━━━━━━━── 4207/5000 100.2it/s 42.8s<7.9s[K                 Class     Images  Instances      Box(P          R      mAP50  mAP50-95): 84% ━━━━━━━━━━── 4218/5000 100.5it/s 42.9s<7.8s[K                 Class     Images  Instances      Box(P          R      mAP50  mAP50-95): 84% ━━━━━━━━━━── 4229/5000 100.6it/s 43.0s<7.7s[K                 Class     Images  Instances      Box(P          R      mAP50  mAP50-95): 84% ━━━━━━━━━━── 4239/5000 100.0it/s 43.1s<7.6s[K                 Class     Images  Instances      Box(P          R      mAP50  mAP50-95): 85% ━━━━━━━━━━── 4250/5000 100.1it/s 43.3s<7.5s[K                 Class     Images  Instances      Box(P          R      mAP50  mAP50-95): 85% ━━━━━━━━━━── 4260/5000 99.8it/s 43.4s<7.4s[K                 Class     Images  Instances      Box(P          R      mAP50  mAP50-95): 85% ━━━━━━━━━━── 4270/5000 99.6it/s 43.5s<7.3s[K                 Class     Images  Instances      Box(P          R      mAP50  mAP50-95): 85% ━━━━━━━━━━── 4281/5000 100.1it/s 43.6s<7.2s[K                 Class     Images  Instances      Box(P          R      mAP50  mAP50-95): 85% ━━━━━━━━━━── 4291/5000 99.8it/s 43.7s<7.1s[K                 Class     Images  Instances      Box(P          R      mAP50  mAP50-95): 86% ━━━━━━━━━━── 4302/5000 100.2it/s 43.8s<7.0s[K                 Class     Images  Instances      Box(P          R      mAP50  mAP50-95): 86% ━━━━━━━━━━── 4313/5000 100.2it/s 43.9s<6.9s[K                 Class     Images  Instances      Box(P          R      mAP50  mAP50-95): 86% ━━━━━━━━━━── 4324/5000 100.2it/s 44.0s<6.7s[K                 Class     Images  Instances      Box(P          R      mAP50  mAP50-95): 86% ━━━━━━━━━━── 4335/5000 100.6it/s 44.1s<6.6s[K                 Class     Images  Instances      Box(P          R      mAP50  mAP50-95): 86% ━━━━━━━━━━── 4346/5000 101.0it/s 44.2s<6.5s[K                 Class     Images  Instances      Box(P          R      mAP50  mAP50-95): 87% ━━━━━━━━━━── 4356/5000 100.5it/s 44.3s<6.4s[K                 Class     Images  Instances      Box(P          R      mAP50  mAP50-95): 87% ━━━━━━━━━━── 4367/5000 100.3it/s 44.4s<6.3s[K                 Class     Images  Instances      Box(P          R      mAP50  mAP50-95): 87% ━━━━━━━━━━╸─ 4377/5000 99.6it/s 44.5s<6.3s[K                 Class     Images  Instances      Box(P          R      mAP50  mAP50-95): 87% ━━━━━━━━━━╸─ 4387/5000 99.5it/s 44.6s<6.2s[K                 Class     Images  Instances      Box(P          R      mAP50  mAP50-95): 87% ━━━━━━━━━━╸─ 4398/5000 99.9it/s 44.7s<6.0s[K                 Class     Images  Instances      Box(P          R      mAP50  mAP50-95): 88% ━━━━━━━━━━╸─ 4409/5000 99.9it/s 44.8s<5.9s[K                 Class     Images  Instances      Box(P          R      mAP50  mAP50-95): 88% ━━━━━━━━━━╸─ 4420/5000 100.0it/s 45.0s<5.8s[K                 Class     Images  Instances      Box(P          R      mAP50  mAP50-95): 88% ━━━━━━━━━━╸─ 4430/5000 100.0it/s 45.1s<5.7s[K                 Class     Images  Instances      Box(P          R      mAP50  mAP50-95): 88% ━━━━━━━━━━╸─ 4441/5000 100.4it/s 45.2s<5.6s[K                 Class     Images  Instances      Box(P          R      mAP50  mAP50-95): 89% ━━━━━━━━━━╸─ 4451/5000 99.7it/s 45.3s<5.5s[K                 Class     Images  Instances      Box(P          R      mAP50  mAP50-95): 89% ━━━━━━━━━━╸─ 4461/5000 99.7it/s 45.4s<5.4s[K                 Class     Images  Instances      Box(P          R      mAP50  mAP50-95): 89% ━━━━━━━━━━╸─ 4471/5000 99.5it/s 45.5s<5.3s[K                 Class     Images  Instances      Box(P          R      mAP50  mAP50-95): 89% ━━━━━━━━━━╸─ 4482/5000 99.8it/s 45.6s<5.2s[K                 Class     Images  Instances      Box(P          R      mAP50  mAP50-95): 89% ━━━━━━━━━━╸─ 4492/5000 99.0it/s 45.7s<5.1s[K                 Class     Images  Instances      Box(P          R      mAP50  mAP50-95): 90% ━━━━━━━━━━╸─ 4503/5000 99.4it/s 45.8s<5.0s[K                 Class     Images  Instances      Box(P          R      mAP50  mAP50-95): 90% ━━━━━━━━━━╸─ 4514/5000 100.1it/s 45.9s<4.9s[K                 Class     Images  Instances      Box(P          R      mAP50  mAP50-95): 90% ━━━━━━━━━━╸─ 4524/5000 100.0it/s 46.0s<4.8s[K                 Class     Images  Instances      Box(P          R      mAP50  mAP50-95): 90% ━━━━━━━━━━╸─ 4535/5000 100.2it/s 46.1s<4.6s[K                 Class     Images  Instances      Box(P          R      mAP50  mAP50-95): 90% ━━━━━━━━━━╸─ 4545/5000 100.1it/s 46.2s<4.5s[K                 Class     Images  Instances      Box(P          R      mAP50  mAP50-95): 91% ━━━━━━━━━━╸─ 4555/5000 99.9it/s 46.3s<4.5s[K                 Class     Images  Instances      Box(P          R      mAP50  mAP50-95): 91% ━━━━━━━━━━╸─ 4566/5000 100.0it/s 46.4s<4.3s[K                 Class     Images  Instances      Box(P          R      mAP50  mAP50-95): 91% ━━━━━━━━━━╸─ 4576/5000 99.9it/s 46.5s<4.2s[K                 Class     Images  Instances      Box(P          R      mAP50  mAP50-95): 91% ━━━━━━━━━━━─ 4586/5000 99.4it/s 46.6s<4.2s[K                 Class     Images  Instances      Box(P          R      mAP50  mAP50-95): 91% ━━━━━━━━━━━─ 4597/5000 100.0it/s 46.7s<4.0s[K                 Class     Images  Instances      Box(P          R      mAP50  mAP50-95): 92% ━━━━━━━━━━━─ 4608/5000 100.1it/s 46.8s<3.9s[K                 Class     Images  Instances      Box(P          R      mAP50  mAP50-95): 92% ━━━━━━━━━━━─ 4619/5000 100.1it/s 46.9s<3.8s[K                 Class     Images  Instances      Box(P          R      mAP50  mAP50-95): 92% ━━━━━━━━━━━─ 4630/5000 100.6it/s 47.1s<3.7s[K                 Class     Images  Instances      Box(P          R      mAP50  mAP50-95): 92% ━━━━━━━━━━━─ 4640/5000 99.9it/s 47.2s<3.6s[K                 Class     Images  Instances      Box(P          R      mAP50  mAP50-95): 93% ━━━━━━━━━━━─ 4650/5000 99.4it/s 47.3s<3.5s[K                 Class     Images  Instances      Box(P          R      mAP50  mAP50-95): 93% ━━━━━━━━━━━─ 4660/5000 99.1it/s 47.4s<3.4s[K                 Class     Images  Instances      Box(P          R      mAP50  mAP50-95): 93% ━━━━━━━━━━━─ 4670/5000 99.2it/s 47.5s<3.3s[K                 Class     Images  Instances      Box(P          R      mAP50  mAP50-95): 93% ━━━━━━━━━━━─ 4680/5000 98.8it/s 47.6s<3.2s[K                 Class     Images  Instances      Box(P          R      mAP50  mAP50-95): 93% ━━━━━━━━━━━─ 4690/5000 98.5it/s 47.7s<3.1s[K                 Class     Images  Instances      Box(P          R      mAP50  mAP50-95): 94% ━━━━━━━━━━━─ 4700/5000 98.5it/s 47.8s<3.0s[K                 Class     Images  Instances      Box(P          R      mAP50  mAP50-95): 94% ━━━━━━━━━━━─ 4710/5000 98.6it/s 47.9s<2.9s[K                 Class     Images  Instances      Box(P          R      mAP50  mAP50-95): 94% ━━━━━━━━━━━─ 4720/5000 98.2it/s 48.0s<2.9s[K                 Class     Images  Instances      Box(P          R      mAP50  mAP50-95): 94% ━━━━━━━━━━━─ 4730/5000 98.2it/s 48.1s<2.7s[K                 Class     Images  Instances      Box(P          R      mAP50  mAP50-95): 94% ━━━━━━━━━━━─ 4741/5000 98.7it/s 48.2s<2.6s[K                 Class     Images  Instances      Box(P          R      mAP50  mAP50-95): 95% ━━━━━━━━━━━─ 4751/5000 98.2it/s 48.3s<2.5s[K                 Class     Images  Instances      Box(P          R      mAP50  mAP50-95): 95% ━━━━━━━━━━━─ 4761/5000 98.2it/s 48.4s<2.4s[K                 Class     Images  Instances      Box(P          R      mAP50  mAP50-95): 95% ━━━━━━━━━━━─ 4771/5000 98.0it/s 48.5s<2.3s[K                 Class     Images  Instances      Box(P          R      mAP50  mAP50-95): 95% ━━━━━━━━━━━─ 4782/5000 99.7it/s 48.6s<2.2s[K                 Class     Images  Instances      Box(P          R      mAP50  mAP50-95): 95% ━━━━━━━━━━━╸ 4793/5000 100.5it/s 48.7s<2.1s[K                 Class     Images  Instances      Box(P          R      mAP50  mAP50-95): 96% ━━━━━━━━━━━╸ 4803/5000 100.2it/s 48.8s<2.0s[K                 Class     Images  Instances      Box(P          R      mAP50  mAP50-95): 96% ━━━━━━━━━━━╸ 4814/5000 100.7it/s 48.9s<1.8s[K                 Class     Images  Instances      Box(P          R      mAP50  mAP50-95): 96% ━━━━━━━━━━━╸ 4825/5000 100.5it/s 49.0s<1.7s[K                 Class     Images  Instances      Box(P          R      mAP50  mAP50-95): 96% ━━━━━━━━━━━╸ 4836/5000 100.6it/s 49.1s<1.6s[K                 Class     Images  Instances      Box(P          R      mAP50  mAP50-95): 96% ━━━━━━━━━━━╸ 4847/5000 100.5it/s 49.2s<1.5s[K                 Class     Images  Instances      Box(P          R      mAP50  mAP50-95): 97% ━━━━━━━━━━━╸ 4857/5000 100.3it/s 49.3s<1.4s[K                 Class     Images  Instances      Box(P          R      mAP50  mAP50-95): 97% ━━━━━━━━━━━╸ 4868/5000 100.3it/s 49.4s<1.3s[K                 Class     Images  Instances      Box(P          R      mAP50  mAP50-95): 97% ━━━━━━━━━━━╸ 4879/5000 100.4it/s 49.6s<1.2s[K                 Class     Images  Instances      Box(P          R      mAP50  mAP50-95): 97% ━━━━━━━━━━━╸ 4890/5000 100.3it/s 49.7s<1.1s[K                 Class     Images  Instances      Box(P          R      mAP50  mAP50-95): 98% ━━━━━━━━━━━╸ 4901/5000 100.6it/s 49.8s<1.0s[K                 Class     Images  Instances      Box(P          R      mAP50  mAP50-95): 98% ━━━━━━━━━━━╸ 4912/5000 100.5it/s 49.9s<0.9s[K                 Class     Images  Instances      Box(P          R      mAP50  mAP50-95): 98% ━━━━━━━━━━━╸ 4923/5000 100.2it/s 50.0s<0.8s[K                 Class     Images  Instances      Box(P          R      mAP50  mAP50-95): 98% ━━━━━━━━━━━╸ 4933/5000 100.1it/s 50.1s<0.7s[K                 Class     Images  Instances      Box(P          R      mAP50  mAP50-95): 98% ━━━━━━━━━━━╸ 4944/5000 100.3it/s 50.2s<0.6s[K                 Class     Images  Instances      Box(P          R      mAP50  mAP50-95): 99% ━━━━━━━━━━━╸ 4955/5000 101.0it/s 50.3s<0.4s[K                 Class     Images  Instances      Box(P          R      mAP50  mAP50-95): 99% ━━━━━━━━━━━╸ 4966/5000 101.2it/s 50.4s<0.3s[K                 Class     Images  Instances      Box(P          R      mAP50  mAP50-95): 99% ━━━━━━━━━━━╸ 4977/5000 101.1it/s 50.5s<0.2s[K                 Class     Images  Instances      Box(P          R      mAP50  mAP50-95): 99% ━━━━━━━━━━━╸ 4987/5000 100.7it/s 50.6s<0.1s[K                 Class     Images  Instances      Box(P          R      mAP50  mAP50-95): 99% ━━━━━━━━━━━╸ 4998/5000 100.8it/s 50.7s<0.0s[K                 Class     Images  Instances      Box(P          R      mAP50  mAP50-95): 100% ━━━━━━━━━━━━ 5000/5000 98.5it/s 50.8s
                   all       5000      36335      0.716      0.641      0.683      0.509
Speed: 0.8ms preprocess, 5.5ms inference, 0.0ms loss, 0.9ms postprocess per image
[int8-qdq model] 6.346ms  mAP50 0.6832  mAP50-95 0.5095  size 99.3MB
