/usr/local/lib/python3.11/dist-packages/torch/cuda/__init__.py:58: FutureWarning: The pynvml package is deprecated. Please install nvidia-ml-py instead. If you did not install pynvml directly, please report this to the maintainers of the package that installed pynvml for you.
  import pynvml  # type: ignore[import]
[repair] legacy attrs filled: {'progressive_sparsity': 3, '_training_step': 3, 'warmup_steps': 3, 'expert_dropout_rate': 3, 'dropout_interval': 3, 'detach_routing': 3, 'last_routing_snapshot': 3, '_moe_nonfinite_events': 3, '_current_top_k': 3, 'routing.capacity_factor': 3}
[repair] add_residual forced False on 3 blocks; property shadows stripped 1; ES_MOE dense=False
[repair] attached moe_loss_fn to model.5 (E=4)
[repair] attached moe_loss_fn to model.8 (E=8)
[repair] attached moe_loss_fn to model.11 (E=16)
[mtq] base config: INT8_SMOOTHQUANT
[mtq] sensitive set 'default': ('*model.0.*', '*model.1.*', '*routing*', '*router*', '*dfl*')
[calib] 1024 train images from /data/datasets/coco/images/train2017
Inserted 961 quantizers
Smoothed 0 modules
[mtq] calibrated in 57s, 372 active quantizers, 0 uncalibrated->disabled
model.0.conv.input_quantizer                                                     TensorQuantizer(disabled)
model.0.conv.output_quantizer                                                    TensorQuantizer(disabled)
model.0.conv.weight_quantizer                                                    TensorQuantizer(disabled)
model.0.bn.input_quantizer                                                       TensorQuantizer(disabled)
model.0.bn.output_quantizer                                                      TensorQuantizer(disabled)
model.1.conv.input_quantizer                                                     TensorQuantizer(disabled)
model.1.conv.output_quantizer                                                    TensorQuantizer(disabled)
model.1.conv.weight_quantizer                                                    TensorQuantizer(disabled)
model.1.bn.input_quantizer                                                       TensorQuantizer(disabled)
model.1.bn.output_quantizer                                                      TensorQuantizer(disabled)
model.2.cv1.conv.input_quantizer                                                 TensorQuantizer(8 bit fake per-tensor amax=118.2004 calibrator=MaxCalibrator quant)
model.2.cv1.conv.output_quantizer                                                TensorQuantizer(disabled)
model.2.cv1.conv.weight_quantizer                                                TensorQuantizer(8 bit fake axis=0 amax=[0.0374, 0.1923](128) calibrator=MaxCalibrator quant)
model.2.cv1.bn.input_quantizer                                                   TensorQuantizer(disabled)
model.2.cv1.bn.output_quantizer                                                  TensorQuantizer(disabled)
model.2.cv2.conv.input_quantizer                                                 TensorQuantizer(8 bit fake per-tensor amax=44.3225 calibrator=MaxCalibrator quant)
model.2.cv2.conv.output_quantizer                                                TensorQuantizer(disabled)
model.2.cv2.conv.weight_quantizer                                                TensorQuantizer(8 bit fake axis=0 amax=[0.0258, 0.1337](256) calibrator=MaxCalibrator quant)
model.2.cv2.bn.input_quantizer                                                   TensorQuantizer(disabled)
model.2.cv2.bn.output_quantizer                                                  TensorQuantizer(disabled)
model.2.m.0.cv1.conv.input_quantizer                                             TensorQuantizer(8 bit fake per-tensor amax=44.3225 calibrator=MaxCalibrator quant)
model.2.m.0.cv1.conv.output_quantizer                                            TensorQuantizer(disabled)
model.2.m.0.cv1.conv.weight_quantizer                                            TensorQuantizer(8 bit fake axis=0 amax=[0.0418, 0.1924](32) calibrator=MaxCalibrator quant)
model.2.m.0.cv1.bn.input_quantizer                                               TensorQuantizer(disabled)
model.2.m.0.cv1.bn.output_quantizer                                              TensorQuantizer(disabled)
model.2.m.0.cv2.conv.input_quantizer                                             TensorQuantizer(8 bit fake per-tensor amax=44.3225 calibrator=MaxCalibrator quant)
model.2.m.0.cv2.conv.output_quantizer                                            TensorQuantizer(disabled)
model.2.m.0.cv2.conv.weight_quantizer                                            TensorQuantizer(8 bit fake axis=0 amax=[0.0352, 0.0965](32) calibrator=MaxCalibrator quant)
model.2.m.0.cv2.bn.input_quantizer                                               TensorQuantizer(disabled)
model.2.m.0.cv2.bn.output_quantizer                                              TensorQuantizer(disabled)
model.2.m.0.cv3.conv.input_quantizer                                             TensorQuantizer(8 bit fake per-tensor amax=13.4953 calibrator=MaxCalibrator quant)
model.2.m.0.cv3.conv.output_quantizer                                            TensorQuantizer(disabled)
model.2.m.0.cv3.conv.weight_quantizer                                            TensorQuantizer(8 bit fake axis=0 amax=[0.0348, 0.1350](64) calibrator=MaxCalibrator quant)
model.2.m.0.cv3.bn.input_quantizer                                               TensorQuantizer(disabled)
model.2.m.0.cv3.bn.output_quantizer                                              TensorQuantizer(disabled)
model.2.m.0.m.0.cv1.conv.input_quantizer                                         TensorQuantizer(8 bit fake per-tensor amax=6.1515 calibrator=MaxCalibrator quant)
model.2.m.0.m.0.cv1.conv.output_quantizer                                        TensorQuantizer(disabled)
model.2.m.0.m.0.cv1.conv.weight_quantizer                                        TensorQuantizer(8 bit fake axis=0 amax=[0.0489, 0.1724](32) calibrator=MaxCalibrator quant)
model.2.m.0.m.0.cv1.bn.input_quantizer                                           TensorQuantizer(disabled)
model.2.m.0.m.0.cv1.bn.output_quantizer                                          TensorQuantizer(disabled)
model.2.m.0.m.0.cv2.conv.input_quantizer                                         TensorQuantizer(8 bit fake per-tensor amax=17.8399 calibrator=MaxCalibrator quant)
model.2.m.0.m.0.cv2.conv.output_quantizer                                        TensorQuantizer(disabled)
model.2.m.0.m.0.cv2.conv.weight_quantizer                                        TensorQuantizer(8 bit fake axis=0 amax=[0.0389, 0.1270](32) calibrator=MaxCalibrator quant)
model.2.m.0.m.0.cv2.bn.input_quantizer                                           TensorQuantizer(disabled)
model.2.m.0.m.0.cv2.bn.output_quantizer                                          TensorQuantizer(disabled)
model.2.m.0.m.1.cv1.conv.input_quantizer                                         TensorQuantizer(8 bit fake per-tensor amax=7.9605 calibrator=MaxCalibrator quant)
model.2.m.0.m.1.cv1.conv.output_quantizer                                        TensorQuantizer(disabled)
model.2.m.0.m.1.cv1.conv.weight_quantizer                                        TensorQuantizer(8 bit fake axis=0 amax=[0.0383, 0.1194](32) calibrator=MaxCalibrator quant)
model.2.m.0.m.1.cv1.bn.input_quantizer                                           TensorQuantizer(disabled)
model.2.m.0.m.1.cv1.bn.output_quantizer                                          TensorQuantizer(disabled)
model.2.m.0.m.1.cv2.conv.input_quantizer                                         TensorQuantizer(8 bit fake per-tensor amax=7.3657 calibrator=MaxCalibrator quant)
model.2.m.0.m.1.cv2.conv.output_quantizer                                        TensorQuantizer(disabled)
model.2.m.0.m.1.cv2.conv.weight_quantizer                                        TensorQuantizer(8 bit fake axis=0 amax=[0.0224, 0.0792](32) calibrator=MaxCalibrator quant)
model.2.m.0.m.1.cv2.bn.input_quantizer                                           TensorQuantizer(disabled)
model.2.m.0.m.1.cv2.bn.output_quantizer                                          TensorQuantizer(disabled)
model.3.conv.input_quantizer                                                     TensorQuantizer(8 bit fake per-tensor amax=13.4800 calibrator=MaxCalibrator quant)
model.3.conv.output_quantizer                                                    TensorQuantizer(disabled)
model.3.conv.weight_quantizer                                                    TensorQuantizer(8 bit fake axis=0 amax=[0.0163, 0.0716](256) calibrator=MaxCalibrator quant)
model.3.bn.input_quantizer                                                       TensorQuantizer(disabled)
model.3.bn.output_quantizer                                                      TensorQuantizer(disabled)
model.4.cv1.conv.input_quantizer                                                 TensorQuantizer(8 bit fake per-tensor amax=10.0501 calibrator=MaxCalibrator quant)
model.4.cv1.conv.output_quantizer                                                TensorQuantizer(disabled)
model.4.cv1.conv.weight_quantizer                                                TensorQuantizer(8 bit fake axis=0 amax=[0.0243, 0.1323](256) calibrator=MaxCalibrator quant)
model.4.cv1.bn.input_quantizer                                                   TensorQuantizer(disabled)
model.4.cv1.bn.output_quantizer                                                  TensorQuantizer(disabled)
model.4.cv2.conv.input_quantizer                                                 TensorQuantizer(8 bit fake per-tensor amax=94.3806 calibrator=MaxCalibrator quant)
model.4.cv2.conv.output_quantizer                                                TensorQuantizer(disabled)
model.4.cv2.conv.weight_quantizer                                                TensorQuantizer(8 bit fake axis=0 amax=[0.0166, 0.1109](512) calibrator=MaxCalibrator quant)
model.4.cv2.bn.input_quantizer                                                   TensorQuantizer(disabled)
model.4.cv2.bn.output_quantizer                                                  TensorQuantizer(disabled)
model.4.m.0.cv1.conv.input_quantizer                                             TensorQuantizer(8 bit fake per-tensor amax=11.7353 calibrator=MaxCalibrator quant)
model.4.m.0.cv1.conv.output_quantizer                                            TensorQuantizer(disabled)
model.4.m.0.cv1.conv.weight_quantizer                                            TensorQuantizer(8 bit fake axis=0 amax=[0.0284, 0.0939](64) calibrator=MaxCalibrator quant)
model.4.m.0.cv1.bn.input_quantizer                                               TensorQuantizer(disabled)
model.4.m.0.cv1.bn.output_quantizer                                              TensorQuantizer(disabled)
model.4.m.0.cv2.conv.input_quantizer                                             TensorQuantizer(8 bit fake per-tensor amax=11.7353 calibrator=MaxCalibrator quant)
model.4.m.0.cv2.conv.output_quantizer                                            TensorQuantizer(disabled)
model.4.m.0.cv2.conv.weight_quantizer                                            TensorQuantizer(8 bit fake axis=0 amax=[0.0145, 0.1027](64) calibrator=MaxCalibrator quant)
model.4.m.0.cv2.bn.input_quantizer                                               TensorQuantizer(disabled)
model.4.m.0.cv2.bn.output_quantizer                                              TensorQuantizer(disabled)
model.4.m.0.cv3.conv.input_quantizer                                             TensorQuantizer(8 bit fake per-tensor amax=49.6906 calibrator=MaxCalibrator quant)
model.4.m.0.cv3.conv.output_quantizer                                            TensorQuantizer(disabled)
model.4.m.0.cv3.conv.weight_quantizer                                            TensorQuantizer(8 bit fake axis=0 amax=[0.0250, 0.0956](128) calibrator=MaxCalibrator quant)
model.4.m.0.cv3.bn.input_quantizer                                               TensorQuantizer(disabled)
model.4.m.0.cv3.bn.output_quantizer                                              TensorQuantizer(disabled)
model.4.m.0.m.0.cv1.conv.input_quantizer                                         TensorQuantizer(8 bit fake per-tensor amax=5.3205 calibrator=MaxCalibrator quant)
model.4.m.0.m.0.cv1.conv.output_quantizer                                        TensorQuantizer(disabled)
model.4.m.0.m.0.cv1.conv.weight_quantizer                                        TensorQuantizer(8 bit fake axis=0 amax=[0.0267, 0.0745](64) calibrator=MaxCalibrator quant)
model.4.m.0.m.0.cv1.bn.input_quantizer                                           TensorQuantizer(disabled)
model.4.m.0.m.0.cv1.bn.output_quantizer                                          TensorQuantizer(disabled)
model.4.m.0.m.0.cv2.conv.input_quantizer                                         TensorQuantizer(8 bit fake per-tensor amax=9.2232 calibrator=MaxCalibrator quant)
model.4.m.0.m.0.cv2.conv.output_quantizer                                        TensorQuantizer(disabled)
model.4.m.0.m.0.cv2.conv.weight_quantizer                                        TensorQuantizer(8 bit fake axis=0 amax=[0.0237, 0.0712](64) calibrator=MaxCalibrator quant)
model.4.m.0.m.0.cv2.bn.input_quantizer                                           TensorQuantizer(disabled)
model.4.m.0.m.0.cv2.bn.output_quantizer                                          TensorQuantizer(disabled)
model.4.m.0.m.1.cv1.conv.input_quantizer                                         TensorQuantizer(8 bit fake per-tensor amax=8.4554 calibrator=MaxCalibrator quant)
model.4.m.0.m.1.cv1.conv.output_quantizer                                        TensorQuantizer(disabled)
model.4.m.0.m.1.cv1.conv.weight_quantizer                                        TensorQuantizer(8 bit fake axis=0 amax=[0.0234, 0.0643](64) calibrator=MaxCalibrator quant)
model.4.m.0.m.1.cv1.bn.input_quantizer                                           TensorQuantizer(disabled)
model.4.m.0.m.1.cv1.bn.output_quantizer                                          TensorQuantizer(disabled)
model.4.m.0.m.1.cv2.conv.input_quantizer                                         TensorQuantizer(8 bit fake per-tensor amax=13.3175 calibrator=MaxCalibrator quant)
model.4.m.0.m.1.cv2.conv.output_quantizer                                        TensorQuantizer(disabled)
model.4.m.0.m.1.cv2.conv.weight_quantizer                                        TensorQuantizer(8 bit fake axis=0 amax=[0.0243, 0.0652](64) calibrator=MaxCalibrator quant)
model.4.m.0.m.1.cv2.bn.input_quantizer                                           TensorQuantizer(disabled)
model.4.m.0.m.1.cv2.bn.output_quantizer                                          TensorQuantizer(disabled)
model.5.routing.router.0.input_quantizer                                         TensorQuantizer(disabled)
model.5.routing.router.0.output_quantizer                                        TensorQuantizer(disabled)
model.5.routing.router.0.weight_quantizer                                        TensorQuantizer(disabled)
model.5.routing.router.1.input_quantizer                                         TensorQuantizer(disabled)
model.5.routing.router.1.output_quantizer                                        TensorQuantizer(disabled)
model.5.routing.router.3.input_quantizer                                         TensorQuantizer(disabled)
model.5.routing.router.3.output_quantizer                                        TensorQuantizer(disabled)
model.5.routing.router.3.weight_quantizer                                        TensorQuantizer(disabled)
model.5.routing.router.4.input_quantizer                                         TensorQuantizer(disabled)
model.5.routing.router.4.output_quantizer                                        TensorQuantizer(disabled)
model.5.experts.0.conv.0.input_quantizer                                         TensorQuantizer(8 bit fake per-tensor amax=89.7424 calibrator=MaxCalibrator quant)
model.5.experts.0.conv.0.output_quantizer                                        TensorQuantizer(disabled)
model.5.experts.0.conv.0.weight_quantizer                                        TensorQuantizer(8 bit fake axis=0 amax=[0.0085, 0.0619](1024) calibrator=MaxCalibrator quant)
model.5.experts.0.conv.1.input_quantizer                                         TensorQuantizer(disabled)
model.5.experts.0.conv.1.output_quantizer                                        TensorQuantizer(disabled)
model.5.experts.0.conv.3.input_quantizer                                         TensorQuantizer(8 bit fake per-tensor amax=46.7767 calibrator=MaxCalibrator quant)
model.5.experts.0.conv.3.output_quantizer                                        TensorQuantizer(disabled)
model.5.experts.0.conv.3.weight_quantizer                                        TensorQuantizer(8 bit fake axis=0 amax=[0.0051, 0.0371](512) calibrator=MaxCalibrator quant)
model.5.experts.0.conv.4.input_quantizer                                         TensorQuantizer(disabled)
model.5.experts.0.conv.4.output_quantizer                                        TensorQuantizer(disabled)
model.5.experts.1.conv.0.input_quantizer                                         TensorQuantizer(8 bit fake per-tensor amax=89.7424 calibrator=MaxCalibrator quant)
model.5.experts.1.conv.0.output_quantizer                                        TensorQuantizer(disabled)
model.5.experts.1.conv.0.weight_quantizer                                        TensorQuantizer(8 bit fake axis=0 amax=[0.0023, 0.0391](1024) calibrator=MaxCalibrator quant)
model.5.experts.1.conv.1.input_quantizer                                         TensorQuantizer(disabled)
model.5.experts.1.conv.1.output_quantizer                                        TensorQuantizer(disabled)
model.5.experts.1.conv.3.input_quantizer                                         TensorQuantizer(8 bit fake per-tensor amax=23.2404 calibrator=MaxCalibrator quant)
model.5.experts.1.conv.3.output_quantizer                                        TensorQuantizer(disabled)
model.5.experts.1.conv.3.weight_quantizer                                        TensorQuantizer(8 bit fake axis=0 amax=[0.0030, 0.0217](512) calibrator=MaxCalibrator quant)
model.5.experts.1.conv.4.input_quantizer                                         TensorQuantizer(disabled)
model.5.experts.1.conv.4.output_quantizer                                        TensorQuantizer(disabled)
model.5.experts.2.conv.0.input_quantizer                                         TensorQuantizer(8 bit fake per-tensor amax=89.7424 calibrator=MaxCalibrator quant)
model.5.experts.2.conv.0.output_quantizer                                        TensorQuantizer(disabled)
model.5.experts.2.conv.0.weight_quantizer                                        TensorQuantizer(8 bit fake axis=0 amax=[0.0000, 0.0290](1024) calibrator=MaxCalibrator quant)
model.5.experts.2.conv.1.input_quantizer                                         TensorQuantizer(disabled)
model.5.experts.2.conv.1.output_quantizer                                        TensorQuantizer(disabled)
model.5.experts.2.conv.3.input_quantizer                                         TensorQuantizer(8 bit fake per-tensor amax=14.2547 calibrator=MaxCalibrator quant)
model.5.experts.2.conv.3.output_quantizer                                        TensorQuantizer(disabled)
model.5.experts.2.conv.3.weight_quantizer                                        TensorQuantizer(8 bit fake axis=0 amax=[0.0022, 0.0174](512) calibrator=MaxCalibrator quant)
model.5.experts.2.conv.4.input_quantizer                                         TensorQuantizer(disabled)
model.5.experts.2.conv.4.output_quantizer                                        TensorQuantizer(disabled)
model.5.experts.3.conv.0.input_quantizer                                         TensorQuantizer(8 bit fake per-tensor amax=89.7424 calibrator=MaxCalibrator quant)
model.5.experts.3.conv.0.output_quantizer                                        TensorQuantizer(disabled)
model.5.experts.3.conv.0.weight_quantizer                                        TensorQuantizer(8 bit fake axis=0 amax=[0.0004, 0.0259](1024) calibrator=MaxCalibrator quant)
model.5.experts.3.conv.1.input_quantizer                                         TensorQuantizer(disabled)
model.5.experts.3.conv.1.output_quantizer                                        TensorQuantizer(disabled)
model.5.experts.3.conv.3.input_quantizer                                         TensorQuantizer(8 bit fake per-tensor amax=7.4996 calibrator=MaxCalibrator quant)
model.5.experts.3.conv.3.output_quantizer                                        TensorQuantizer(disabled)
model.5.experts.3.conv.3.weight_quantizer                                        TensorQuantizer(8 bit fake axis=0 amax=[0.0015, 0.0162](512) calibrator=MaxCalibrator quant)
model.5.experts.3.conv.4.input_quantizer                                         TensorQuantizer(disabled)
model.5.experts.3.conv.4.output_quantizer                                        TensorQuantizer(disabled)
model.5.shared_expert.0.input_quantizer                                          TensorQuantizer(8 bit fake per-tensor amax=89.7424 calibrator=MaxCalibrator quant)
model.5.shared_expert.0.output_quantizer                                         TensorQuantizer(disabled)
model.5.shared_expert.0.weight_quantizer                                         TensorQuantizer(8 bit fake axis=0 amax=[0.0123, 0.1041](512) calibrator=MaxCalibrator quant)
model.5.shared_expert.1.input_quantizer                                          TensorQuantizer(disabled)
model.5.shared_expert.1.output_quantizer                                         TensorQuantizer(disabled)
model.6.conv.input_quantizer                                                     TensorQuantizer(8 bit fake per-tensor amax=47.7111 calibrator=MaxCalibrator quant)
model.6.conv.output_quantizer                                                    TensorQuantizer(disabled)
model.6.conv.weight_quantizer                                                    TensorQuantizer(8 bit fake axis=0 amax=[0.0091, 0.0816](512) calibrator=MaxCalibrator quant)
model.6.bn.input_quantizer                                                       TensorQuantizer(disabled)
model.6.bn.output_quantizer                                                      TensorQuantizer(disabled)
model.7.cv1.conv.input_quantizer                                                 TensorQuantizer(8 bit fake per-tensor amax=41.6241 calibrator=MaxCalibrator quant)
model.7.cv1.conv.output_quantizer                                                TensorQuantizer(disabled)
model.7.cv1.conv.weight_quantizer                                                TensorQuantizer(8 bit fake axis=0 amax=[0.0207, 0.1564](256) calibrator=MaxCalibrator quant)
model.7.cv1.bn.input_quantizer                                                   TensorQuantizer(disabled)
model.7.cv1.bn.output_quantizer                                                  TensorQuantizer(disabled)
model.7.cv2.conv.input_quantizer                                                 TensorQuantizer(8 bit fake per-tensor amax=29.4789 calibrator=MaxCalibrator quant)
model.7.cv2.conv.output_quantizer                                                TensorQuantizer(disabled)
model.7.cv2.conv.weight_quantizer                                                TensorQuantizer(8 bit fake axis=0 amax=[0.0158, 0.1142](512) calibrator=MaxCalibrator quant)
model.7.cv2.bn.input_quantizer                                                   TensorQuantizer(disabled)
model.7.cv2.bn.output_quantizer                                                  TensorQuantizer(disabled)
model.7.m.0.0.attn.qkv.conv.input_quantizer                                      TensorQuantizer(8 bit fake per-tensor amax=23.6933 calibrator=MaxCalibrator quant)
model.7.m.0.0.attn.qkv.conv.output_quantizer                                     TensorQuantizer(disabled)
model.7.m.0.0.attn.qkv.conv.weight_quantizer                                     TensorQuantizer(8 bit fake axis=0 amax=[0.0043, 0.1075](768) calibrator=MaxCalibrator quant)
model.7.m.0.0.attn.qkv.bn.input_quantizer                                        TensorQuantizer(disabled)
model.7.m.0.0.attn.qkv.bn.output_quantizer                                       TensorQuantizer(disabled)
model.7.m.0.0.attn.proj.conv.input_quantizer                                     TensorQuantizer(8 bit fake per-tensor amax=10.5759 calibrator=MaxCalibrator quant)
model.7.m.0.0.attn.proj.conv.output_quantizer                                    TensorQuantizer(disabled)
model.7.m.0.0.attn.proj.conv.weight_quantizer                                    TensorQuantizer(8 bit fake axis=0 amax=[0.0128, 0.1135](256) calibrator=MaxCalibrator quant)
model.7.m.0.0.attn.proj.bn.input_quantizer                                       TensorQuantizer(disabled)
model.7.m.0.0.attn.proj.bn.output_quantizer                                      TensorQuantizer(disabled)
model.7.m.0.0.attn.pe.conv.input_quantizer                                       TensorQuantizer(8 bit fake per-tensor amax=14.9189 calibrator=MaxCalibrator quant)
model.7.m.0.0.attn.pe.conv.output_quantizer                                      TensorQuantizer(disabled)
model.7.m.0.0.attn.pe.conv.weight_quantizer                                      TensorQuantizer(8 bit fake axis=0 amax=[0.0099, 0.0972](256) calibrator=MaxCalibrator quant)
model.7.m.0.0.attn.pe.bn.input_quantizer                                         TensorQuantizer(disabled)
model.7.m.0.0.attn.pe.bn.output_quantizer                                        TensorQuantizer(disabled)
model.7.m.0.0.mlp.0.conv.input_quantizer                                         TensorQuantizer(8 bit fake per-tensor amax=24.6165 calibrator=MaxCalibrator quant)
model.7.m.0.0.mlp.0.conv.output_quantizer                                        TensorQuantizer(disabled)
model.7.m.0.0.mlp.0.conv.weight_quantizer                                        TensorQuantizer(8 bit fake axis=0 amax=[0.0110, 0.1365](512) calibrator=MaxCalibrator quant)
model.7.m.0.0.mlp.0.bn.input_quantizer                                           TensorQuantizer(disabled)
model.7.m.0.0.mlp.0.bn.output_quantizer                                          TensorQuantizer(disabled)
model.7.m.0.0.mlp.1.conv.input_quantizer                                         TensorQuantizer(8 bit fake per-tensor amax=14.0895 calibrator=MaxCalibrator quant)
model.7.m.0.0.mlp.1.conv.output_quantizer                                        TensorQuantizer(disabled)
model.7.m.0.0.mlp.1.conv.weight_quantizer                                        TensorQuantizer(8 bit fake axis=0 amax=[0.0090, 0.1086](256) calibrator=MaxCalibrator quant)
model.7.m.0.0.mlp.1.bn.input_quantizer                                           TensorQuantizer(disabled)
model.7.m.0.0.mlp.1.bn.output_quantizer                                          TensorQuantizer(disabled)
model.7.m.0.1.attn.qkv.conv.input_quantizer                                      TensorQuantizer(8 bit fake per-tensor amax=21.4407 calibrator=MaxCalibrator quant)
model.7.m.0.1.attn.qkv.conv.output_quantizer                                     TensorQuantizer(disabled)
model.7.m.0.1.attn.qkv.conv.weight_quantizer                                     TensorQuantizer(8 bit fake axis=0 amax=[0.0126, 0.0906](768) calibrator=MaxCalibrator quant)
model.7.m.0.1.attn.qkv.bn.input_quantizer                                        TensorQuantizer(disabled)
model.7.m.0.1.attn.qkv.bn.output_quantizer                                       TensorQuantizer(disabled)
model.7.m.0.1.attn.proj.conv.input_quantizer                                     TensorQuantizer(8 bit fake per-tensor amax=7.3655 calibrator=MaxCalibrator quant)
model.7.m.0.1.attn.proj.conv.output_quantizer                                    TensorQuantizer(disabled)
model.7.m.0.1.attn.proj.conv.weight_quantizer                                    TensorQuantizer(8 bit fake axis=0 amax=[0.0130, 0.0687](256) calibrator=MaxCalibrator quant)
model.7.m.0.1.attn.proj.bn.input_quantizer                                       TensorQuantizer(disabled)
model.7.m.0.1.attn.proj.bn.output_quantizer                                      TensorQuantizer(disabled)
model.7.m.0.1.attn.pe.conv.input_quantizer                                       TensorQuantizer(8 bit fake per-tensor amax=13.5451 calibrator=MaxCalibrator quant)
model.7.m.0.1.attn.pe.conv.output_quantizer                                      TensorQuantizer(disabled)
model.7.m.0.1.attn.pe.conv.weight_quantizer                                      TensorQuantizer(8 bit fake axis=0 amax=[0.0097, 0.1008](256) calibrator=MaxCalibrator quant)
model.7.m.0.1.attn.pe.bn.input_quantizer                                         TensorQuantizer(disabled)
model.7.m.0.1.attn.pe.bn.output_quantizer                                        TensorQuantizer(disabled)
model.7.m.0.1.mlp.0.conv.input_quantizer                                         TensorQuantizer(8 bit fake per-tensor amax=22.6342 calibrator=MaxCalibrator quant)
model.7.m.0.1.mlp.0.conv.output_quantizer                                        TensorQuantizer(disabled)
model.7.m.0.1.mlp.0.conv.weight_quantizer                                        TensorQuantizer(8 bit fake axis=0 amax=[0.0118, 0.0735](512) calibrator=MaxCalibrator quant)
model.7.m.0.1.mlp.0.bn.input_quantizer                                           TensorQuantizer(disabled)
model.7.m.0.1.mlp.0.bn.output_quantizer                                          TensorQuantizer(disabled)
model.7.m.0.1.mlp.1.conv.input_quantizer                                         TensorQuantizer(8 bit fake per-tensor amax=13.8597 calibrator=MaxCalibrator quant)
model.7.m.0.1.mlp.1.conv.output_quantizer                                        TensorQuantizer(disabled)
model.7.m.0.1.mlp.1.conv.weight_quantizer                                        TensorQuantizer(8 bit fake axis=0 amax=[0.0099, 0.0556](256) calibrator=MaxCalibrator quant)
model.7.m.0.1.mlp.1.bn.input_quantizer                                           TensorQuantizer(disabled)
model.7.m.0.1.mlp.1.bn.output_quantizer                                          TensorQuantizer(disabled)
model.7.m.1.0.attn.qkv.conv.input_quantizer                                      TensorQuantizer(8 bit fake per-tensor amax=24.7537 calibrator=MaxCalibrator quant)
model.7.m.1.0.attn.qkv.conv.output_quantizer                                     TensorQuantizer(disabled)
model.7.m.1.0.attn.qkv.conv.weight_quantizer                                     TensorQuantizer(8 bit fake axis=0 amax=[0.0078, 0.0648](768) calibrator=MaxCalibrator quant)
model.7.m.1.0.attn.qkv.bn.input_quantizer                                        TensorQuantizer(disabled)
model.7.m.1.0.attn.qkv.bn.output_quantizer                                       TensorQuantizer(disabled)
model.7.m.1.0.attn.proj.conv.input_quantizer                                     TensorQuantizer(8 bit fake per-tensor amax=9.0986 calibrator=MaxCalibrator quant)
model.7.m.1.0.attn.proj.conv.output_quantizer                                    TensorQuantizer(disabled)
model.7.m.1.0.attn.proj.conv.weight_quantizer                                    TensorQuantizer(8 bit fake axis=0 amax=[0.0149, 0.0764](256) calibrator=MaxCalibrator quant)
model.7.m.1.0.attn.proj.bn.input_quantizer                                       TensorQuantizer(disabled)
model.7.m.1.0.attn.proj.bn.output_quantizer                                      TensorQuantizer(disabled)
model.7.m.1.0.attn.pe.conv.input_quantizer                                       TensorQuantizer(8 bit fake per-tensor amax=18.2564 calibrator=MaxCalibrator quant)
model.7.m.1.0.attn.pe.conv.output_quantizer                                      TensorQuantizer(disabled)
model.7.m.1.0.attn.pe.conv.weight_quantizer                                      TensorQuantizer(8 bit fake axis=0 amax=[0.0116, 0.0883](256) calibrator=MaxCalibrator quant)
model.7.m.1.0.attn.pe.bn.input_quantizer                                         TensorQuantizer(disabled)
model.7.m.1.0.attn.pe.bn.output_quantizer                                        TensorQuantizer(disabled)
model.7.m.1.0.mlp.0.conv.input_quantizer                                         TensorQuantizer(8 bit fake per-tensor amax=24.0113 calibrator=MaxCalibrator quant)
model.7.m.1.0.mlp.0.conv.output_quantizer                                        TensorQuantizer(disabled)
model.7.m.1.0.mlp.0.conv.weight_quantizer                                        TensorQuantizer(8 bit fake axis=0 amax=[0.0114, 0.0676](512) calibrator=MaxCalibrator quant)
model.7.m.1.0.mlp.0.bn.input_quantizer                                           TensorQuantizer(disabled)
model.7.m.1.0.mlp.0.bn.output_quantizer                                          TensorQuantizer(disabled)
model.7.m.1.0.mlp.1.conv.input_quantizer                                         TensorQuantizer(8 bit fake per-tensor amax=10.1591 calibrator=MaxCalibrator quant)
model.7.m.1.0.mlp.1.conv.output_quantizer                                        TensorQuantizer(disabled)
model.7.m.1.0.mlp.1.conv.weight_quantizer                                        TensorQuantizer(8 bit fake axis=0 amax=[0.0114, 0.0638](256) calibrator=MaxCalibrator quant)
model.7.m.1.0.mlp.1.bn.input_quantizer                                           TensorQuantizer(disabled)
model.7.m.1.0.mlp.1.bn.output_quantizer                                          TensorQuantizer(disabled)
model.7.m.1.1.attn.qkv.conv.input_quantizer                                      TensorQuantizer(8 bit fake per-tensor amax=23.0168 calibrator=MaxCalibrator quant)
model.7.m.1.1.attn.qkv.conv.output_quantizer                                     TensorQuantizer(disabled)
model.7.m.1.1.attn.qkv.conv.weight_quantizer                                     TensorQuantizer(8 bit fake axis=0 amax=[0.0110, 0.1245](768) calibrator=MaxCalibrator quant)
model.7.m.1.1.attn.qkv.bn.input_quantizer                                        TensorQuantizer(disabled)
model.7.m.1.1.attn.qkv.bn.output_quantizer                                       TensorQuantizer(disabled)
model.7.m.1.1.attn.proj.conv.input_quantizer                                     TensorQuantizer(8 bit fake per-tensor amax=13.0019 calibrator=MaxCalibrator quant)
model.7.m.1.1.attn.proj.conv.output_quantizer                                    TensorQuantizer(disabled)
model.7.m.1.1.attn.proj.conv.weight_quantizer                                    TensorQuantizer(8 bit fake axis=0 amax=[0.0144, 0.0538](256) calibrator=MaxCalibrator quant)
model.7.m.1.1.attn.proj.bn.input_quantizer                                       TensorQuantizer(disabled)
model.7.m.1.1.attn.proj.bn.output_quantizer                                      TensorQuantizer(disabled)
model.7.m.1.1.attn.pe.conv.input_quantizer                                       TensorQuantizer(8 bit fake per-tensor amax=15.7055 calibrator=MaxCalibrator quant)
model.7.m.1.1.attn.pe.conv.output_quantizer                                      TensorQuantizer(disabled)
model.7.m.1.1.attn.pe.conv.weight_quantizer                                      TensorQuantizer(8 bit fake axis=0 amax=[0.0123, 0.0822](256) calibrator=MaxCalibrator quant)
model.7.m.1.1.attn.pe.bn.input_quantizer                                         TensorQuantizer(disabled)
model.7.m.1.1.attn.pe.bn.output_quantizer                                        TensorQuantizer(disabled)
model.7.m.1.1.mlp.0.conv.input_quantizer                                         TensorQuantizer(8 bit fake per-tensor amax=30.4949 calibrator=MaxCalibrator quant)
model.7.m.1.1.mlp.0.conv.output_quantizer                                        TensorQuantizer(disabled)
model.7.m.1.1.mlp.0.conv.weight_quantizer                                        TensorQuantizer(8 bit fake axis=0 amax=[0.0107, 0.0647](512) calibrator=MaxCalibrator quant)
model.7.m.1.1.mlp.0.bn.input_quantizer                                           TensorQuantizer(disabled)
model.7.m.1.1.mlp.0.bn.output_quantizer                                          TensorQuantizer(disabled)
model.7.m.1.1.mlp.1.conv.input_quantizer                                         TensorQuantizer(8 bit fake per-tensor amax=10.1306 calibrator=MaxCalibrator quant)
model.7.m.1.1.mlp.1.conv.output_quantizer                                        TensorQuantizer(disabled)
model.7.m.1.1.mlp.1.conv.weight_quantizer                                        TensorQuantizer(8 bit fake axis=0 amax=[0.0097, 0.0305](256) calibrator=MaxCalibrator quant)
model.7.m.1.1.mlp.1.bn.input_quantizer                                           TensorQuantizer(disabled)
model.7.m.1.1.mlp.1.bn.output_quantizer                                          TensorQuantizer(disabled)
model.8.routing.router.0.input_quantizer                                         TensorQuantizer(disabled)
model.8.routing.router.0.output_quantizer                                        TensorQuantizer(disabled)
model.8.routing.router.0.weight_quantizer                                        TensorQuantizer(disabled)
model.8.routing.router.1.input_quantizer                                         TensorQuantizer(disabled)
model.8.routing.router.1.output_quantizer                                        TensorQuantizer(disabled)
model.8.routing.router.3.input_quantizer                                         TensorQuantizer(disabled)
model.8.routing.router.3.output_quantizer                                        TensorQuantizer(disabled)
model.8.routing.router.3.weight_quantizer                                        TensorQuantizer(disabled)
model.8.routing.router.4.input_quantizer                                         TensorQuantizer(disabled)
model.8.routing.router.4.output_quantizer                                        TensorQuantizer(disabled)
model.8.experts.0.conv.0.input_quantizer                                         TensorQuantizer(8 bit fake per-tensor amax=17.0598 calibrator=MaxCalibrator quant)
model.8.experts.0.conv.0.output_quantizer                                        TensorQuantizer(disabled)
model.8.experts.0.conv.0.weight_quantizer                                        TensorQuantizer(8 bit fake axis=0 amax=[0.0000, 0.0096](1024) calibrator=MaxCalibrator quant)
model.8.experts.0.conv.1.input_quantizer                                         TensorQuantizer(disabled)
model.8.experts.0.conv.1.output_quantizer                                        TensorQuantizer(disabled)
model.8.experts.0.conv.3.input_quantizer                                         TensorQuantizer(8 bit fake per-tensor amax=4.6945 calibrator=MaxCalibrator quant)
model.8.experts.0.conv.3.output_quantizer                                        TensorQuantizer(disabled)
model.8.experts.0.conv.3.weight_quantizer                                        TensorQuantizer(8 bit fake axis=0 amax=[0.0004, 0.0069](512) calibrator=MaxCalibrator quant)
model.8.experts.0.conv.4.input_quantizer                                         TensorQuantizer(disabled)
model.8.experts.0.conv.4.output_quantizer                                        TensorQuantizer(disabled)
model.8.experts.1.conv.0.input_quantizer                                         TensorQuantizer(8 bit fake per-tensor amax=17.0598 calibrator=MaxCalibrator quant)
model.8.experts.1.conv.0.output_quantizer                                        TensorQuantizer(disabled)
model.8.experts.1.conv.0.weight_quantizer                                        TensorQuantizer(8 bit fake axis=0 amax=[0.0000, 0.0100](1024) calibrator=MaxCalibrator quant)
model.8.experts.1.conv.1.input_quantizer                                         TensorQuantizer(disabled)
model.8.experts.1.conv.1.output_quantizer                                        TensorQuantizer(disabled)
model.8.experts.1.conv.3.input_quantizer                                         TensorQuantizer(8 bit fake per-tensor amax=3.9452 calibrator=MaxCalibrator quant)
model.8.experts.1.conv.3.output_quantizer                                        TensorQuantizer(disabled)
model.8.experts.1.conv.3.weight_quantizer                                        TensorQuantizer(8 bit fake axis=0 amax=[0.0003, 0.0114](512) calibrator=MaxCalibrator quant)
model.8.experts.1.conv.4.input_quantizer                                         TensorQuantizer(disabled)
model.8.experts.1.conv.4.output_quantizer                                        TensorQuantizer(disabled)
model.8.experts.2.conv.0.input_quantizer                                         TensorQuantizer(8 bit fake per-tensor amax=17.0598 calibrator=MaxCalibrator quant)
model.8.experts.2.conv.0.output_quantizer                                        TensorQuantizer(disabled)
model.8.experts.2.conv.0.weight_quantizer                                        TensorQuantizer(8 bit fake axis=0 amax=[0.0107, 0.0493](1024) calibrator=MaxCalibrator quant)
model.8.experts.2.conv.1.input_quantizer                                         TensorQuantizer(disabled)
model.8.experts.2.conv.1.output_quantizer                                        TensorQuantizer(disabled)
model.8.experts.2.conv.3.input_quantizer                                         TensorQuantizer(8 bit fake per-tensor amax=15.2594 calibrator=MaxCalibrator quant)
model.8.experts.2.conv.3.output_quantizer                                        TensorQuantizer(disabled)
model.8.experts.2.conv.3.weight_quantizer                                        TensorQuantizer(8 bit fake axis=0 amax=[0.0028, 0.0334](512) calibrator=MaxCalibrator quant)
model.8.experts.2.conv.4.input_quantizer                                         TensorQuantizer(disabled)
model.8.experts.2.conv.4.output_quantizer                                        TensorQuantizer(disabled)
model.8.experts.3.conv.0.input_quantizer                                         TensorQuantizer(8 bit fake per-tensor amax=17.0598 calibrator=MaxCalibrator quant)
model.8.experts.3.conv.0.output_quantizer                                        TensorQuantizer(disabled)
model.8.experts.3.conv.0.weight_quantizer                                        TensorQuantizer(8 bit fake axis=0 amax=[0.0039, 0.0217](1024) calibrator=MaxCalibrator quant)
model.8.experts.3.conv.1.input_quantizer                                         TensorQuantizer(disabled)
model.8.experts.3.conv.1.output_quantizer                                        TensorQuantizer(disabled)
model.8.experts.3.conv.3.input_quantizer                                         TensorQuantizer(8 bit fake per-tensor amax=7.1607 calibrator=MaxCalibrator quant)
model.8.experts.3.conv.3.output_quantizer                                        TensorQuantizer(disabled)
model.8.experts.3.conv.3.weight_quantizer                                        TensorQuantizer(8 bit fake axis=0 amax=[0.0025, 0.0180](512) calibrator=MaxCalibrator quant)
model.8.experts.3.conv.4.input_quantizer                                         TensorQuantizer(disabled)
model.8.experts.3.conv.4.output_quantizer                                        TensorQuantizer(disabled)
model.8.experts.4.conv.0.input_quantizer                                         TensorQuantizer(8 bit fake per-tensor amax=17.0598 calibrator=MaxCalibrator quant)
model.8.experts.4.conv.0.output_quantizer                                        TensorQuantizer(disabled)
model.8.experts.4.conv.0.weight_quantizer                                        TensorQuantizer(8 bit fake axis=0 amax=[0.0001, 0.0153](1024) calibrator=MaxCalibrator quant)
model.8.experts.4.conv.1.input_quantizer                                         TensorQuantizer(disabled)
model.8.experts.4.conv.1.output_quantizer                                        TensorQuantizer(disabled)
model.8.experts.4.conv.3.input_quantizer                                         TensorQuantizer(8 bit fake per-tensor amax=3.7336 calibrator=MaxCalibrator quant)
model.8.experts.4.conv.3.output_quantizer                                        TensorQuantizer(disabled)
model.8.experts.4.conv.3.weight_quantizer                                        TensorQuantizer(8 bit fake axis=0 amax=[0.0007, 0.0148](512) calibrator=MaxCalibrator quant)
model.8.experts.4.conv.4.input_quantizer                                         TensorQuantizer(disabled)
model.8.experts.4.conv.4.output_quantizer                                        TensorQuantizer(disabled)
model.8.experts.5.conv.0.input_quantizer                                         TensorQuantizer(8 bit fake per-tensor amax=17.0598 calibrator=MaxCalibrator quant)
model.8.experts.5.conv.0.output_quantizer                                        TensorQuantizer(disabled)
model.8.experts.5.conv.0.weight_quantizer                                        TensorQuantizer(8 bit fake axis=0 amax=[0.0000, 0.0079](1024) calibrator=MaxCalibrator quant)
model.8.experts.5.conv.1.input_quantizer                                         TensorQuantizer(disabled)
model.8.experts.5.conv.1.output_quantizer                                        TensorQuantizer(disabled)
model.8.experts.5.conv.3.input_quantizer                                         TensorQuantizer(8 bit fake per-tensor amax=3.8879 calibrator=MaxCalibrator quant)
model.8.experts.5.conv.3.output_quantizer                                        TensorQuantizer(disabled)
model.8.experts.5.conv.3.weight_quantizer                                        TensorQuantizer(8 bit fake axis=0 amax=[0.0002, 0.0064](512) calibrator=MaxCalibrator quant)
model.8.experts.5.conv.4.input_quantizer                                         TensorQuantizer(disabled)
model.8.experts.5.conv.4.output_quantizer                                        TensorQuantizer(disabled)
model.8.experts.6.conv.0.input_quantizer                                         TensorQuantizer(8 bit fake per-tensor amax=17.0598 calibrator=MaxCalibrator quant)
model.8.experts.6.conv.0.output_quantizer                                        TensorQuantizer(disabled)
model.8.experts.6.conv.0.weight_quantizer                                        TensorQuantizer(8 bit fake axis=0 amax=[0.0000, 0.0129](1024) calibrator=MaxCalibrator quant)
model.8.experts.6.conv.1.input_quantizer                                         TensorQuantizer(disabled)
model.8.experts.6.conv.1.output_quantizer                                        TensorQuantizer(disabled)
model.8.experts.6.conv.3.input_quantizer                                         TensorQuantizer(8 bit fake per-tensor amax=4.9509 calibrator=MaxCalibrator quant)
model.8.experts.6.conv.3.output_quantizer                                        TensorQuantizer(disabled)
model.8.experts.6.conv.3.weight_quantizer                                        TensorQuantizer(8 bit fake axis=0 amax=[0.0003, 0.0109](512) calibrator=MaxCalibrator quant)
model.8.experts.6.conv.4.input_quantizer                                         TensorQuantizer(disabled)
model.8.experts.6.conv.4.output_quantizer                                        TensorQuantizer(disabled)
model.8.experts.7.conv.0.input_quantizer                                         TensorQuantizer(8 bit fake per-tensor amax=17.0598 calibrator=MaxCalibrator quant)
model.8.experts.7.conv.0.output_quantizer                                        TensorQuantizer(disabled)
model.8.experts.7.conv.0.weight_quantizer                                        TensorQuantizer(8 bit fake axis=0 amax=[0.0001, 0.0132](1024) calibrator=MaxCalibrator quant)
model.8.experts.7.conv.1.input_quantizer                                         TensorQuantizer(disabled)
model.8.experts.7.conv.1.output_quantizer                                        TensorQuantizer(disabled)
model.8.experts.7.conv.3.input_quantizer                                         TensorQuantizer(8 bit fake per-tensor amax=4.1119 calibrator=MaxCalibrator quant)
model.8.experts.7.conv.3.output_quantizer                                        TensorQuantizer(disabled)
model.8.experts.7.conv.3.weight_quantizer                                        TensorQuantizer(8 bit fake axis=0 amax=[0.0007, 0.0072](512) calibrator=MaxCalibrator quant)
model.8.experts.7.conv.4.input_quantizer                                         TensorQuantizer(disabled)
model.8.experts.7.conv.4.output_quantizer                                        TensorQuantizer(disabled)
model.8.shared_expert.0.input_quantizer                                          TensorQuantizer(8 bit fake per-tensor amax=17.0598 calibrator=MaxCalibrator quant)
model.8.shared_expert.0.output_quantizer                                         TensorQuantizer(disabled)
model.8.shared_expert.0.weight_quantizer                                         TensorQuantizer(8 bit fake axis=0 amax=[0.0136, 0.1637](512) calibrator=MaxCalibrator quant)
model.8.shared_expert.1.input_quantizer                                          TensorQuantizer(disabled)
model.8.shared_expert.1.output_quantizer                                         TensorQuantizer(disabled)
model.9.conv.input_quantizer                                                     TensorQuantizer(8 bit fake per-tensor amax=20.7303 calibrator=MaxCalibrator quant)
model.9.conv.output_quantizer                                                    TensorQuantizer(disabled)
model.9.conv.weight_quantizer                                                    TensorQuantizer(8 bit fake axis=0 amax=[0.0064, 0.0712](512) calibrator=MaxCalibrator quant)
model.9.bn.input_quantizer                                                       TensorQuantizer(disabled)
model.9.bn.output_quantizer                                                      TensorQuantizer(disabled)
model.10.cv1.conv.input_quantizer                                                TensorQuantizer(8 bit fake per-tensor amax=24.4394 calibrator=MaxCalibrator quant)
model.10.cv1.conv.output_quantizer                                               TensorQuantizer(disabled)
model.10.cv1.conv.weight_quantizer                                               TensorQuantizer(8 bit fake axis=0 amax=[0.0089, 0.1285](256) calibrator=MaxCalibrator quant)
model.10.cv1.bn.input_quantizer                                                  TensorQuantizer(disabled)
model.10.cv1.bn.output_quantizer                                                 TensorQuantizer(disabled)
model.10.cv2.conv.input_quantizer                                                TensorQuantizer(8 bit fake per-tensor amax=24.0269 calibrator=MaxCalibrator quant)
model.10.cv2.conv.output_quantizer                                               TensorQuantizer(disabled)
model.10.cv2.conv.weight_quantizer                                               TensorQuantizer(8 bit fake axis=0 amax=[0.0111, 0.0441](512) calibrator=MaxCalibrator quant)
model.10.cv2.bn.input_quantizer                                                  TensorQuantizer(disabled)
model.10.cv2.bn.output_quantizer                                                 TensorQuantizer(disabled)
model.10.m.0.0.attn.qkv.conv.input_quantizer                                     TensorQuantizer(8 bit fake per-tensor amax=23.0596 calibrator=MaxCalibrator quant)
model.10.m.0.0.attn.qkv.conv.output_quantizer                                    TensorQuantizer(disabled)
model.10.m.0.0.attn.qkv.conv.weight_quantizer                                    TensorQuantizer(8 bit fake axis=0 amax=[0.0031, 0.0665](768) calibrator=MaxCalibrator quant)
model.10.m.0.0.attn.qkv.bn.input_quantizer                                       TensorQuantizer(disabled)
model.10.m.0.0.attn.qkv.bn.output_quantizer                                      TensorQuantizer(disabled)
model.10.m.0.0.attn.proj.conv.input_quantizer                                    TensorQuantizer(8 bit fake per-tensor amax=10.8409 calibrator=MaxCalibrator quant)
model.10.m.0.0.attn.proj.conv.output_quantizer                                   TensorQuantizer(disabled)
model.10.m.0.0.attn.proj.conv.weight_quantizer                                   TensorQuantizer(8 bit fake axis=0 amax=[0.0083, 0.0701](256) calibrator=MaxCalibrator quant)
model.10.m.0.0.attn.proj.bn.input_quantizer                                      TensorQuantizer(disabled)
model.10.m.0.0.attn.proj.bn.output_quantizer                                     TensorQuantizer(disabled)
model.10.m.0.0.attn.pe.conv.input_quantizer                                      TensorQuantizer(8 bit fake per-tensor amax=12.8904 calibrator=MaxCalibrator quant)
model.10.m.0.0.attn.pe.conv.output_quantizer                                     TensorQuantizer(disabled)
model.10.m.0.0.attn.pe.conv.weight_quantizer                                     TensorQuantizer(8 bit fake axis=0 amax=[0.0099, 0.0748](256) calibrator=MaxCalibrator quant)
model.10.m.0.0.attn.pe.bn.input_quantizer                                        TensorQuantizer(disabled)
model.10.m.0.0.attn.pe.bn.output_quantizer                                       TensorQuantizer(disabled)
model.10.m.0.0.mlp.0.conv.input_quantizer                                        TensorQuantizer(8 bit fake per-tensor amax=22.8905 calibrator=MaxCalibrator quant)
model.10.m.0.0.mlp.0.conv.output_quantizer                                       TensorQuantizer(disabled)
model.10.m.0.0.mlp.0.conv.weight_quantizer                                       TensorQuantizer(8 bit fake axis=0 amax=[0.0018, 0.0568](512) calibrator=MaxCalibrator quant)
model.10.m.0.0.mlp.0.bn.input_quantizer                                          TensorQuantizer(disabled)
model.10.m.0.0.mlp.0.bn.output_quantizer                                         TensorQuantizer(disabled)
model.10.m.0.0.mlp.1.conv.input_quantizer                                        TensorQuantizer(8 bit fake per-tensor amax=9.4881 calibrator=MaxCalibrator quant)
model.10.m.0.0.mlp.1.conv.output_quantizer                                       TensorQuantizer(disabled)
model.10.m.0.0.mlp.1.conv.weight_quantizer                                       TensorQuantizer(8 bit fake axis=0 amax=[0.0047, 0.0430](256) calibrator=MaxCalibrator quant)
model.10.m.0.0.mlp.1.bn.input_quantizer                                          TensorQuantizer(disabled)
model.10.m.0.0.mlp.1.bn.output_quantizer                                         TensorQuantizer(disabled)
model.10.m.0.1.attn.qkv.conv.input_quantizer                                     TensorQuantizer(8 bit fake per-tensor amax=23.7176 calibrator=MaxCalibrator quant)
model.10.m.0.1.attn.qkv.conv.output_quantizer                                    TensorQuantizer(disabled)
model.10.m.0.1.attn.qkv.conv.weight_quantizer                                    TensorQuantizer(8 bit fake axis=0 amax=[0.0048, 0.0407](768) calibrator=MaxCalibrator quant)
model.10.m.0.1.attn.qkv.bn.input_quantizer                                       TensorQuantizer(disabled)
model.10.m.0.1.attn.qkv.bn.output_quantizer                                      TensorQuantizer(disabled)
model.10.m.0.1.attn.proj.conv.input_quantizer                                    TensorQuantizer(8 bit fake per-tensor amax=12.4012 calibrator=MaxCalibrator quant)
model.10.m.0.1.attn.proj.conv.output_quantizer                                   TensorQuantizer(disabled)
model.10.m.0.1.attn.proj.conv.weight_quantizer                                   TensorQuantizer(8 bit fake axis=0 amax=[0.0093, 0.0451](256) calibrator=MaxCalibrator quant)
model.10.m.0.1.attn.proj.bn.input_quantizer                                      TensorQuantizer(disabled)
model.10.m.0.1.attn.proj.bn.output_quantizer                                     TensorQuantizer(disabled)
model.10.m.0.1.attn.pe.conv.input_quantizer                                      TensorQuantizer(8 bit fake per-tensor amax=14.3970 calibrator=MaxCalibrator quant)
model.10.m.0.1.attn.pe.conv.output_quantizer                                     TensorQuantizer(disabled)
model.10.m.0.1.attn.pe.conv.weight_quantizer                                     TensorQuantizer(8 bit fake axis=0 amax=[0.0048, 0.0666](256) calibrator=MaxCalibrator quant)
model.10.m.0.1.attn.pe.bn.input_quantizer                                        TensorQuantizer(disabled)
model.10.m.0.1.attn.pe.bn.output_quantizer                                       TensorQuantizer(disabled)
model.10.m.0.1.mlp.0.conv.input_quantizer                                        TensorQuantizer(8 bit fake per-tensor amax=23.5663 calibrator=MaxCalibrator quant)
model.10.m.0.1.mlp.0.conv.output_quantizer                                       TensorQuantizer(disabled)
model.10.m.0.1.mlp.0.conv.weight_quantizer                                       TensorQuantizer(8 bit fake axis=0 amax=[0.0014, 0.0652](512) calibrator=MaxCalibrator quant)
model.10.m.0.1.mlp.0.bn.input_quantizer                                          TensorQuantizer(disabled)
model.10.m.0.1.mlp.0.bn.output_quantizer                                         TensorQuantizer(disabled)
model.10.m.0.1.mlp.1.conv.input_quantizer                                        TensorQuantizer(8 bit fake per-tensor amax=8.3993 calibrator=MaxCalibrator quant)
model.10.m.0.1.mlp.1.conv.output_quantizer                                       TensorQuantizer(disabled)
model.10.m.0.1.mlp.1.conv.weight_quantizer                                       TensorQuantizer(8 bit fake axis=0 amax=[0.0050, 0.0400](256) calibrator=MaxCalibrator quant)
model.10.m.0.1.mlp.1.bn.input_quantizer                                          TensorQuantizer(disabled)
model.10.m.0.1.mlp.1.bn.output_quantizer                                         TensorQuantizer(disabled)
model.10.m.1.0.attn.qkv.conv.input_quantizer                                     TensorQuantizer(8 bit fake per-tensor amax=22.7056 calibrator=MaxCalibrator quant)
model.10.m.1.0.attn.qkv.conv.output_quantizer                                    TensorQuantizer(disabled)
model.10.m.1.0.attn.qkv.conv.weight_quantizer                                    TensorQuantizer(8 bit fake axis=0 amax=[0.0039, 0.0418](768) calibrator=MaxCalibrator quant)
model.10.m.1.0.attn.qkv.bn.input_quantizer                                       TensorQuantizer(disabled)
model.10.m.1.0.attn.qkv.bn.output_quantizer                                      TensorQuantizer(disabled)
model.10.m.1.0.attn.proj.conv.input_quantizer                                    TensorQuantizer(8 bit fake per-tensor amax=10.1100 calibrator=MaxCalibrator quant)
model.10.m.1.0.attn.proj.conv.output_quantizer                                   TensorQuantizer(disabled)
model.10.m.1.0.attn.proj.conv.weight_quantizer                                   TensorQuantizer(8 bit fake axis=0 amax=[0.0073, 0.0333](256) calibrator=MaxCalibrator quant)
model.10.m.1.0.attn.proj.bn.input_quantizer                                      TensorQuantizer(disabled)
model.10.m.1.0.attn.proj.bn.output_quantizer                                     TensorQuantizer(disabled)
model.10.m.1.0.attn.pe.conv.input_quantizer                                      TensorQuantizer(8 bit fake per-tensor amax=11.1957 calibrator=MaxCalibrator quant)
model.10.m.1.0.attn.pe.conv.output_quantizer                                     TensorQuantizer(disabled)
model.10.m.1.0.attn.pe.conv.weight_quantizer                                     TensorQuantizer(8 bit fake axis=0 amax=[0.0041, 0.0681](256) calibrator=MaxCalibrator quant)
model.10.m.1.0.attn.pe.bn.input_quantizer                                        TensorQuantizer(disabled)
model.10.m.1.0.attn.pe.bn.output_quantizer                                       TensorQuantizer(disabled)
model.10.m.1.0.mlp.0.conv.input_quantizer                                        TensorQuantizer(8 bit fake per-tensor amax=20.2317 calibrator=MaxCalibrator quant)
model.10.m.1.0.mlp.0.conv.output_quantizer                                       TensorQuantizer(disabled)
model.10.m.1.0.mlp.0.conv.weight_quantizer                                       TensorQuantizer(8 bit fake axis=0 amax=[0.0018, 0.0353](512) calibrator=MaxCalibrator quant)
model.10.m.1.0.mlp.0.bn.input_quantizer                                          TensorQuantizer(disabled)
model.10.m.1.0.mlp.0.bn.output_quantizer                                         TensorQuantizer(disabled)
model.10.m.1.0.mlp.1.conv.input_quantizer                                        TensorQuantizer(8 bit fake per-tensor amax=9.5775 calibrator=MaxCalibrator quant)
model.10.m.1.0.mlp.1.conv.output_quantizer                                       TensorQuantizer(disabled)
model.10.m.1.0.mlp.1.conv.weight_quantizer                                       TensorQuantizer(8 bit fake axis=0 amax=[0.0072, 0.0347](256) calibrator=MaxCalibrator quant)
model.10.m.1.0.mlp.1.bn.input_quantizer                                          TensorQuantizer(disabled)
model.10.m.1.0.mlp.1.bn.output_quantizer                                         TensorQuantizer(disabled)
model.10.m.1.1.attn.qkv.conv.input_quantizer                                     TensorQuantizer(8 bit fake per-tensor amax=20.5768 calibrator=MaxCalibrator quant)
model.10.m.1.1.attn.qkv.conv.output_quantizer                                    TensorQuantizer(disabled)
model.10.m.1.1.attn.qkv.conv.weight_quantizer                                    TensorQuantizer(8 bit fake axis=0 amax=[0.0060, 0.0422](768) calibrator=MaxCalibrator quant)
model.10.m.1.1.attn.qkv.bn.input_quantizer                                       TensorQuantizer(disabled)
model.10.m.1.1.attn.qkv.bn.output_quantizer                                      TensorQuantizer(disabled)
model.10.m.1.1.attn.proj.conv.input_quantizer                                    TensorQuantizer(8 bit fake per-tensor amax=19.3144 calibrator=MaxCalibrator quant)
model.10.m.1.1.attn.proj.conv.output_quantizer                                   TensorQuantizer(disabled)
model.10.m.1.1.attn.proj.conv.weight_quantizer                                   TensorQuantizer(8 bit fake axis=0 amax=[0.0109, 0.0440](256) calibrator=MaxCalibrator quant)
model.10.m.1.1.attn.proj.bn.input_quantizer                                      TensorQuantizer(disabled)
model.10.m.1.1.attn.proj.bn.output_quantizer                                     TensorQuantizer(disabled)
model.10.m.1.1.attn.pe.conv.input_quantizer                                      TensorQuantizer(8 bit fake per-tensor amax=12.3587 calibrator=MaxCalibrator quant)
model.10.m.1.1.attn.pe.conv.output_quantizer                                     TensorQuantizer(disabled)
model.10.m.1.1.attn.pe.conv.weight_quantizer                                     TensorQuantizer(8 bit fake axis=0 amax=[0.0102, 0.0623](256) calibrator=MaxCalibrator quant)
model.10.m.1.1.attn.pe.bn.input_quantizer                                        TensorQuantizer(disabled)
model.10.m.1.1.attn.pe.bn.output_quantizer                                       TensorQuantizer(disabled)
model.10.m.1.1.mlp.0.conv.input_quantizer                                        TensorQuantizer(8 bit fake per-tensor amax=22.3400 calibrator=MaxCalibrator quant)
model.10.m.1.1.mlp.0.conv.output_quantizer                                       TensorQuantizer(disabled)
model.10.m.1.1.mlp.0.conv.weight_quantizer                                       TensorQuantizer(8 bit fake axis=0 amax=[0.0024, 0.0188](512) calibrator=MaxCalibrator quant)
model.10.m.1.1.mlp.0.bn.input_quantizer                                          TensorQuantizer(disabled)
model.10.m.1.1.mlp.0.bn.output_quantizer                                         TensorQuantizer(disabled)
model.10.m.1.1.mlp.1.conv.input_quantizer                                        TensorQuantizer(8 bit fake per-tensor amax=12.6480 calibrator=MaxCalibrator quant)
model.10.m.1.1.mlp.1.conv.output_quantizer                                       TensorQuantizer(disabled)
model.10.m.1.1.mlp.1.conv.weight_quantizer                                       TensorQuantizer(8 bit fake axis=0 amax=[0.0042, 0.0177](256) calibrator=MaxCalibrator quant)
model.10.m.1.1.mlp.1.bn.input_quantizer                                          TensorQuantizer(disabled)
model.10.m.1.1.mlp.1.bn.output_quantizer                                         TensorQuantizer(disabled)
model.11.routing.router.0.input_quantizer                                        TensorQuantizer(disabled)
model.11.routing.router.0.output_quantizer                                       TensorQuantizer(disabled)
model.11.routing.router.0.weight_quantizer                                       TensorQuantizer(disabled)
model.11.routing.router.1.input_quantizer                                        TensorQuantizer(disabled)
model.11.routing.router.1.output_quantizer                                       TensorQuantizer(disabled)
model.11.routing.router.3.input_quantizer                                        TensorQuantizer(disabled)
model.11.routing.router.3.output_quantizer                                       TensorQuantizer(disabled)
model.11.routing.router.3.weight_quantizer                                       TensorQuantizer(disabled)
model.11.routing.router.4.input_quantizer                                        TensorQuantizer(disabled)
model.11.routing.router.4.output_quantizer                                       TensorQuantizer(disabled)
model.11.experts.0.conv.0.input_quantizer                                        TensorQuantizer(8 bit fake per-tensor amax=20.2352 calibrator=MaxCalibrator quant)
model.11.experts.0.conv.0.output_quantizer                                       TensorQuantizer(disabled)
model.11.experts.0.conv.0.weight_quantizer                                       TensorQuantizer(8 bit fake axis=0 amax=[0.0000, 0.0035](1024) calibrator=MaxCalibrator quant)
model.11.experts.0.conv.1.input_quantizer                                        TensorQuantizer(disabled)
model.11.experts.0.conv.1.output_quantizer                                       TensorQuantizer(disabled)
model.11.experts.0.conv.3.input_quantizer                                        TensorQuantizer(8 bit fake per-tensor amax=7.3114 calibrator=MaxCalibrator quant)
model.11.experts.0.conv.3.output_quantizer                                       TensorQuantizer(disabled)
model.11.experts.0.conv.3.weight_quantizer                                       TensorQuantizer(8 bit fake axis=0 amax=[0.0002, 0.0019](512) calibrator=MaxCalibrator quant)
model.11.experts.0.conv.4.input_quantizer                                        TensorQuantizer(disabled)
model.11.experts.0.conv.4.output_quantizer                                       TensorQuantizer(disabled)
model.11.experts.1.conv.0.input_quantizer                                        TensorQuantizer(8 bit fake per-tensor amax=20.2352 calibrator=MaxCalibrator quant)
model.11.experts.1.conv.0.output_quantizer                                       TensorQuantizer(disabled)
model.11.experts.1.conv.0.weight_quantizer                                       TensorQuantizer(8 bit fake axis=0 amax=[0.0003, 0.0096](1024) calibrator=MaxCalibrator quant)
model.11.experts.1.conv.1.input_quantizer                                        TensorQuantizer(disabled)
model.11.experts.1.conv.1.output_quantizer                                       TensorQuantizer(disabled)
model.11.experts.1.conv.3.input_quantizer                                        TensorQuantizer(8 bit fake per-tensor amax=7.2331 calibrator=MaxCalibrator quant)
model.11.experts.1.conv.3.output_quantizer                                       TensorQuantizer(disabled)
model.11.experts.1.conv.3.weight_quantizer                                       TensorQuantizer(8 bit fake axis=0 amax=[0.0007, 0.0056](512) calibrator=MaxCalibrator quant)
model.11.experts.1.conv.4.input_quantizer                                        TensorQuantizer(disabled)
model.11.experts.1.conv.4.output_quantizer                                       TensorQuantizer(disabled)
model.11.experts.2.conv.0.input_quantizer                                        TensorQuantizer(8 bit fake per-tensor amax=20.2352 calibrator=MaxCalibrator quant)
model.11.experts.2.conv.0.output_quantizer                                       TensorQuantizer(disabled)
model.11.experts.2.conv.0.weight_quantizer                                       TensorQuantizer(8 bit fake axis=0 amax=[0.0004, 0.0093](1024) calibrator=MaxCalibrator quant)
model.11.experts.2.conv.1.input_quantizer                                        TensorQuantizer(disabled)
model.11.experts.2.conv.1.output_quantizer                                       TensorQuantizer(disabled)
model.11.experts.2.conv.3.input_quantizer                                        TensorQuantizer(8 bit fake per-tensor amax=12.0867 calibrator=MaxCalibrator quant)
model.11.experts.2.conv.3.output_quantizer                                       TensorQuantizer(disabled)
model.11.experts.2.conv.3.weight_quantizer                                       TensorQuantizer(8 bit fake axis=0 amax=[0.0008, 0.0044](512) calibrator=MaxCalibrator quant)
model.11.experts.2.conv.4.input_quantizer                                        TensorQuantizer(disabled)
model.11.experts.2.conv.4.output_quantizer                                       TensorQuantizer(disabled)
model.11.experts.3.conv.0.input_quantizer                                        TensorQuantizer(8 bit fake per-tensor amax=20.2352 calibrator=MaxCalibrator quant)
model.11.experts.3.conv.0.output_quantizer                                       TensorQuantizer(disabled)
model.11.experts.3.conv.0.weight_quantizer                                       TensorQuantizer(8 bit fake axis=0 amax=[0.0000, 0.0039](1024) calibrator=MaxCalibrator quant)
model.11.experts.3.conv.1.input_quantizer                                        TensorQuantizer(disabled)
model.11.experts.3.conv.1.output_quantizer                                       TensorQuantizer(disabled)
model.11.experts.3.conv.3.input_quantizer                                        TensorQuantizer(8 bit fake per-tensor amax=14.2669 calibrator=MaxCalibrator quant)
model.11.experts.3.conv.3.output_quantizer                                       TensorQuantizer(disabled)
model.11.experts.3.conv.3.weight_quantizer                                       TensorQuantizer(8 bit fake axis=0 amax=[0.0004, 0.0028](512) calibrator=MaxCalibrator quant)
model.11.experts.3.conv.4.input_quantizer                                        TensorQuantizer(disabled)
model.11.experts.3.conv.4.output_quantizer                                       TensorQuantizer(disabled)
model.11.experts.4.conv.0.input_quantizer                                        TensorQuantizer(8 bit fake per-tensor amax=20.2352 calibrator=MaxCalibrator quant)
model.11.experts.4.conv.0.output_quantizer                                       TensorQuantizer(disabled)
model.11.experts.4.conv.0.weight_quantizer                                       TensorQuantizer(8 bit fake axis=0 amax=[0.0000, 0.0011](1024) calibrator=MaxCalibrator quant)
model.11.experts.4.conv.1.input_quantizer                                        TensorQuantizer(disabled)
model.11.experts.4.conv.1.output_quantizer                                       TensorQuantizer(disabled)
model.11.experts.4.conv.3.input_quantizer                                        TensorQuantizer(8 bit fake per-tensor amax=7.2395 calibrator=MaxCalibrator quant)
model.11.experts.4.conv.3.output_quantizer                                       TensorQuantizer(disabled)
model.11.experts.4.conv.3.weight_quantizer                                       TensorQuantizer(8 bit fake axis=0 amax=[0.0001, 0.0010](512) calibrator=MaxCalibrator quant)
model.11.experts.4.conv.4.input_quantizer                                        TensorQuantizer(disabled)
model.11.experts.4.conv.4.output_quantizer                                       TensorQuantizer(disabled)
model.11.experts.5.conv.0.input_quantizer                                        TensorQuantizer(8 bit fake per-tensor amax=20.2352 calibrator=MaxCalibrator quant)
model.11.experts.5.conv.0.output_quantizer                                       TensorQuantizer(disabled)
model.11.experts.5.conv.0.weight_quantizer                                       TensorQuantizer(8 bit fake axis=0 amax=[0.0000, 0.0029](1024) calibrator=MaxCalibrator quant)
model.11.experts.5.conv.1.input_quantizer                                        TensorQuantizer(disabled)
model.11.experts.5.conv.1.output_quantizer                                       TensorQuantizer(disabled)
model.11.experts.5.conv.3.input_quantizer                                        TensorQuantizer(8 bit fake per-tensor amax=10.9748 calibrator=MaxCalibrator quant)
model.11.experts.5.conv.3.output_quantizer                                       TensorQuantizer(disabled)
model.11.experts.5.conv.3.weight_quantizer                                       TensorQuantizer(8 bit fake axis=0 amax=[0.0003, 0.0019](512) calibrator=MaxCalibrator quant)
model.11.experts.5.conv.4.input_quantizer                                        TensorQuantizer(disabled)
model.11.experts.5.conv.4.output_quantizer                                       TensorQuantizer(disabled)
model.11.experts.6.conv.0.input_quantizer                                        TensorQuantizer(8 bit fake per-tensor amax=20.2352 calibrator=MaxCalibrator quant)
model.11.experts.6.conv.0.output_quantizer                                       TensorQuantizer(disabled)
model.11.experts.6.conv.0.weight_quantizer                                       TensorQuantizer(8 bit fake axis=0 amax=[0.0000, 0.0037](1024) calibrator=MaxCalibrator quant)
model.11.experts.6.conv.1.input_quantizer                                        TensorQuantizer(disabled)
model.11.experts.6.conv.1.output_quantizer                                       TensorQuantizer(disabled)
model.11.experts.6.conv.3.input_quantizer                                        TensorQuantizer(8 bit fake per-tensor amax=6.5104 calibrator=MaxCalibrator quant)
model.11.experts.6.conv.3.output_quantizer                                       TensorQuantizer(disabled)
model.11.experts.6.conv.3.weight_quantizer                                       TensorQuantizer(8 bit fake axis=0 amax=[0.0003, 0.0028](512) calibrator=MaxCalibrator quant)
model.11.experts.6.conv.4.input_quantizer                                        TensorQuantizer(disabled)
model.11.experts.6.conv.4.output_quantizer                                       TensorQuantizer(disabled)
model.11.experts.7.conv.0.input_quantizer                                        TensorQuantizer(8 bit fake per-tensor amax=20.2352 calibrator=MaxCalibrator quant)
model.11.experts.7.conv.0.output_quantizer                                       TensorQuantizer(disabled)
model.11.experts.7.conv.0.weight_quantizer                                       TensorQuantizer(8 bit fake axis=0 amax=[0.0000, 0.0009](1024) calibrator=MaxCalibrator quant)
model.11.experts.7.conv.1.input_quantizer                                        TensorQuantizer(disabled)
model.11.experts.7.conv.1.output_quantizer                                       TensorQuantizer(disabled)
model.11.experts.7.conv.3.input_quantizer                                        TensorQuantizer(8 bit fake per-tensor amax=1.5506 calibrator=MaxCalibrator quant)
model.11.experts.7.conv.3.output_quantizer                                       TensorQuantizer(disabled)
model.11.experts.7.conv.3.weight_quantizer                                       TensorQuantizer(8 bit fake axis=0 amax=[0.0001, 0.0006](512) calibrator=MaxCalibrator quant)
model.11.experts.7.conv.4.input_quantizer                                        TensorQuantizer(disabled)
model.11.experts.7.conv.4.output_quantizer                                       TensorQuantizer(disabled)
model.11.experts.8.conv.0.input_quantizer                                        TensorQuantizer(8 bit fake per-tensor amax=20.2352 calibrator=MaxCalibrator quant)
model.11.experts.8.conv.0.output_quantizer                                       TensorQuantizer(disabled)
model.11.experts.8.conv.0.weight_quantizer                                       TensorQuantizer(8 bit fake axis=0 amax=[0.0000, 0.0111](1024) calibrator=MaxCalibrator quant)
model.11.experts.8.conv.1.input_quantizer                                        TensorQuantizer(disabled)
model.11.experts.8.conv.1.output_quantizer                                       TensorQuantizer(disabled)
model.11.experts.8.conv.3.input_quantizer                                        TensorQuantizer(8 bit fake per-tensor amax=10.9081 calibrator=MaxCalibrator quant)
model.11.experts.8.conv.3.output_quantizer                                       TensorQuantizer(disabled)
model.11.experts.8.conv.3.weight_quantizer                                       TensorQuantizer(8 bit fake axis=0 amax=[0.0005, 0.0051](512) calibrator=MaxCalibrator quant)
model.11.experts.8.conv.4.input_quantizer                                        TensorQuantizer(disabled)
model.11.experts.8.conv.4.output_quantizer                                       TensorQuantizer(disabled)
model.11.experts.9.conv.0.input_quantizer                                        TensorQuantizer(8 bit fake per-tensor amax=20.2352 calibrator=MaxCalibrator quant)
model.11.experts.9.conv.0.output_quantizer                                       TensorQuantizer(disabled)
model.11.experts.9.conv.0.weight_quantizer                                       TensorQuantizer(8 bit fake axis=0 amax=[0.0006, 0.0207](1024) calibrator=MaxCalibrator quant)
model.11.experts.9.conv.1.input_quantizer                                        TensorQuantizer(disabled)
model.11.experts.9.conv.1.output_quantizer                                       TensorQuantizer(disabled)
model.11.experts.9.conv.3.input_quantizer                                        TensorQuantizer(8 bit fake per-tensor amax=12.5389 calibrator=MaxCalibrator quant)
model.11.experts.9.conv.3.output_quantizer                                       TensorQuantizer(disabled)
model.11.experts.9.conv.3.weight_quantizer                                       TensorQuantizer(8 bit fake axis=0 amax=[0.0021, 0.0092](512) calibrator=MaxCalibrator quant)
model.11.experts.9.conv.4.input_quantizer                                        TensorQuantizer(disabled)
model.11.experts.9.conv.4.output_quantizer                                       TensorQuantizer(disabled)
model.11.experts.10.conv.0.input_quantizer                                       TensorQuantizer(8 bit fake per-tensor amax=20.2352 calibrator=MaxCalibrator quant)
model.11.experts.10.conv.0.output_quantizer                                      TensorQuantizer(disabled)
model.11.experts.10.conv.0.weight_quantizer                                      TensorQuantizer(8 bit fake axis=0 amax=[0.0002, 0.0189](1024) calibrator=MaxCalibrator quant)
model.11.experts.10.conv.1.input_quantizer                                       TensorQuantizer(disabled)
model.11.experts.10.conv.1.output_quantizer                                      TensorQuantizer(disabled)
model.11.experts.10.conv.3.input_quantizer                                       TensorQuantizer(8 bit fake per-tensor amax=11.1670 calibrator=MaxCalibrator quant)
model.11.experts.10.conv.3.output_quantizer                                      TensorQuantizer(disabled)
model.11.experts.10.conv.3.weight_quantizer                                      TensorQuantizer(8 bit fake axis=0 amax=[0.0019, 0.0145](512) calibrator=MaxCalibrator quant)
model.11.experts.10.conv.4.input_quantizer                                       TensorQuantizer(disabled)
model.11.experts.10.conv.4.output_quantizer                                      TensorQuantizer(disabled)
model.11.experts.11.conv.0.input_quantizer                                       TensorQuantizer(8 bit fake per-tensor amax=20.2352 calibrator=MaxCalibrator quant)
model.11.experts.11.conv.0.output_quantizer                                      TensorQuantizer(disabled)
model.11.experts.11.conv.0.weight_quantizer                                      TensorQuantizer(8 bit fake axis=0 amax=[0.0004, 0.0100](1024) calibrator=MaxCalibrator quant)
model.11.experts.11.conv.1.input_quantizer                                       TensorQuantizer(disabled)
model.11.experts.11.conv.1.output_quantizer                                      TensorQuantizer(disabled)
model.11.experts.11.conv.3.input_quantizer                                       TensorQuantizer(8 bit fake per-tensor amax=12.3004 calibrator=MaxCalibrator quant)
model.11.experts.11.conv.3.output_quantizer                                      TensorQuantizer(disabled)
model.11.experts.11.conv.3.weight_quantizer                                      TensorQuantizer(8 bit fake axis=0 amax=[0.0011, 0.0066](512) calibrator=MaxCalibrator quant)
model.11.experts.11.conv.4.input_quantizer                                       TensorQuantizer(disabled)
model.11.experts.11.conv.4.output_quantizer                                      TensorQuantizer(disabled)
model.11.experts.12.conv.0.input_quantizer                                       TensorQuantizer(8 bit fake per-tensor amax=20.2352 calibrator=MaxCalibrator quant)
model.11.experts.12.conv.0.output_quantizer                                      TensorQuantizer(disabled)
model.11.experts.12.conv.0.weight_quantizer                                      TensorQuantizer(8 bit fake axis=0 amax=[0.0000, 0.0023](1024) calibrator=MaxCalibrator quant)
model.11.experts.12.conv.1.input_quantizer                                       TensorQuantizer(disabled)
model.11.experts.12.conv.1.output_quantizer                                      TensorQuantizer(disabled)
model.11.experts.12.conv.3.input_quantizer                                       TensorQuantizer(8 bit fake per-tensor amax=4.8974 calibrator=MaxCalibrator quant)
model.11.experts.12.conv.3.output_quantizer                                      TensorQuantizer(disabled)
model.11.experts.12.conv.3.weight_quantizer                                      TensorQuantizer(8 bit fake axis=0 amax=[0.0002, 0.0015](512) calibrator=MaxCalibrator quant)
model.11.experts.12.conv.4.input_quantizer                                       TensorQuantizer(disabled)
model.11.experts.12.conv.4.output_quantizer                                      TensorQuantizer(disabled)
model.11.experts.13.conv.0.input_quantizer                                       TensorQuantizer(8 bit fake per-tensor amax=20.2352 calibrator=MaxCalibrator quant)
model.11.experts.13.conv.0.output_quantizer                                      TensorQuantizer(disabled)
model.11.experts.13.conv.0.weight_quantizer                                      TensorQuantizer(8 bit fake axis=0 amax=[0.0000, 0.0042](1024) calibrator=MaxCalibrator quant)
model.11.experts.13.conv.1.input_quantizer                                       TensorQuantizer(disabled)
model.11.experts.13.conv.1.output_quantizer                                      TensorQuantizer(disabled)
model.11.experts.13.conv.3.input_quantizer                                       TensorQuantizer(8 bit fake per-tensor amax=5.5959 calibrator=MaxCalibrator quant)
model.11.experts.13.conv.3.output_quantizer                                      TensorQuantizer(disabled)
model.11.experts.13.conv.3.weight_quantizer                                      TensorQuantizer(8 bit fake axis=0 amax=[0.0003, 0.0020](512) calibrator=MaxCalibrator quant)
model.11.experts.13.conv.4.input_quantizer                                       TensorQuantizer(disabled)
model.11.experts.13.conv.4.output_quantizer                                      TensorQuantizer(disabled)
model.11.experts.14.conv.0.input_quantizer                                       TensorQuantizer(8 bit fake per-tensor amax=20.2352 calibrator=MaxCalibrator quant)
model.11.experts.14.conv.0.output_quantizer                                      TensorQuantizer(disabled)
model.11.experts.14.conv.0.weight_quantizer                                      TensorQuantizer(8 bit fake axis=0 amax=[0.0000, 0.0039](1024) calibrator=MaxCalibrator quant)
model.11.experts.14.conv.1.input_quantizer                                       TensorQuantizer(disabled)
model.11.experts.14.conv.1.output_quantizer                                      TensorQuantizer(disabled)
model.11.experts.14.conv.3.input_quantizer                                       TensorQuantizer(8 bit fake per-tensor amax=5.4599 calibrator=MaxCalibrator quant)
model.11.experts.14.conv.3.output_quantizer                                      TensorQuantizer(disabled)
model.11.experts.14.conv.3.weight_quantizer                                      TensorQuantizer(8 bit fake axis=0 amax=[0.0003, 0.0021](512) calibrator=MaxCalibrator quant)
model.11.experts.14.conv.4.input_quantizer                                       TensorQuantizer(disabled)
model.11.experts.14.conv.4.output_quantizer                                      TensorQuantizer(disabled)
model.11.experts.15.conv.0.input_quantizer                                       TensorQuantizer(8 bit fake per-tensor amax=20.2352 calibrator=MaxCalibrator quant)
model.11.experts.15.conv.0.output_quantizer                                      TensorQuantizer(disabled)
model.11.experts.15.conv.0.weight_quantizer                                      TensorQuantizer(8 bit fake axis=0 amax=[0.0006, 0.0198](1024) calibrator=MaxCalibrator quant)
model.11.experts.15.conv.1.input_quantizer                                       TensorQuantizer(disabled)
model.11.experts.15.conv.1.output_quantizer                                      TensorQuantizer(disabled)
model.11.experts.15.conv.3.input_quantizer                                       TensorQuantizer(8 bit fake per-tensor amax=9.1958 calibrator=MaxCalibrator quant)
model.11.experts.15.conv.3.output_quantizer                                      TensorQuantizer(disabled)
model.11.experts.15.conv.3.weight_quantizer                                      TensorQuantizer(8 bit fake axis=0 amax=[0.0024, 0.0121](512) calibrator=MaxCalibrator quant)
model.11.experts.15.conv.4.input_quantizer                                       TensorQuantizer(disabled)
model.11.experts.15.conv.4.output_quantizer                                      TensorQuantizer(disabled)
model.11.shared_expert.0.input_quantizer                                         TensorQuantizer(8 bit fake per-tensor amax=20.2352 calibrator=MaxCalibrator quant)
model.11.shared_expert.0.output_quantizer                                        TensorQuantizer(disabled)
model.11.shared_expert.0.weight_quantizer                                        TensorQuantizer(8 bit fake axis=0 amax=[0.0120, 0.0779](512) calibrator=MaxCalibrator quant)
model.11.shared_expert.1.input_quantizer                                         TensorQuantizer(disabled)
model.11.shared_expert.1.output_quantizer                                        TensorQuantizer(disabled)
model.14.cv1.conv.input_quantizer                                                TensorQuantizer(8 bit fake per-tensor amax=21.1725 calibrator=MaxCalibrator quant)
model.14.cv1.conv.output_quantizer                                               TensorQuantizer(disabled)
model.14.cv1.conv.weight_quantizer                                               TensorQuantizer(8 bit fake axis=0 amax=[0.0128, 0.1215](512) calibrator=MaxCalibrator quant)
model.14.cv1.bn.input_quantizer                                                  TensorQuantizer(disabled)
model.14.cv1.bn.output_quantizer                                                 TensorQuantizer(disabled)
model.14.cv2.conv.input_quantizer                                                TensorQuantizer(8 bit fake per-tensor amax=40.3922 calibrator=MaxCalibrator quant)
model.14.cv2.conv.output_quantizer                                               TensorQuantizer(disabled)
model.14.cv2.conv.weight_quantizer                                               TensorQuantizer(8 bit fake axis=0 amax=[0.0128, 0.0869](512) calibrator=MaxCalibrator quant)
model.14.cv2.bn.input_quantizer                                                  TensorQuantizer(disabled)
model.14.cv2.bn.output_quantizer                                                 TensorQuantizer(disabled)
model.14.m.0.cv1.conv.input_quantizer                                            TensorQuantizer(8 bit fake per-tensor amax=40.3922 calibrator=MaxCalibrator quant)
model.14.m.0.cv1.conv.output_quantizer                                           TensorQuantizer(disabled)
model.14.m.0.cv1.conv.weight_quantizer                                           TensorQuantizer(8 bit fake axis=0 amax=[0.0166, 0.0903](128) calibrator=MaxCalibrator quant)
model.14.m.0.cv1.bn.input_quantizer                                              TensorQuantizer(disabled)
model.14.m.0.cv1.bn.output_quantizer                                             TensorQuantizer(disabled)
model.14.m.0.cv2.conv.input_quantizer                                            TensorQuantizer(8 bit fake per-tensor amax=40.3922 calibrator=MaxCalibrator quant)
model.14.m.0.cv2.conv.output_quantizer                                           TensorQuantizer(disabled)
model.14.m.0.cv2.conv.weight_quantizer                                           TensorQuantizer(8 bit fake axis=0 amax=[0.0122, 0.0565](128) calibrator=MaxCalibrator quant)
model.14.m.0.cv2.bn.input_quantizer                                              TensorQuantizer(disabled)
model.14.m.0.cv2.bn.output_quantizer                                             TensorQuantizer(disabled)
model.14.m.0.cv3.conv.input_quantizer                                            TensorQuantizer(8 bit fake per-tensor amax=26.4217 calibrator=MaxCalibrator quant)
model.14.m.0.cv3.conv.output_quantizer                                           TensorQuantizer(disabled)
model.14.m.0.cv3.conv.weight_quantizer                                           TensorQuantizer(8 bit fake axis=0 amax=[0.0151, 0.0535](256) calibrator=MaxCalibrator quant)
model.14.m.0.cv3.bn.input_quantizer                                              TensorQuantizer(disabled)
model.14.m.0.cv3.bn.output_quantizer                                             TensorQuantizer(disabled)
model.14.m.0.m.0.cv1.conv.input_quantizer                                        TensorQuantizer(8 bit fake per-tensor amax=11.6764 calibrator=MaxCalibrator quant)
model.14.m.0.m.0.cv1.conv.output_quantizer                                       TensorQuantizer(disabled)
model.14.m.0.m.0.cv1.conv.weight_quantizer                                       TensorQuantizer(8 bit fake axis=0 amax=[0.0150, 0.0847](128) calibrator=MaxCalibrator quant)
model.14.m.0.m.0.cv1.bn.input_quantizer                                          TensorQuantizer(disabled)
model.14.m.0.m.0.cv1.bn.output_quantizer                                         TensorQuantizer(disabled)
model.14.m.0.m.0.cv2.conv.input_quantizer                                        TensorQuantizer(8 bit fake per-tensor amax=12.9212 calibrator=MaxCalibrator quant)
model.14.m.0.m.0.cv2.conv.output_quantizer                                       TensorQuantizer(disabled)
model.14.m.0.m.0.cv2.conv.weight_quantizer                                       TensorQuantizer(8 bit fake axis=0 amax=[0.0124, 0.0576](128) calibrator=MaxCalibrator quant)
model.14.m.0.m.0.cv2.bn.input_quantizer                                          TensorQuantizer(disabled)
model.14.m.0.m.0.cv2.bn.output_quantizer                                         TensorQuantizer(disabled)
model.14.m.0.m.1.cv1.conv.input_quantizer                                        TensorQuantizer(8 bit fake per-tensor amax=12.5195 calibrator=MaxCalibrator quant)
model.14.m.0.m.1.cv1.conv.output_quantizer                                       TensorQuantizer(disabled)
model.14.m.0.m.1.cv1.conv.weight_quantizer                                       TensorQuantizer(8 bit fake axis=0 amax=[0.0130, 0.0556](128) calibrator=MaxCalibrator quant)
model.14.m.0.m.1.cv1.bn.input_quantizer                                          TensorQuantizer(disabled)
model.14.m.0.m.1.cv1.bn.output_quantizer                                         TensorQuantizer(disabled)
model.14.m.0.m.1.cv2.conv.input_quantizer                                        TensorQuantizer(8 bit fake per-tensor amax=13.2945 calibrator=MaxCalibrator quant)
model.14.m.0.m.1.cv2.conv.output_quantizer                                       TensorQuantizer(disabled)
model.14.m.0.m.1.cv2.conv.weight_quantizer                                       TensorQuantizer(8 bit fake axis=0 amax=[0.0120, 0.0791](128) calibrator=MaxCalibrator quant)
model.14.m.0.m.1.cv2.bn.input_quantizer                                          TensorQuantizer(disabled)
model.14.m.0.m.1.cv2.bn.output_quantizer                                         TensorQuantizer(disabled)
model.17.cv1.conv.input_quantizer                                                TensorQuantizer(8 bit fake per-tensor amax=47.7111 calibrator=MaxCalibrator quant)
model.17.cv1.conv.output_quantizer                                               TensorQuantizer(disabled)
model.17.cv1.conv.weight_quantizer                                               TensorQuantizer(8 bit fake axis=0 amax=[0.0128, 0.1026](256) calibrator=MaxCalibrator quant)
model.17.cv1.bn.input_quantizer                                                  TensorQuantizer(disabled)
model.17.cv1.bn.output_quantizer                                                 TensorQuantizer(disabled)
model.17.cv2.conv.input_quantizer                                                TensorQuantizer(8 bit fake per-tensor amax=13.9534 calibrator=MaxCalibrator quant)
model.17.cv2.conv.output_quantizer                                               TensorQuantizer(disabled)
model.17.cv2.conv.weight_quantizer                                               TensorQuantizer(8 bit fake axis=0 amax=[0.0156, 0.0857](256) calibrator=MaxCalibrator quant)
model.17.cv2.bn.input_quantizer                                                  TensorQuantizer(disabled)
model.17.cv2.bn.output_quantizer                                                 TensorQuantizer(disabled)
model.17.m.0.cv1.conv.input_quantizer                                            TensorQuantizer(8 bit fake per-tensor amax=6.2526 calibrator=MaxCalibrator quant)
model.17.m.0.cv1.conv.output_quantizer                                           TensorQuantizer(disabled)
model.17.m.0.cv1.conv.weight_quantizer                                           TensorQuantizer(8 bit fake axis=0 amax=[0.0325, 0.0930](64) calibrator=MaxCalibrator quant)
model.17.m.0.cv1.bn.input_quantizer                                              TensorQuantizer(disabled)
model.17.m.0.cv1.bn.output_quantizer                                             TensorQuantizer(disabled)
model.17.m.0.cv2.conv.input_quantizer                                            TensorQuantizer(8 bit fake per-tensor amax=6.2526 calibrator=MaxCalibrator quant)
model.17.m.0.cv2.conv.output_quantizer                                           TensorQuantizer(disabled)
model.17.m.0.cv2.conv.weight_quantizer                                           TensorQuantizer(8 bit fake axis=0 amax=[0.0139, 0.0427](64) calibrator=MaxCalibrator quant)
model.17.m.0.cv2.bn.input_quantizer                                              TensorQuantizer(disabled)
model.17.m.0.cv2.bn.output_quantizer                                             TensorQuantizer(disabled)
model.17.m.0.cv3.conv.input_quantizer                                            TensorQuantizer(8 bit fake per-tensor amax=18.2238 calibrator=MaxCalibrator quant)
model.17.m.0.cv3.conv.output_quantizer                                           TensorQuantizer(disabled)
model.17.m.0.cv3.conv.weight_quantizer                                           TensorQuantizer(8 bit fake axis=0 amax=[0.0159, 0.0825](128) calibrator=MaxCalibrator quant)
model.17.m.0.cv3.bn.input_quantizer                                              TensorQuantizer(disabled)
model.17.m.0.cv3.bn.output_quantizer                                             TensorQuantizer(disabled)
model.17.m.0.m.0.cv1.conv.input_quantizer                                        TensorQuantizer(8 bit fake per-tensor amax=1.7597 calibrator=MaxCalibrator quant)
model.17.m.0.m.0.cv1.conv.output_quantizer                                       TensorQuantizer(disabled)
model.17.m.0.m.0.cv1.conv.weight_quantizer                                       TensorQuantizer(8 bit fake axis=0 amax=[0.0271, 0.0968](64) calibrator=MaxCalibrator quant)
model.17.m.0.m.0.cv1.bn.input_quantizer                                          TensorQuantizer(disabled)
model.17.m.0.m.0.cv1.bn.output_quantizer                                         TensorQuantizer(disabled)
model.17.m.0.m.0.cv2.conv.input_quantizer                                        TensorQuantizer(8 bit fake per-tensor amax=5.7519 calibrator=MaxCalibrator quant)
model.17.m.0.m.0.cv2.conv.output_quantizer                                       TensorQuantizer(disabled)
model.17.m.0.m.0.cv2.conv.weight_quantizer                                       TensorQuantizer(8 bit fake axis=0 amax=[0.0246, 0.0991](64) calibrator=MaxCalibrator quant)
model.17.m.0.m.0.cv2.bn.input_quantizer                                          TensorQuantizer(disabled)
model.17.m.0.m.0.cv2.bn.output_quantizer                                         TensorQuantizer(disabled)
model.17.m.0.m.1.cv1.conv.input_quantizer                                        TensorQuantizer(8 bit fake per-tensor amax=7.3021 calibrator=MaxCalibrator quant)
model.17.m.0.m.1.cv1.conv.output_quantizer                                       TensorQuantizer(disabled)
model.17.m.0.m.1.cv1.conv.weight_quantizer                                       TensorQuantizer(8 bit fake axis=0 amax=[0.0237, 0.0889](64) calibrator=MaxCalibrator quant)
model.17.m.0.m.1.cv1.bn.input_quantizer                                          TensorQuantizer(disabled)
model.17.m.0.m.1.cv1.bn.output_quantizer                                         TensorQuantizer(disabled)
model.17.m.0.m.1.cv2.conv.input_quantizer                                        TensorQuantizer(8 bit fake per-tensor amax=9.0184 calibrator=MaxCalibrator quant)
model.17.m.0.m.1.cv2.conv.output_quantizer                                       TensorQuantizer(disabled)
model.17.m.0.m.1.cv2.conv.weight_quantizer                                       TensorQuantizer(8 bit fake axis=0 amax=[0.0213, 0.0815](64) calibrator=MaxCalibrator quant)
model.17.m.0.m.1.cv2.bn.input_quantizer                                          TensorQuantizer(disabled)
model.17.m.0.m.1.cv2.bn.output_quantizer                                         TensorQuantizer(disabled)
model.18.conv.input_quantizer                                                    TensorQuantizer(8 bit fake per-tensor amax=13.2820 calibrator=MaxCalibrator quant)
model.18.conv.output_quantizer                                                   TensorQuantizer(disabled)
model.18.conv.weight_quantizer                                                   TensorQuantizer(8 bit fake axis=0 amax=[0.0066, 0.0451](256) calibrator=MaxCalibrator quant)
model.18.bn.input_quantizer                                                      TensorQuantizer(disabled)
model.18.bn.output_quantizer                                                     TensorQuantizer(disabled)
model.20.cv1.conv.input_quantizer                                                TensorQuantizer(8 bit fake per-tensor amax=40.9409 calibrator=MaxCalibrator quant)
model.20.cv1.conv.output_quantizer                                               TensorQuantizer(disabled)
model.20.cv1.conv.weight_quantizer                                               TensorQuantizer(8 bit fake axis=0 amax=[0.0089, 0.0679](512) calibrator=MaxCalibrator quant)
model.20.cv1.bn.input_quantizer                                                  TensorQuantizer(disabled)
model.20.cv1.bn.output_quantizer                                                 TensorQuantizer(disabled)
model.20.cv2.conv.input_quantizer                                                TensorQuantizer(8 bit fake per-tensor amax=25.0037 calibrator=MaxCalibrator quant)
model.20.cv2.conv.output_quantizer                                               TensorQuantizer(disabled)
model.20.cv2.conv.weight_quantizer                                               TensorQuantizer(8 bit fake axis=0 amax=[0.0076, 0.0818](512) calibrator=MaxCalibrator quant)
model.20.cv2.bn.input_quantizer                                                  TensorQuantizer(disabled)
model.20.cv2.bn.output_quantizer                                                 TensorQuantizer(disabled)
model.20.m.0.cv1.conv.input_quantizer                                            TensorQuantizer(8 bit fake per-tensor amax=25.0037 calibrator=MaxCalibrator quant)
model.20.m.0.cv1.conv.output_quantizer                                           TensorQuantizer(disabled)
model.20.m.0.cv1.conv.weight_quantizer                                           TensorQuantizer(8 bit fake axis=0 amax=[0.0119, 0.0523](128) calibrator=MaxCalibrator quant)
model.20.m.0.cv1.bn.input_quantizer                                              TensorQuantizer(disabled)
model.20.m.0.cv1.bn.output_quantizer                                             TensorQuantizer(disabled)
model.20.m.0.cv2.conv.input_quantizer                                            TensorQuantizer(8 bit fake per-tensor amax=25.0037 calibrator=MaxCalibrator quant)
model.20.m.0.cv2.conv.output_quantizer                                           TensorQuantizer(disabled)
model.20.m.0.cv2.conv.weight_quantizer                                           TensorQuantizer(8 bit fake axis=0 amax=[0.0070, 0.0317](128) calibrator=MaxCalibrator quant)
model.20.m.0.cv2.bn.input_quantizer                                              TensorQuantizer(disabled)
model.20.m.0.cv2.bn.output_quantizer                                             TensorQuantizer(disabled)
model.20.m.0.cv3.conv.input_quantizer                                            TensorQuantizer(8 bit fake per-tensor amax=30.4867 calibrator=MaxCalibrator quant)
model.20.m.0.cv3.conv.output_quantizer                                           TensorQuantizer(disabled)
model.20.m.0.cv3.conv.weight_quantizer                                           TensorQuantizer(8 bit fake axis=0 amax=[0.0092, 0.0693](256) calibrator=MaxCalibrator quant)
model.20.m.0.cv3.bn.input_quantizer                                              TensorQuantizer(disabled)
model.20.m.0.cv3.bn.output_quantizer                                             TensorQuantizer(disabled)
model.20.m.0.m.0.cv1.conv.input_quantizer                                        TensorQuantizer(8 bit fake per-tensor amax=7.7103 calibrator=MaxCalibrator quant)
model.20.m.0.m.0.cv1.conv.output_quantizer                                       TensorQuantizer(disabled)
model.20.m.0.m.0.cv1.conv.weight_quantizer                                       TensorQuantizer(8 bit fake axis=0 amax=[0.0133, 0.0586](128) calibrator=MaxCalibrator quant)
model.20.m.0.m.0.cv1.bn.input_quantizer                                          TensorQuantizer(disabled)
model.20.m.0.m.0.cv1.bn.output_quantizer                                         TensorQuantizer(disabled)
model.20.m.0.m.0.cv2.conv.input_quantizer                                        TensorQuantizer(8 bit fake per-tensor amax=11.8888 calibrator=MaxCalibrator quant)
model.20.m.0.m.0.cv2.conv.output_quantizer                                       TensorQuantizer(disabled)
model.20.m.0.m.0.cv2.conv.weight_quantizer                                       TensorQuantizer(8 bit fake axis=0 amax=[0.0129, 0.0566](128) calibrator=MaxCalibrator quant)
model.20.m.0.m.0.cv2.bn.input_quantizer                                          TensorQuantizer(disabled)
model.20.m.0.m.0.cv2.bn.output_quantizer                                         TensorQuantizer(disabled)
model.20.m.0.m.1.cv1.conv.input_quantizer                                        TensorQuantizer(8 bit fake per-tensor amax=12.2490 calibrator=MaxCalibrator quant)
model.20.m.0.m.1.cv1.conv.output_quantizer                                       TensorQuantizer(disabled)
model.20.m.0.m.1.cv1.conv.weight_quantizer                                       TensorQuantizer(8 bit fake axis=0 amax=[0.0100, 0.0828](128) calibrator=MaxCalibrator quant)
model.20.m.0.m.1.cv1.bn.input_quantizer                                          TensorQuantizer(disabled)
model.20.m.0.m.1.cv1.bn.output_quantizer                                         TensorQuantizer(disabled)
model.20.m.0.m.1.cv2.conv.input_quantizer                                        TensorQuantizer(8 bit fake per-tensor amax=18.5635 calibrator=MaxCalibrator quant)
model.20.m.0.m.1.cv2.conv.output_quantizer                                       TensorQuantizer(disabled)
model.20.m.0.m.1.cv2.conv.weight_quantizer                                       TensorQuantizer(8 bit fake axis=0 amax=[0.0129, 0.0610](128) calibrator=MaxCalibrator quant)
model.20.m.0.m.1.cv2.bn.input_quantizer                                          TensorQuantizer(disabled)
model.20.m.0.m.1.cv2.bn.output_quantizer                                         TensorQuantizer(disabled)
model.21.conv.input_quantizer                                                    TensorQuantizer(8 bit fake per-tensor amax=19.2042 calibrator=MaxCalibrator quant)
model.21.conv.output_quantizer                                                   TensorQuantizer(disabled)
model.21.conv.weight_quantizer                                                   TensorQuantizer(8 bit fake axis=0 amax=[0.0033, 0.0231](512) calibrator=MaxCalibrator quant)
model.21.bn.input_quantizer                                                      TensorQuantizer(disabled)
model.21.bn.output_quantizer                                                     TensorQuantizer(disabled)
model.23.cv1.conv.input_quantizer                                                TensorQuantizer(8 bit fake per-tensor amax=21.1725 calibrator=MaxCalibrator quant)
model.23.cv1.conv.output_quantizer                                               TensorQuantizer(disabled)
model.23.cv1.conv.weight_quantizer                                               TensorQuantizer(8 bit fake axis=0 amax=[0.0036, 0.0714](512) calibrator=MaxCalibrator quant)
model.23.cv1.bn.input_quantizer                                                  TensorQuantizer(disabled)
model.23.cv1.bn.output_quantizer                                                 TensorQuantizer(disabled)
model.23.cv2.conv.input_quantizer                                                TensorQuantizer(8 bit fake per-tensor amax=24.8719 calibrator=MaxCalibrator quant)
model.23.cv2.conv.output_quantizer                                               TensorQuantizer(disabled)
model.23.cv2.conv.weight_quantizer                                               TensorQuantizer(8 bit fake axis=0 amax=[0.0056, 0.0417](512) calibrator=MaxCalibrator quant)
model.23.cv2.bn.input_quantizer                                                  TensorQuantizer(disabled)
model.23.cv2.bn.output_quantizer                                                 TensorQuantizer(disabled)
model.23.m.0.cv1.conv.input_quantizer                                            TensorQuantizer(8 bit fake per-tensor amax=24.8719 calibrator=MaxCalibrator quant)
model.23.m.0.cv1.conv.output_quantizer                                           TensorQuantizer(disabled)
model.23.m.0.cv1.conv.weight_quantizer                                           TensorQuantizer(8 bit fake axis=0 amax=[0.0098, 0.0356](128) calibrator=MaxCalibrator quant)
model.23.m.0.cv1.bn.input_quantizer                                              TensorQuantizer(disabled)
model.23.m.0.cv1.bn.output_quantizer                                             TensorQuantizer(disabled)
model.23.m.0.cv2.conv.input_quantizer                                            TensorQuantizer(8 bit fake per-tensor amax=24.8719 calibrator=MaxCalibrator quant)
model.23.m.0.cv2.conv.output_quantizer                                           TensorQuantizer(disabled)
model.23.m.0.cv2.conv.weight_quantizer                                           TensorQuantizer(8 bit fake axis=0 amax=[0.0003, 0.0225](128) calibrator=MaxCalibrator quant)
model.23.m.0.cv2.bn.input_quantizer                                              TensorQuantizer(disabled)
model.23.m.0.cv2.bn.output_quantizer                                             TensorQuantizer(disabled)
model.23.m.0.cv3.conv.input_quantizer                                            TensorQuantizer(8 bit fake per-tensor amax=18.3905 calibrator=MaxCalibrator quant)
model.23.m.0.cv3.conv.output_quantizer                                           TensorQuantizer(disabled)
model.23.m.0.cv3.conv.weight_quantizer                                           TensorQuantizer(8 bit fake axis=0 amax=[0.0064, 0.0404](256) calibrator=MaxCalibrator quant)
model.23.m.0.cv3.bn.input_quantizer                                              TensorQuantizer(disabled)
model.23.m.0.cv3.bn.output_quantizer                                             TensorQuantizer(disabled)
model.23.m.0.m.0.cv1.conv.input_quantizer                                        TensorQuantizer(8 bit fake per-tensor amax=11.0059 calibrator=MaxCalibrator quant)
model.23.m.0.m.0.cv1.conv.output_quantizer                                       TensorQuantizer(disabled)
model.23.m.0.m.0.cv1.conv.weight_quantizer                                       TensorQuantizer(8 bit fake axis=0 amax=[0.0080, 0.0327](128) calibrator=MaxCalibrator quant)
model.23.m.0.m.0.cv1.bn.input_quantizer                                          TensorQuantizer(disabled)
model.23.m.0.m.0.cv1.bn.output_quantizer                                         TensorQuantizer(disabled)
model.23.m.0.m.0.cv2.conv.input_quantizer                                        TensorQuantizer(8 bit fake per-tensor amax=10.9176 calibrator=MaxCalibrator quant)
model.23.m.0.m.0.cv2.conv.output_quantizer                                       TensorQuantizer(disabled)
model.23.m.0.m.0.cv2.conv.weight_quantizer                                       TensorQuantizer(8 bit fake axis=0 amax=[0.0070, 0.0410](128) calibrator=MaxCalibrator quant)
model.23.m.0.m.0.cv2.bn.input_quantizer                                          TensorQuantizer(disabled)
model.23.m.0.m.0.cv2.bn.output_quantizer                                         TensorQuantizer(disabled)
model.23.m.0.m.1.cv1.conv.input_quantizer                                        TensorQuantizer(8 bit fake per-tensor amax=12.9080 calibrator=MaxCalibrator quant)
model.23.m.0.m.1.cv1.conv.output_quantizer                                       TensorQuantizer(disabled)
model.23.m.0.m.1.cv1.conv.weight_quantizer                                       TensorQuantizer(8 bit fake axis=0 amax=[0.0088, 0.0406](128) calibrator=MaxCalibrator quant)
model.23.m.0.m.1.cv1.bn.input_quantizer                                          TensorQuantizer(disabled)
model.23.m.0.m.1.cv1.bn.output_quantizer                                         TensorQuantizer(disabled)
model.23.m.0.m.1.cv2.conv.input_quantizer                                        TensorQuantizer(8 bit fake per-tensor amax=12.8732 calibrator=MaxCalibrator quant)
model.23.m.0.m.1.cv2.conv.output_quantizer                                       TensorQuantizer(disabled)
model.23.m.0.m.1.cv2.conv.weight_quantizer                                       TensorQuantizer(8 bit fake axis=0 amax=[0.0074, 0.0311](128) calibrator=MaxCalibrator quant)
model.23.m.0.m.1.cv2.bn.input_quantizer                                          TensorQuantizer(disabled)
model.23.m.0.m.1.cv2.bn.output_quantizer                                         TensorQuantizer(disabled)
model.24.cv2.0.0.conv.input_quantizer                                            TensorQuantizer(8 bit fake per-tensor amax=13.2820 calibrator=MaxCalibrator quant)
model.24.cv2.0.0.conv.output_quantizer                                           TensorQuantizer(disabled)
model.24.cv2.0.0.conv.weight_quantizer                                           TensorQuantizer(8 bit fake axis=0 amax=[0.0128, 0.0852](64) calibrator=MaxCalibrator quant)
model.24.cv2.0.0.bn.input_quantizer                                              TensorQuantizer(disabled)
model.24.cv2.0.0.bn.output_quantizer                                             TensorQuantizer(disabled)
model.24.cv2.0.1.conv.input_quantizer                                            TensorQuantizer(8 bit fake per-tensor amax=14.2638 calibrator=MaxCalibrator quant)
model.24.cv2.0.1.conv.output_quantizer                                           TensorQuantizer(disabled)
model.24.cv2.0.1.conv.weight_quantizer                                           TensorQuantizer(8 bit fake axis=0 amax=[0.0367, 0.1104](64) calibrator=MaxCalibrator quant)
model.24.cv2.0.1.bn.input_quantizer                                              TensorQuantizer(disabled)
model.24.cv2.0.1.bn.output_quantizer                                             TensorQuantizer(disabled)
model.24.cv2.0.2.input_quantizer                                                 TensorQuantizer(8 bit fake per-tensor amax=97.2870 calibrator=MaxCalibrator quant)
model.24.cv2.0.2.output_quantizer                                                TensorQuantizer(disabled)
model.24.cv2.0.2.weight_quantizer                                                TensorQuantizer(8 bit fake axis=0 amax=[0.0467, 0.2218](64) calibrator=MaxCalibrator quant)
model.24.cv2.1.0.conv.input_quantizer                                            TensorQuantizer(8 bit fake per-tensor amax=19.2042 calibrator=MaxCalibrator quant)
model.24.cv2.1.0.conv.output_quantizer                                           TensorQuantizer(disabled)
model.24.cv2.1.0.conv.weight_quantizer                                           TensorQuantizer(8 bit fake axis=0 amax=[0.0108, 0.0706](64) calibrator=MaxCalibrator quant)
model.24.cv2.1.0.bn.input_quantizer                                              TensorQuantizer(disabled)
model.24.cv2.1.0.bn.output_quantizer                                             TensorQuantizer(disabled)
model.24.cv2.1.1.conv.input_quantizer                                            TensorQuantizer(8 bit fake per-tensor amax=16.7145 calibrator=MaxCalibrator quant)
model.24.cv2.1.1.conv.output_quantizer                                           TensorQuantizer(disabled)
model.24.cv2.1.1.conv.weight_quantizer                                           TensorQuantizer(8 bit fake axis=0 amax=[0.0280, 0.1133](64) calibrator=MaxCalibrator quant)
model.24.cv2.1.1.bn.input_quantizer                                              TensorQuantizer(disabled)
model.24.cv2.1.1.bn.output_quantizer                                             TensorQuantizer(disabled)
model.24.cv2.1.2.input_quantizer                                                 TensorQuantizer(8 bit fake per-tensor amax=79.2827 calibrator=MaxCalibrator quant)
model.24.cv2.1.2.output_quantizer                                                TensorQuantizer(disabled)
model.24.cv2.1.2.weight_quantizer                                                TensorQuantizer(8 bit fake axis=0 amax=[0.0676, 0.2688](64) calibrator=MaxCalibrator quant)
model.24.cv2.2.0.conv.input_quantizer                                            TensorQuantizer(8 bit fake per-tensor amax=13.5082 calibrator=MaxCalibrator quant)
model.24.cv2.2.0.conv.output_quantizer                                           TensorQuantizer(disabled)
model.24.cv2.2.0.conv.weight_quantizer                                           TensorQuantizer(8 bit fake axis=0 amax=[0.0091, 0.0383](64) calibrator=MaxCalibrator quant)
model.24.cv2.2.0.bn.input_quantizer                                              TensorQuantizer(disabled)
model.24.cv2.2.0.bn.output_quantizer                                             TensorQuantizer(disabled)
model.24.cv2.2.1.conv.input_quantizer                                            TensorQuantizer(8 bit fake per-tensor amax=16.4280 calibrator=MaxCalibrator quant)
model.24.cv2.2.1.conv.output_quantizer                                           TensorQuantizer(disabled)
model.24.cv2.2.1.conv.weight_quantizer                                           TensorQuantizer(8 bit fake axis=0 amax=[0.0250, 0.0938](64) calibrator=MaxCalibrator quant)
model.24.cv2.2.1.bn.input_quantizer                                              TensorQuantizer(disabled)
model.24.cv2.2.1.bn.output_quantizer                                             TensorQuantizer(disabled)
model.24.cv2.2.2.input_quantizer                                                 TensorQuantizer(8 bit fake per-tensor amax=65.8642 calibrator=MaxCalibrator quant)
model.24.cv2.2.2.output_quantizer                                                TensorQuantizer(disabled)
model.24.cv2.2.2.weight_quantizer                                                TensorQuantizer(8 bit fake axis=0 amax=[0.0196, 0.2196](64) calibrator=MaxCalibrator quant)
model.24.cv3.0.0.0.conv.input_quantizer                                          TensorQuantizer(8 bit fake per-tensor amax=13.2820 calibrator=MaxCalibrator quant)
model.24.cv3.0.0.0.conv.output_quantizer                                         TensorQuantizer(disabled)
model.24.cv3.0.0.0.conv.weight_quantizer                                         TensorQuantizer(8 bit fake axis=0 amax=[0.0084, 0.0682](256) calibrator=MaxCalibrator quant)
model.24.cv3.0.0.0.bn.input_quantizer                                            TensorQuantizer(disabled)
model.24.cv3.0.0.0.bn.output_quantizer                                           TensorQuantizer(disabled)
model.24.cv3.0.0.1.conv.input_quantizer                                          TensorQuantizer(8 bit fake per-tensor amax=15.7189 calibrator=MaxCalibrator quant)
model.24.cv3.0.0.1.conv.output_quantizer                                         TensorQuantizer(disabled)
model.24.cv3.0.0.1.conv.weight_quantizer                                         TensorQuantizer(8 bit fake axis=0 amax=[0.0112, 0.0732](256) calibrator=MaxCalibrator quant)
model.24.cv3.0.0.1.bn.input_quantizer                                            TensorQuantizer(disabled)
model.24.cv3.0.0.1.bn.output_quantizer                                           TensorQuantizer(disabled)
model.24.cv3.0.1.0.conv.input_quantizer                                          TensorQuantizer(8 bit fake per-tensor amax=17.1291 calibrator=MaxCalibrator quant)
model.24.cv3.0.1.0.conv.output_quantizer                                         TensorQuantizer(disabled)
model.24.cv3.0.1.0.conv.weight_quantizer                                         TensorQuantizer(8 bit fake axis=0 amax=[0.0110, 0.1189](256) calibrator=MaxCalibrator quant)
model.24.cv3.0.1.0.bn.input_quantizer                                            TensorQuantizer(disabled)
model.24.cv3.0.1.0.bn.output_quantizer                                           TensorQuantizer(disabled)
model.24.cv3.0.1.1.conv.input_quantizer                                          TensorQuantizer(8 bit fake per-tensor amax=43.0521 calibrator=MaxCalibrator quant)
model.24.cv3.0.1.1.conv.output_quantizer                                         TensorQuantizer(disabled)
model.24.cv3.0.1.1.conv.weight_quantizer                                         TensorQuantizer(8 bit fake axis=0 amax=[0.0124, 0.0422](256) calibrator=MaxCalibrator quant)
model.24.cv3.0.1.1.bn.input_quantizer                                            TensorQuantizer(disabled)
model.24.cv3.0.1.1.bn.output_quantizer                                           TensorQuantizer(disabled)
model.24.cv3.0.2.input_quantizer                                                 TensorQuantizer(8 bit fake per-tensor amax=54.5381 calibrator=MaxCalibrator quant)
model.24.cv3.0.2.output_quantizer                                                TensorQuantizer(disabled)
model.24.cv3.0.2.weight_quantizer                                                TensorQuantizer(8 bit fake axis=0 amax=[0.0373, 0.0872](80) calibrator=MaxCalibrator quant)
model.24.cv3.1.0.0.conv.input_quantizer                                          TensorQuantizer(8 bit fake per-tensor amax=19.2042 calibrator=MaxCalibrator quant)
model.24.cv3.1.0.0.conv.output_quantizer                                         TensorQuantizer(disabled)
model.24.cv3.1.0.0.conv.weight_quantizer                                         TensorQuantizer(8 bit fake axis=0 amax=[0.0045, 0.0688](512) calibrator=MaxCalibrator quant)
model.24.cv3.1.0.0.bn.input_quantizer                                            TensorQuantizer(disabled)
model.24.cv3.1.0.0.bn.output_quantizer                                           TensorQuantizer(disabled)
model.24.cv3.1.0.1.conv.input_quantizer                                          TensorQuantizer(8 bit fake per-tensor amax=22.2622 calibrator=MaxCalibrator quant)
model.24.cv3.1.0.1.conv.output_quantizer                                         TensorQuantizer(disabled)
model.24.cv3.1.0.1.conv.weight_quantizer                                         TensorQuantizer(8 bit fake axis=0 amax=[0.0076, 0.0834](256) calibrator=MaxCalibrator quant)
model.24.cv3.1.0.1.bn.input_quantizer                                            TensorQuantizer(disabled)
model.24.cv3.1.0.1.bn.output_quantizer                                           TensorQuantizer(disabled)
model.24.cv3.1.1.0.conv.input_quantizer                                          TensorQuantizer(8 bit fake per-tensor amax=16.3891 calibrator=MaxCalibrator quant)
model.24.cv3.1.1.0.conv.output_quantizer                                         TensorQuantizer(disabled)
model.24.cv3.1.1.0.conv.weight_quantizer                                         TensorQuantizer(8 bit fake axis=0 amax=[0.0103, 0.1019](256) calibrator=MaxCalibrator quant)
model.24.cv3.1.1.0.bn.input_quantizer                                            TensorQuantizer(disabled)
model.24.cv3.1.1.0.bn.output_quantizer                                           TensorQuantizer(disabled)
model.24.cv3.1.1.1.conv.input_quantizer                                          TensorQuantizer(8 bit fake per-tensor amax=45.2490 calibrator=MaxCalibrator quant)
model.24.cv3.1.1.1.conv.output_quantizer                                         TensorQuantizer(disabled)
model.24.cv3.1.1.1.conv.weight_quantizer                                         TensorQuantizer(8 bit fake axis=0 amax=[0.0108, 0.0446](256) calibrator=MaxCalibrator quant)
model.24.cv3.1.1.1.bn.input_quantizer                                            TensorQuantizer(disabled)
model.24.cv3.1.1.1.bn.output_quantizer                                           TensorQuantizer(disabled)
model.24.cv3.1.2.input_quantizer                                                 TensorQuantizer(8 bit fake per-tensor amax=51.7781 calibrator=MaxCalibrator quant)
model.24.cv3.1.2.output_quantizer                                                TensorQuantizer(disabled)
model.24.cv3.1.2.weight_quantizer                                                TensorQuantizer(8 bit fake axis=0 amax=[0.0346, 0.0854](80) calibrator=MaxCalibrator quant)
model.24.cv3.2.0.0.conv.input_quantizer                                          TensorQuantizer(8 bit fake per-tensor amax=13.5082 calibrator=MaxCalibrator quant)
model.24.cv3.2.0.0.conv.output_quantizer                                         TensorQuantizer(disabled)
model.24.cv3.2.0.0.conv.weight_quantizer                                         TensorQuantizer(8 bit fake axis=0 amax=[0.0000, 0.0432](512) calibrator=MaxCalibrator quant)
model.24.cv3.2.0.0.bn.input_quantizer                                            TensorQuantizer(disabled)
model.24.cv3.2.0.0.bn.output_quantizer                                           TensorQuantizer(disabled)
model.24.cv3.2.0.1.conv.input_quantizer                                          TensorQuantizer(8 bit fake per-tensor amax=11.8107 calibrator=MaxCalibrator quant)
model.24.cv3.2.0.1.conv.output_quantizer                                         TensorQuantizer(disabled)
model.24.cv3.2.0.1.conv.weight_quantizer                                         TensorQuantizer(8 bit fake axis=0 amax=[0.0000, 0.0637](256) calibrator=MaxCalibrator quant)
model.24.cv3.2.0.1.bn.input_quantizer                                            TensorQuantizer(disabled)
model.24.cv3.2.0.1.bn.output_quantizer                                           TensorQuantizer(disabled)
model.24.cv3.2.1.0.conv.input_quantizer                                          TensorQuantizer(8 bit fake per-tensor amax=13.9373 calibrator=MaxCalibrator quant)
model.24.cv3.2.1.0.conv.output_quantizer                                         TensorQuantizer(disabled)
model.24.cv3.2.1.0.conv.weight_quantizer                                         TensorQuantizer(8 bit fake axis=0 amax=[0.0000, 0.0910](256) calibrator=MaxCalibrator quant)
model.24.cv3.2.1.0.bn.input_quantizer                                            TensorQuantizer(disabled)
model.24.cv3.2.1.0.bn.output_quantizer                                           TensorQuantizer(disabled)
model.24.cv3.2.1.1.conv.input_quantizer                                          TensorQuantizer(8 bit fake per-tensor amax=31.5542 calibrator=MaxCalibrator quant)
model.24.cv3.2.1.1.conv.output_quantizer                                         TensorQuantizer(disabled)
model.24.cv3.2.1.1.conv.weight_quantizer                                         TensorQuantizer(8 bit fake axis=0 amax=[0.0067, 0.0419](256) calibrator=MaxCalibrator quant)
model.24.cv3.2.1.1.bn.input_quantizer                                            TensorQuantizer(disabled)
model.24.cv3.2.1.1.bn.output_quantizer                                           TensorQuantizer(disabled)
model.24.cv3.2.2.input_quantizer                                                 TensorQuantizer(8 bit fake per-tensor amax=60.1338 calibrator=MaxCalibrator quant)
model.24.cv3.2.2.output_quantizer                                                TensorQuantizer(disabled)
model.24.cv3.2.2.weight_quantizer                                                TensorQuantizer(8 bit fake axis=0 amax=[0.0263, 0.0723](80) calibrator=MaxCalibrator quant)
model.24.dfl.conv.input_quantizer                                                TensorQuantizer(disabled)
model.24.dfl.conv.output_quantizer                                               TensorQuantizer(disabled)
model.24.dfl.conv.weight_quantizer                                               TensorQuantizer(disabled)
961 TensorQuantizers found in model
[mtq] exporting with 372 active quantizers (1 candidate weight sets)
[onnx] runs/a3/v01m/qdq-sq/qat_qdq_model.onnx
  [audit int8-qdq] engine layer precisions: {'Half': 212, 'Int8': 197, 'Float': 65}
Ultralytics 8.4.101 🚀 Python-3.11.10 torch-2.4.1+cu124 CUDA:0 (NVIDIA L4, 22563MiB)
Loading runs/a3/v01m/qdq-sq/model_int8-qdq_model.engine for TensorRT inference...
[08/25/2026-17:03:35] [TRT] [I] Loaded engine size: 71 MiB
[08/25/2026-17:03:35] [TRT] [I] [MemUsageChange] TensorRT-managed allocation in IExecutionContext creation: CPU +1, GPU +75, now: CPU 2, GPU 136 (MiB)
Setting batch=1 input of shape (1, 3, 640, 640)
WARNING ⚠️ [34m[1mval: [0mSlow image access detected (ping: 0.5±0.1 ms, read: 33.0±15.6 MB/s, size: 174.9 KB). Use local storage instead of remote/mounted storage for better performance. See https://docs.ultralytics.com/guides/model-training-tips/
[K[34m[1mval: [0mScanning /data/datasets/coco/labels/val2017.cache... 4952 images, 48 backgrounds, 0 corrupt: 100% ━━━━━━━━━━━━ 5000/5000 635.5Mit/s 0.0s
[K                 Class     Images  Instances      Box(P          R      mAP50  mAP50-95): 0% ──────────── 9/5000 26.8it/s 0.1s<3:06[K                 Class     Images  Instances      Box(P          R      mAP50  mAP50-95): 0% ──────────── 20/5000 49.6it/s 0.2s<1:40[K                 Class     Images  Instances      Box(P          R      mAP50  mAP50-95): 0% ──────────── 33/5000 73.4it/s 0.3s<1:08[K                 Class     Images  Instances      Box(P          R      mAP50  mAP50-95): 0% ──────────── 45/5000 85.3it/s 0.4s<58.1s[K                 Class     Images  Instances      Box(P          R      mAP50  mAP50-95): 1% ──────────── 57/5000 92.8it/s 0.5s<53.2s[K                 Class     Images  Instances      Box(P          R      mAP50  mAP50-95): 1% ──────────── 69/5000 98.7it/s 0.6s<50.0s[K                 Class     Images  Instances      Box(P          R      mAP50  mAP50-95): 1% ──────────── 81/5000 102.7it/s 0.7s<47.9s[K                 Class     Images  Instances      Box(P          R      mAP50  mAP50-95): 1% ──────────── 93/5000 105.4it/s 0.8s<46.6s[K                 Class     Images  Instances      Box(P          R      mAP50  mAP50-95): 2% ──────────── 105/5000 106.9it/s 1.0s<45.8s[K                 Class     Images  Instances      Box(P          R      mAP50  mAP50-95): 2% ──────────── 116/5000 106.8it/s 1.1s<45.7s[K                 Class     Images  Instances      Box(P          R      mAP50  mAP50-95): 2% ──────────── 128/5000 107.9it/s 1.2s<45.1s[K                 Class     Images  Instances      Box(P          R      mAP50  mAP50-95): 2% ──────────── 139/5000 108.5it/s 1.3s<44.8s[K                 Class     Images  Instances      Box(P          R      mAP50  mAP50-95): 3% ──────────── 151/5000 109.2it/s 1.4s<44.4s[K                 Class     Images  Instances      Box(P          R      mAP50  mAP50-95): 3% ──────────── 163/5000 109.1it/s 1.5s<44.3s[K                 Class     Images  Instances      Box(P          R      mAP50  mAP50-95): 3% ──────────── 175/5000 109.2it/s 1.6s<44.2s[K                 Class     Images  Instances      Box(P          R      mAP50  mAP50-95): 3% ──────────── 186/5000 108.8it/s 1.7s<44.2s[K                 Class     Images  Instances      Box(P          R      mAP50  mAP50-95): 3% ──────────── 197/5000 109.1it/s 1.8s<44.0s[K                 Class     Images  Instances      Box(P          R      mAP50  mAP50-95): 4% ╸─────────── 209/5000 109.9it/s 1.9s<43.6s[K                 Class     Images  Instances      Box(P          R      mAP50  mAP50-95): 4% ╸─────────── 221/5000 110.4it/s 2.0s<43.3s[K                 Class     Images  Instances      Box(P          R      mAP50  mAP50-95): 4% ╸─────────── 233/5000 110.6it/s 2.1s<43.1s[K                 Class     Images  Instances      Box(P          R      mAP50  mAP50-95): 4% ╸─────────── 245/5000 110.8it/s 2.2s<42.9s[K                 Class     Images  Instances      Box(P          R      mAP50  mAP50-95): 5% ╸─────────── 256/5000 110.0it/s 2.3s<43.1s[K                 Class     Images  Instances      Box(P          R      mAP50  mAP50-95): 5% ╸─────────── 268/5000 110.7it/s 2.4s<42.8s[K                 Class     Images  Instances      Box(P          R      mAP50  mAP50-95): 5% ╸─────────── 280/5000 111.0it/s 2.5s<42.5s[K                 Class     Images  Instances      Box(P          R      mAP50  mAP50-95): 5% ╸─────────── 291/5000 110.2it/s 2.6s<42.7s[K                 Class     Images  Instances      Box(P          R      mAP50  mAP50-95): 6% ╸─────────── 303/5000 111.1it/s 2.7s<42.3s[K                 Class     Images  Instances      Box(P          R      mAP50  mAP50-95): 6% ╸─────────── 314/5000 110.5it/s 2.9s<42.4s[K                 Class     Images  Instances      Box(P          R      mAP50  mAP50-95): 6% ╸─────────── 325/5000 109.4it/s 3.0s<42.8s[K                 Class     Images  Instances      Box(P          R      mAP50  mAP50-95): 6% ╸─────────── 337/5000 111.5it/s 3.1s<41.8s[K                 Class     Images  Instances      Box(P          R      mAP50  mAP50-95): 6% ╸─────────── 348/5000 110.9it/s 3.2s<41.9s[K                 Class     Images  Instances      Box(P          R      mAP50  mAP50-95): 7% ╸─────────── 359/5000 110.5it/s 3.3s<42.0s[K                 Class     Images  Instances      Box(P          R      mAP50  mAP50-95): 7% ╸─────────── 371/5000 111.9it/s 3.4s<41.4s[K                 Class     Images  Instances      Box(P          R      mAP50  mAP50-95): 7% ╸─────────── 383/5000 111.6it/s 3.5s<41.4s[K                 Class     Images  Instances      Box(P          R      mAP50  mAP50-95): 7% ╸─────────── 395/5000 112.2it/s 3.6s<41.0s[K                 Class     Images  Instances      Box(P          R      mAP50  mAP50-95): 8% ╸─────────── 407/5000 112.0it/s 3.7s<41.0s[K                 Class     Images  Instances      Box(P          R      mAP50  mAP50-95): 8% ━─────────── 418/5000 111.4it/s 3.8s<41.1s[K                 Class     Images  Instances      Box(P          R      mAP50  mAP50-95): 8% ━─────────── 430/5000 111.9it/s 3.9s<40.8s[K                 Class     Images  Instances      Box(P          R      mAP50  mAP50-95): 8% ━─────────── 442/5000 112.8it/s 4.0s<40.4s[K                 Class     Images  Instances      Box(P          R      mAP50  mAP50-95): 9% ━─────────── 453/5000 111.5it/s 4.1s<40.8s[K                 Class     Images  Instances      Box(P          R      mAP50  mAP50-95): 9% ━─────────── 465/5000 112.2it/s 4.2s<40.4s[K                 Class     Images  Instances      Box(P          R      mAP50  mAP50-95): 9% ━─────────── 477/5000 112.2it/s 4.3s<40.3s[K                 Class     Images  Instances      Box(P          R      mAP50  mAP50-95): 9% ━─────────── 488/5000 111.5it/s 4.4s<40.5s[K                 Class     Images  Instances      Box(P          R      mAP50  mAP50-95): 10% ━─────────── 500/5000 111.3it/s 4.5s<40.4s[K                 Class     Images  Instances      Box(P          R      mAP50  mAP50-95): 10% ━─────────── 511/5000 110.1it/s 4.6s<40.8s[K                 Class     Images  Instances      Box(P          R      mAP50  mAP50-95): 10% ━─────────── 523/5000 110.2it/s 4.7s<40.6s[K                 Class     Images  Instances      Box(P          R      mAP50  mAP50-95): 10% ━─────────── 535/5000 109.9it/s 4.8s<40.6s[K                 Class     Images  Instances      Box(P          R      mAP50  mAP50-95): 10% ━─────────── 547/5000 110.0it/s 4.9s<40.5s[K                 Class     Images  Instances      Box(P          R      mAP50  mAP50-95): 11% ━─────────── 559/5000 110.3it/s 5.1s<40.3s[K                 Class     Images  Instances      Box(P          R      mAP50  mAP50-95): 11% ━─────────── 571/5000 110.6it/s 5.2s<40.0s[K                 Class     Images  Instances      Box(P          R      mAP50  mAP50-95): 11% ━─────────── 582/5000 110.2it/s 5.3s<40.1s[K                 Class     Images  Instances      Box(P          R      mAP50  mAP50-95): 11% ━─────────── 593/5000 109.5it/s 5.4s<40.2s[K                 Class     Images  Instances      Box(P          R      mAP50  mAP50-95): 12% ━─────────── 604/5000 108.8it/s 5.5s<40.4s[K                 Class     Images  Instances      Box(P          R      mAP50  mAP50-95): 12% ━─────────── 615/5000 108.3it/s 5.6s<40.5s[K                 Class     Images  Instances      Box(P          R      mAP50  mAP50-95): 12% ━╸────────── 626/5000 108.1it/s 5.7s<40.4s[K                 Class     Images  Instances      Box(P          R      mAP50  mAP50-95): 12% ━╸────────── 638/5000 108.6it/s 5.8s<40.2s[K                 Class     Images  Instances      Box(P          R      mAP50  mAP50-95): 12% ━╸────────── 649/5000 107.4it/s 5.9s<40.5s[K                 Class     Images  Instances      Box(P          R      mAP50  mAP50-95): 13% ━╸────────── 659/5000 102.4it/s 6.0s<42.4s[K                 Class     Images  Instances      Box(P          R      mAP50  mAP50-95): 13% ━╸────────── 668/5000 98.3it/s 6.1s<44.1s[K                 Class     Images  Instances      Box(P          R      mAP50  mAP50-95): 13% ━╸────────── 678/5000 97.0it/s 6.2s<44.6s[K                 Class     Images  Instances      Box(P          R      mAP50  mAP50-95): 13% ━╸────────── 688/5000 96.6it/s 6.3s<44.6s[K                 Class     Images  Instances      Box(P          R      mAP50  mAP50-95): 13% ━╸────────── 698/5000 95.1it/s 6.4s<45.3s[K                 Class     Images  Instances      Box(P          R      mAP50  mAP50-95): 14% ━╸────────── 708/5000 93.9it/s 6.5s<45.7s[K                 Class     Images  Instances      Box(P          R      mAP50  mAP50-95): 14% ━╸────────── 719/5000 95.7it/s 6.6s<44.7s[K                 Class     Images  Instances      Box(P          R      mAP50  mAP50-95): 14% ━╸────────── 728/5000 92.8it/s 6.7s<46.0s[K                 Class     Images  Instances      Box(P          R      mAP50  mAP50-95): 14% ━╸────────── 737/5000 91.1it/s 6.8s<46.8s[K                 Class     Images  Instances      Box(P          R      mAP50  mAP50-95): 14% ━╸────────── 747/5000 92.0it/s 7.0s<46.2s[K                 Class     Images  Instances      Box(P          R      mAP50  mAP50-95): 15% ━╸────────── 756/5000 88.9it/s 7.1s<47.8s[K                 Class     Images  Instances      Box(P          R      mAP50  mAP50-95): 15% ━╸────────── 766/5000 90.8it/s 7.2s<46.6s[K                 Class     Images  Instances      Box(P          R      mAP50  mAP50-95): 15% ━╸────────── 778/5000 97.0it/s 7.3s<43.5s[K                 Class     Images  Instances      Box(P          R      mAP50  mAP50-95): 15% ━╸────────── 789/5000 100.7it/s 7.4s<41.8s[K                 Class     Images  Instances      Box(P          R      mAP50  mAP50-95): 16% ━╸────────── 801/5000 104.1it/s 7.5s<40.3s[K                 Class     Images  Instances      Box(P          R      mAP50  mAP50-95): 16% ━╸────────── 813/5000 107.0it/s 7.6s<39.1s[K                 Class     Images  Instances      Box(P          R      mAP50  mAP50-95): 16% ━╸────────── 825/5000 109.4it/s 7.7s<38.2s[K                 Class     Images  Instances      Box(P          R      mAP50  mAP50-95): 16% ━━────────── 837/5000 110.0it/s 7.8s<37.8s[K                 Class     Images  Instances      Box(P          R      mAP50  mAP50-95): 16% ━━────────── 849/5000 110.9it/s 7.9s<37.4s[K                 Class     Images  Instances      Box(P          R      mAP50  mAP50-95): 17% ━━────────── 861/5000 110.9it/s 8.0s<37.3s[K                 Class     Images  Instances      Box(P          R      mAP50  mAP50-95): 17% ━━────────── 873/5000 111.4it/s 8.1s<37.0s[K                 Class     Images  Instances      Box(P          R      mAP50  mAP50-95): 17% ━━────────── 885/5000 111.7it/s 8.2s<36.8s[K                 Class     Images  Instances      Box(P          R      mAP50  mAP50-95): 17% ━━────────── 897/5000 111.7it/s 8.3s<36.7s[K                 Class     Images  Instances      Box(P          R      mAP50  mAP50-95): 18% ━━────────── 909/5000 112.6it/s 8.4s<36.3s[K                 Class     Images  Instances      Box(P          R      mAP50  mAP50-95): 18% ━━────────── 921/5000 112.7it/s 8.5s<36.2s[K                 Class     Images  Instances      Box(P          R      mAP50  mAP50-95): 18% ━━────────── 933/5000 112.7it/s 8.7s<36.1s[K                 Class     Images  Instances      Box(P          R      mAP50  mAP50-95): 18% ━━────────── 945/5000 113.0it/s 8.8s<35.9s[K                 Class     Images  Instances      Box(P          R      mAP50  mAP50-95): 19% ━━────────── 957/5000 113.1it/s 8.9s<35.7s[K                 Class     Images  Instances      Box(P          R      mAP50  mAP50-95): 19% ━━────────── 968/5000 112.1it/s 9.0s<36.0s[K                 Class     Images  Instances      Box(P          R      mAP50  mAP50-95): 19% ━━────────── 980/5000 112.3it/s 9.1s<35.8s[K                 Class     Images  Instances      Box(P          R      mAP50  mAP50-95): 19% ━━────────── 992/5000 111.9it/s 9.2s<35.8s[K                 Class     Images  Instances      Box(P          R      mAP50  mAP50-95): 20% ━━────────── 1004/5000 112.0it/s 9.3s<35.7s[K                 Class     Images  Instances      Box(P          R      mAP50  mAP50-95): 20% ━━────────── 1016/5000 112.3it/s 9.4s<35.5s[K                 Class     Images  Instances      Box(P          R      mAP50  mAP50-95): 20% ━━────────── 1028/5000 112.1it/s 9.5s<35.4s[K                 Class     Images  Instances      Box(P          R      mAP50  mAP50-95): 20% ━━────────── 1040/5000 112.3it/s 9.6s<35.3s[K                 Class     Images  Instances      Box(P          R      mAP50  mAP50-95): 21% ━━╸───────── 1052/5000 112.0it/s 9.7s<35.3s[K                 Class     Images  Instances      Box(P          R      mAP50  mAP50-95): 21% ━━╸───────── 1064/5000 112.2it/s 9.8s<35.1s[K                 Class     Images  Instances      Box(P          R      mAP50  mAP50-95): 21% ━━╸───────── 1076/5000 112.4it/s 9.9s<34.9s[K                 Class     Images  Instances      Box(P          R      mAP50  mAP50-95): 21% ━━╸───────── 1088/5000 111.7it/s 10.0s<35.0s[K                 Class     Images  Instances      Box(P          R      mAP50  mAP50-95): 21% ━━╸───────── 1099/5000 111.1it/s 10.1s<35.1s[K                 Class     Images  Instances      Box(P          R      mAP50  mAP50-95): 22% ━━╸───────── 1111/5000 111.2it/s 10.2s<35.0s[K                 Class     Images  Instances      Box(P          R      mAP50  mAP50-95): 22% ━━╸───────── 1123/5000 111.5it/s 10.4s<34.8s[K                 Class     Images  Instances      Box(P          R      mAP50  mAP50-95): 22% ━━╸───────── 1135/5000 111.4it/s 10.5s<34.7s[K                 Class     Images  Instances      Box(P          R      mAP50  mAP50-95): 22% ━━╸───────── 1147/5000 111.5it/s 10.6s<34.6s[K                 Class     Images  Instances      Box(P          R      mAP50  mAP50-95): 23% ━━╸───────── 1159/5000 111.9it/s 10.7s<34.3s[K                 Class     Images  Instances      Box(P          R      mAP50  mAP50-95): 23% ━━╸───────── 1171/5000 111.3it/s 10.8s<34.4s[K                 Class     Images  Instances      Box(P          R      mAP50  mAP50-95): 23% ━━╸───────── 1183/5000 111.5it/s 10.9s<34.2s[K                 Class     Images  Instances      Box(P          R      mAP50  mAP50-95): 23% ━━╸───────── 1195/5000 111.7it/s 11.0s<34.1s[K                 Class     Images  Instances      Box(P          R      mAP50  mAP50-95): 24% ━━╸───────── 1207/5000 112.0it/s 11.1s<33.9s[K                 Class     Images  Instances      Box(P          R      mAP50  mAP50-95): 24% ━━╸───────── 1218/5000 111.0it/s 11.2s<34.1s[K                 Class     Images  Instances      Box(P          R      mAP50  mAP50-95): 24% ━━╸───────── 1230/5000 111.4it/s 11.3s<33.8s[K                 Class     Images  Instances      Box(P          R      mAP50  mAP50-95): 24% ━━╸───────── 1242/5000 111.6it/s 11.4s<33.7s[K                 Class     Images  Instances      Box(P          R      mAP50  mAP50-95): 25% ━━━───────── 1253/5000 111.1it/s 11.5s<33.7s[K                 Class     Images  Instances      Box(P          R      mAP50  mAP50-95): 25% ━━━───────── 1265/5000 111.8it/s 11.6s<33.4s[K                 Class     Images  Instances      Box(P          R      mAP50  mAP50-95): 25% ━━━───────── 1277/5000 111.9it/s 11.7s<33.3s[K                 Class     Images  Instances      Box(P          R      mAP50  mAP50-95): 25% ━━━───────── 1289/5000 112.0it/s 11.8s<33.1s[K                 Class     Images  Instances      Box(P          R      mAP50  mAP50-95): 26% ━━━───────── 1301/5000 111.9it/s 11.9s<33.1s[K                 Class     Images  Instances      Box(P          R      mAP50  mAP50-95): 26% ━━━───────── 1313/5000 111.6it/s 12.1s<33.0s[K                 Class     Images  Instances      Box(P          R      mAP50  mAP50-95): 26% ━━━───────── 1325/5000 111.9it/s 12.2s<32.8s[K                 Class     Images  Instances      Box(P          R      mAP50  mAP50-95): 26% ━━━───────── 1337/5000 112.3it/s 12.3s<32.6s[K                 Class     Images  Instances      Box(P          R      mAP50  mAP50-95): 26% ━━━───────── 1349/5000 111.9it/s 12.4s<32.6s[K                 Class     Images  Instances      Box(P          R      mAP50  mAP50-95): 27% ━━━───────── 1361/5000 112.1it/s 12.5s<32.5s[K                 Class     Images  Instances      Box(P          R      mAP50  mAP50-95): 27% ━━━───────── 1373/5000 112.2it/s 12.6s<32.3s[K                 Class     Images  Instances      Box(P          R      mAP50  mAP50-95): 27% ━━━───────── 1385/5000 112.0it/s 12.7s<32.3s[K                 Class     Images  Instances      Box(P          R      mAP50  mAP50-95): 27% ━━━───────── 1397/5000 112.2it/s 12.8s<32.1s[K                 Class     Images  Instances      Box(P          R      mAP50  mAP50-95): 28% ━━━───────── 1409/5000 112.3it/s 12.9s<32.0s[K                 Class     Images  Instances      Box(P          R      mAP50  mAP50-95): 28% ━━━───────── 1421/5000 112.6it/s 13.0s<31.8s[K                 Class     Images  Instances      Box(P          R      mAP50  mAP50-95): 28% ━━━───────── 1433/5000 112.3it/s 13.1s<31.8s[K                 Class     Images  Instances      Box(P          R      mAP50  mAP50-95): 28% ━━━───────── 1445/5000 112.3it/s 13.2s<31.7s[K                 Class     Images  Instances      Box(P          R      mAP50  mAP50-95): 29% ━━━───────── 1457/5000 112.6it/s 13.3s<31.5s[K                 Class     Images  Instances      Box(P          R      mAP50  mAP50-95): 29% ━━━╸──────── 1469/5000 112.3it/s 13.4s<31.4s[K                 Class     Images  Instances      Box(P          R      mAP50  mAP50-95): 29% ━━━╸──────── 1480/5000 111.0it/s 13.5s<31.7s[K                 Class     Images  Instances      Box(P          R      mAP50  mAP50-95): 29% ━━━╸──────── 1492/5000 111.6it/s 13.6s<31.4s[K                 Class     Images  Instances      Box(P          R      mAP50  mAP50-95): 30% ━━━╸──────── 1504/5000 112.4it/s 13.8s<31.1s[K                 Class     Images  Instances      Box(P          R      mAP50  mAP50-95): 30% ━━━╸──────── 1516/5000 112.3it/s 13.9s<31.0s[K                 Class     Images  Instances      Box(P          R      mAP50  mAP50-95): 30% ━━━╸──────── 1528/5000 112.0it/s 14.0s<31.0s[K                 Class     Images  Instances      Box(P          R      mAP50  mAP50-95): 30% ━━━╸──────── 1540/5000 112.6it/s 14.1s<30.7s[K                 Class     Images  Instances      Box(P          R      mAP50  mAP50-95): 31% ━━━╸──────── 1552/5000 112.1it/s 14.2s<30.8s[K                 Class     Images  Instances      Box(P          R      mAP50  mAP50-95): 31% ━━━╸──────── 1564/5000 111.8it/s 14.3s<30.7s[K                 Class     Images  Instances      Box(P          R      mAP50  mAP50-95): 31% ━━━╸──────── 1576/5000 111.4it/s 14.4s<30.7s[K                 Class     Images  Instances      Box(P          R      mAP50  mAP50-95): 31% ━━━╸──────── 1588/5000 111.5it/s 14.5s<30.6s[K                 Class     Images  Instances      Box(P          R      mAP50  mAP50-95): 32% ━━━╸──────── 1600/5000 111.4it/s 14.6s<30.5s[K                 Class     Images  Instances      Box(P          R      mAP50  mAP50-95): 32% ━━━╸──────── 1612/5000 111.7it/s 14.7s<30.3s[K                 Class     Images  Instances      Box(P          R      mAP50  mAP50-95): 32% ━━━╸──────── 1624/5000 112.0it/s 14.8s<30.1s[K                 Class     Images  Instances      Box(P          R      mAP50  mAP50-95): 32% ━━━╸──────── 1636/5000 112.3it/s 14.9s<30.0s[K                 Class     Images  Instances      Box(P          R      mAP50  mAP50-95): 32% ━━━╸──────── 1648/5000 112.4it/s 15.0s<29.8s[K                 Class     Images  Instances      Box(P          R      mAP50  mAP50-95): 33% ━━━╸──────── 1660/5000 112.5it/s 15.1s<29.7s[K                 Class     Images  Instances      Box(P          R      mAP50  mAP50-95): 33% ━━━━──────── 1672/5000 112.3it/s 15.3s<29.6s[K                 Class     Images  Instances      Box(P          R      mAP50  mAP50-95): 33% ━━━━──────── 1684/5000 112.0it/s 15.4s<29.6s[K                 Class     Images  Instances      Box(P          R      mAP50  mAP50-95): 33% ━━━━──────── 1696/5000 111.9it/s 15.5s<29.5s[K                 Class     Images  Instances      Box(P          R      mAP50  mAP50-95): 34% ━━━━──────── 1708/5000 111.4it/s 15.6s<29.5s[K                 Class     Images  Instances      Box(P          R      mAP50  mAP50-95): 34% ━━━━──────── 1720/5000 112.3it/s 15.7s<29.2s[K                 Class     Images  Instances      Box(P          R      mAP50  mAP50-95): 34% ━━━━──────── 1732/5000 112.3it/s 15.8s<29.1s[K                 Class     Images  Instances      Box(P          R      mAP50  mAP50-95): 34% ━━━━──────── 1744/5000 112.6it/s 15.9s<28.9s[K                 Class     Images  Instances      Box(P          R      mAP50  mAP50-95): 35% ━━━━──────── 1756/5000 112.4it/s 16.0s<28.9s[K                 Class     Images  Instances      Box(P          R      mAP50  mAP50-95): 35% ━━━━──────── 1768/5000 112.1it/s 16.1s<28.8s[K                 Class     Images  Instances      Box(P          R      mAP50  mAP50-95): 35% ━━━━──────── 1780/5000 111.6it/s 16.2s<28.8s[K                 Class     Images  Instances      Box(P          R      mAP50  mAP50-95): 35% ━━━━──────── 1792/5000 110.5it/s 16.3s<29.0s[K                 Class     Images  Instances      Box(P          R      mAP50  mAP50-95): 36% ━━━━──────── 1804/5000 111.9it/s 16.4s<28.6s[K                 Class     Images  Instances      Box(P          R      mAP50  mAP50-95): 36% ━━━━──────── 1816/5000 111.6it/s 16.5s<28.5s[K                 Class     Images  Instances      Box(P          R      mAP50  mAP50-95): 36% ━━━━──────── 1828/5000 111.3it/s 16.7s<28.5s[K                 Class     Images  Instances      Box(P          R      mAP50  mAP50-95): 36% ━━━━──────── 1840/5000 111.8it/s 16.8s<28.3s[K                 Class     Images  Instances      Box(P          R      mAP50  mAP50-95): 37% ━━━━──────── 1852/5000 111.8it/s 16.9s<28.2s[K                 Class     Images  Instances      Box(P          R      mAP50  mAP50-95): 37% ━━━━──────── 1855/5000 81.9it/s 17.1s<38.4s[K                 Class     Images  Instances      Box(P          R      mAP50  mAP50-95): 37% ━━━━──────── 1867/5000 91.5it/s 17.2s<34.3s[K                 Class     Images  Instances      Box(P          R      mAP50  mAP50-95): 37% ━━━━╸─────── 1879/5000 97.4it/s 17.3s<32.0s[K                 Class     Images  Instances      Box(P          R      mAP50  mAP50-95): 37% ━━━━╸─────── 1891/5000 101.9it/s 17.4s<30.5s[K                 Class     Images  Instances      Box(P          R      mAP50  mAP50-95): 38% ━━━━╸─────── 1903/5000 104.5it/s 17.5s<29.6s[K                 Class     Images  Instances      Box(P          R      mAP50  mAP50-95): 38% ━━━━╸─────── 1915/5000 107.3it/s 17.6s<28.7s[K                 Class     Images  Instances      Box(P          R      mAP50  mAP50-95): 38% ━━━━╸─────── 1927/5000 109.0it/s 17.8s<28.2s[K                 Class     Images  Instances      Box(P          R      mAP50  mAP50-95): 38% ━━━━╸─────── 1939/5000 110.2it/s 17.9s<27.8s[K                 Class     Images  Instances      Box(P          R      mAP50  mAP50-95): 39% ━━━━╸─────── 1951/5000 110.8it/s 18.0s<27.5s[K                 Class     Images  Instances      Box(P          R      mAP50  mAP50-95): 39% ━━━━╸─────── 1963/5000 110.8it/s 18.1s<27.4s[K                 Class     Images  Instances      Box(P          R      mAP50  mAP50-95): 39% ━━━━╸─────── 1975/5000 110.7it/s 18.2s<27.3s[K                 Class     Images  Instances      Box(P          R      mAP50  mAP50-95): 39% ━━━━╸─────── 1987/5000 110.6it/s 18.3s<27.2s[K                 Class     Images  Instances      Box(P          R      mAP50  mAP50-95): 39% ━━━━╸─────── 1999/5000 111.2it/s 18.4s<27.0s[K                 Class     Images  Instances      Box(P          R      mAP50  mAP50-95): 40% ━━━━╸─────── 2011/5000 111.4it/s 18.5s<26.8s[K                 Class     Images  Instances      Box(P          R      mAP50  mAP50-95): 40% ━━━━╸─────── 2023/5000 111.7it/s 18.6s<26.7s[K                 Class     Images  Instances      Box(P          R      mAP50  mAP50-95): 40% ━━━━╸─────── 2035/5000 111.3it/s 18.7s<26.6s[K                 Class     Images  Instances      Box(P          R      mAP50  mAP50-95): 40% ━━━━╸─────── 2047/5000 111.5it/s 18.8s<26.5s[K                 Class     Images  Instances      Box(P          R      mAP50  mAP50-95): 41% ━━━━╸─────── 2059/5000 111.7it/s 18.9s<26.3s[K                 Class     Images  Instances      Box(P          R      mAP50  mAP50-95): 41% ━━━━╸─────── 2071/5000 111.3it/s 19.0s<26.3s[K                 Class     Images  Instances      Box(P          R      mAP50  mAP50-95): 41% ━━━━╸─────── 2083/5000 111.3it/s 19.2s<26.2s[K                 Class     Images  Instances      Box(P          R      mAP50  mAP50-95): 41% ━━━━━─────── 2095/5000 111.0it/s 19.3s<26.2s[K                 Class     Images  Instances      Box(P          R      mAP50  mAP50-95): 42% ━━━━━─────── 2107/5000 111.3it/s 19.4s<26.0s[K                 Class     Images  Instances      Box(P          R      mAP50  mAP50-95): 42% ━━━━━─────── 2119/5000 111.5it/s 19.5s<25.8s[K                 Class     Images  Instances      Box(P          R      mAP50  mAP50-95): 42% ━━━━━─────── 2131/5000 111.1it/s 19.6s<25.8s[K                 Class     Images  Instances      Box(P          R      mAP50  mAP50-95): 42% ━━━━━─────── 2142/5000 110.6it/s 19.7s<25.8s[K                 Class     Images  Instances      Box(P          R      mAP50  mAP50-95): 43% ━━━━━─────── 2153/5000 110.3it/s 19.8s<25.8s[K                 Class     Images  Instances      Box(P          R      mAP50  mAP50-95): 43% ━━━━━─────── 2164/5000 110.0it/s 19.9s<25.8s[K                 Class     Images  Instances      Box(P          R      mAP50  mAP50-95): 43% ━━━━━─────── 2175/5000 109.7it/s 20.0s<25.8s[K                 Class     Images  Instances      Box(P          R      mAP50  mAP50-95): 43% ━━━━━─────── 2186/5000 109.6it/s 20.1s<25.7s[K                 Class     Images  Instances      Box(P          R      mAP50  mAP50-95): 43% ━━━━━─────── 2197/5000 109.2it/s 20.2s<25.7s[K                 Class     Images  Instances      Box(P          R      mAP50  mAP50-95): 44% ━━━━━─────── 2208/5000 108.0it/s 20.3s<25.9s[K                 Class     Images  Instances      Box(P          R      mAP50  mAP50-95): 44% ━━━━━─────── 2219/5000 108.3it/s 20.4s<25.7s[K                 Class     Images  Instances      Box(P          R      mAP50  mAP50-95): 44% ━━━━━─────── 2230/5000 107.8it/s 20.5s<25.7s[K                 Class     Images  Instances      Box(P          R      mAP50  mAP50-95): 44% ━━━━━─────── 2241/5000 107.6it/s 20.6s<25.6s[K                 Class     Images  Instances      Box(P          R      mAP50  mAP50-95): 45% ━━━━━─────── 2252/5000 107.5it/s 20.7s<25.6s[K                 Class     Images  Instances      Box(P          R      mAP50  mAP50-95): 45% ━━━━━─────── 2264/5000 108.2it/s 20.8s<25.3s[K                 Class     Images  Instances      Box(P          R      mAP50  mAP50-95): 45% ━━━━━─────── 2276/5000 108.7it/s 20.9s<25.1s[K                 Class     Images  Instances      Box(P          R      mAP50  mAP50-95): 45% ━━━━━─────── 2288/5000 109.2it/s 21.0s<24.8s[K                 Class     Images  Instances      Box(P          R      mAP50  mAP50-95): 45% ━━━━━╸────── 2299/5000 109.4it/s 21.1s<24.7s[K                 Class     Images  Instances      Box(P          R      mAP50  mAP50-95): 46% ━━━━━╸────── 2310/5000 108.8it/s 21.2s<24.7s[K                 Class     Images  Instances      Box(P          R      mAP50  mAP50-95): 46% ━━━━━╸────── 2322/5000 110.7it/s 21.3s<24.2s[K                 Class     Images  Instances      Box(P          R      mAP50  mAP50-95): 46% ━━━━━╸────── 2333/5000 109.5it/s 21.4s<24.4s[K                 Class     Images  Instances      Box(P          R      mAP50  mAP50-95): 46% ━━━━━╸────── 2344/5000 109.4it/s 21.5s<24.3s[K                 Class     Images  Instances      Box(P          R      mAP50  mAP50-95): 47% ━━━━━╸────── 2355/5000 109.4it/s 21.6s<24.2s[K                 Class     Images  Instances      Box(P          R      mAP50  mAP50-95): 47% ━━━━━╸────── 2367/5000 109.5it/s 21.8s<24.0s[K                 Class     Images  Instances      Box(P          R      mAP50  mAP50-95): 47% ━━━━━╸────── 2378/5000 108.9it/s 21.9s<24.1s[K                 Class     Images  Instances      Box(P          R      mAP50  mAP50-95): 47% ━━━━━╸────── 2389/5000 108.1it/s 22.0s<24.2s[K                 Class     Images  Instances      Box(P          R      mAP50  mAP50-95): 48% ━━━━━╸────── 2401/5000 108.9it/s 22.1s<23.9s[K                 Class     Images  Instances      Box(P          R      mAP50  mAP50-95): 48% ━━━━━╸────── 2412/5000 109.2it/s 22.2s<23.7s[K                 Class     Images  Instances      Box(P          R      mAP50  mAP50-95): 48% ━━━━━╸────── 2423/5000 108.5it/s 22.3s<23.7s[K                 Class     Images  Instances      Box(P          R      mAP50  mAP50-95): 48% ━━━━━╸────── 2434/5000 108.3it/s 22.4s<23.7s[K                 Class     Images  Instances      Box(P          R      mAP50  mAP50-95): 48% ━━━━━╸────── 2445/5000 107.8it/s 22.5s<23.7s[K                 Class     Images  Instances      Box(P          R      mAP50  mAP50-95): 49% ━━━━━╸────── 2456/5000 107.7it/s 22.6s<23.6s[K                 Class     Images  Instances      Box(P          R      mAP50  mAP50-95): 49% ━━━━━╸────── 2467/5000 107.6it/s 22.7s<23.5s[K                 Class     Images  Instances      Box(P          R      mAP50  mAP50-95): 49% ━━━━━╸────── 2478/5000 106.9it/s 22.8s<23.6s[K                 Class     Images  Instances      Box(P          R      mAP50  mAP50-95): 49% ━━━━━╸────── 2489/5000 107.3it/s 22.9s<23.4s[K                 Class     Images  Instances      Box(P          R      mAP50  mAP50-95): 50% ━━━━━━────── 2500/5000 106.7it/s 23.0s<23.4s[K                 Class     Images  Instances      Box(P          R      mAP50  mAP50-95): 50% ━━━━━━────── 2511/5000 107.6it/s 23.1s<23.1s[K                 Class     Images  Instances      Box(P          R      mAP50  mAP50-95): 50% ━━━━━━────── 2522/5000 108.1it/s 23.2s<22.9s[K                 Class     Images  Instances      Box(P          R      mAP50  mAP50-95): 50% ━━━━━━────── 2533/5000 108.4it/s 23.3s<22.8s[K                 Class     Images  Instances      Box(P          R      mAP50  mAP50-95): 50% ━━━━━━────── 2544/5000 107.7it/s 23.4s<22.8s[K                 Class     Images  Instances      Box(P          R      mAP50  mAP50-95): 51% ━━━━━━────── 2555/5000 107.8it/s 23.5s<22.7s[K                 Class     Images  Instances      Box(P          R      mAP50  mAP50-95): 51% ━━━━━━────── 2566/5000 108.1it/s 23.6s<22.5s[K                 Class     Images  Instances      Box(P          R      mAP50  mAP50-95): 51% ━━━━━━────── 2577/5000 108.5it/s 23.7s<22.3s[K                 Class     Images  Instances      Box(P          R      mAP50  mAP50-95): 51% ━━━━━━────── 2588/5000 108.5it/s 23.8s<22.2s[K                 Class     Images  Instances      Box(P          R      mAP50  mAP50-95): 52% ━━━━━━────── 2600/5000 109.4it/s 23.9s<21.9s[K                 Class     Images  Instances      Box(P          R      mAP50  mAP50-95): 52% ━━━━━━────── 2611/5000 108.5it/s 24.0s<22.0s[K                 Class     Images  Instances      Box(P          R      mAP50  mAP50-95): 52% ━━━━━━────── 2622/5000 108.3it/s 24.1s<22.0s[K                 Class     Images  Instances      Box(P          R      mAP50  mAP50-95): 52% ━━━━━━────── 2633/5000 108.0it/s 24.2s<21.9s[K                 Class     Images  Instances      Box(P          R      mAP50  mAP50-95): 52% ━━━━━━────── 2645/5000 108.8it/s 24.3s<21.6s[K                 Class     Images  Instances      Box(P          R      mAP50  mAP50-95): 53% ━━━━━━────── 2656/5000 107.9it/s 24.4s<21.7s[K                 Class     Images  Instances      Box(P          R      mAP50  mAP50-95): 53% ━━━━━━────── 2665/5000 101.8it/s 24.5s<22.9s[K                 Class     Images  Instances      Box(P          R      mAP50  mAP50-95): 53% ━━━━━━────── 2676/5000 102.9it/s 24.6s<22.6s[K                 Class     Images  Instances      Box(P          R      mAP50  mAP50-95): 53% ━━━━━━────── 2687/5000 104.5it/s 24.7s<22.1s[K                 Class     Images  Instances      Box(P          R      mAP50  mAP50-95): 53% ━━━━━━────── 2699/5000 106.7it/s 24.8s<21.6s[K                 Class     Images  Instances      Box(P          R      mAP50  mAP50-95): 54% ━━━━━━╸───── 2711/5000 108.1it/s 25.0s<21.2s[K                 Class     Images  Instances      Box(P          R      mAP50  mAP50-95): 54% ━━━━━━╸───── 2722/5000 108.5it/s 25.1s<21.0s[K                 Class     Images  Instances      Box(P          R      mAP50  mAP50-95): 54% ━━━━━━╸───── 2733/5000 108.8it/s 25.2s<20.8s[K                 Class     Images  Instances      Box(P          R      mAP50  mAP50-95): 54% ━━━━━━╸───── 2744/5000 108.2it/s 25.3s<20.8s[K                 Class     Images  Instances      Box(P          R      mAP50  mAP50-95): 55% ━━━━━━╸───── 2756/5000 108.7it/s 25.4s<20.6s[K                 Class     Images  Instances      Box(P          R      mAP50  mAP50-95): 55% ━━━━━━╸───── 2768/5000 109.4it/s 25.5s<20.4s[K                 Class     Images  Instances      Box(P          R      mAP50  mAP50-95): 55% ━━━━━━╸───── 2779/5000 108.7it/s 25.6s<20.4s[K                 Class     Images  Instances      Box(P          R      mAP50  mAP50-95): 55% ━━━━━━╸───── 2790/5000 108.8it/s 25.7s<20.3s[K                 Class     Images  Instances      Box(P          R      mAP50  mAP50-95): 56% ━━━━━━╸───── 2801/5000 108.5it/s 25.8s<20.3s[K                 Class     Images  Instances      Box(P          R      mAP50  mAP50-95): 56% ━━━━━━╸───── 2812/5000 108.8it/s 25.9s<20.1s[K                 Class     Images  Instances      Box(P          R      mAP50  mAP50-95): 56% ━━━━━━╸───── 2823/5000 106.9it/s 26.0s<20.4s[K                 Class     Images  Instances      Box(P          R      mAP50  mAP50-95): 56% ━━━━━━╸───── 2834/5000 107.4it/s 26.1s<20.2s[K                 Class     Images  Instances      Box(P          R      mAP50  mAP50-95): 56% ━━━━━━╸───── 2845/5000 107.8it/s 26.2s<20.0s[K                 Class     Images  Instances      Box(P          R      mAP50  mAP50-95): 57% ━━━━━━╸───── 2856/5000 107.4it/s 26.3s<20.0s[K                 Class     Images  Instances      Box(P          R      mAP50  mAP50-95): 57% ━━━━━━╸───── 2867/5000 108.1it/s 26.4s<19.7s[K                 Class     Images  Instances      Box(P          R      mAP50  mAP50-95): 57% ━━━━━━╸───── 2878/5000 108.4it/s 26.5s<19.6s[K                 Class     Images  Instances      Box(P          R      mAP50  mAP50-95): 57% ━━━━━━╸───── 2889/5000 108.0it/s 26.6s<19.5s[K                 Class     Images  Instances      Box(P          R      mAP50  mAP50-95): 57% ━━━━━━╸───── 2900/5000 107.7it/s 26.7s<19.5s[K                 Class     Images  Instances      Box(P          R      mAP50  mAP50-95): 58% ━━━━━━╸───── 2911/5000 108.1it/s 26.8s<19.3s[K                 Class     Images  Instances      Box(P          R      mAP50  mAP50-95): 58% ━━━━━━━───── 2923/5000 109.1it/s 26.9s<19.0s[K                 Class     Images  Instances      Box(P          R      mAP50  mAP50-95): 58% ━━━━━━━───── 2935/5000 109.9it/s 27.0s<18.8s[K                 Class     Images  Instances      Box(P          R      mAP50  mAP50-95): 58% ━━━━━━━───── 2947/5000 110.4it/s 27.1s<18.6s[K                 Class     Images  Instances      Box(P          R      mAP50  mAP50-95): 59% ━━━━━━━───── 2959/5000 110.6it/s 27.2s<18.5s[K                 Class     Images  Instances      Box(P          R      mAP50  mAP50-95): 59% ━━━━━━━───── 2971/5000 111.6it/s 27.3s<18.2s[K                 Class     Images  Instances      Box(P          R      mAP50  mAP50-95): 59% ━━━━━━━───── 2982/5000 111.1it/s 27.4s<18.2s[K                 Class     Images  Instances      Box(P          R      mAP50  mAP50-95): 59% ━━━━━━━───── 2994/5000 111.4it/s 27.5s<18.0s[K                 Class     Images  Instances      Box(P          R      mAP50  mAP50-95): 60% ━━━━━━━───── 3006/5000 111.3it/s 27.7s<17.9s[K                 Class     Images  Instances      Box(P          R      mAP50  mAP50-95): 60% ━━━━━━━───── 3018/5000 111.4it/s 27.8s<17.8s[K                 Class     Images  Instances      Box(P          R      mAP50  mAP50-95): 60% ━━━━━━━───── 3029/5000 110.8it/s 27.9s<17.8s[K                 Class     Images  Instances      Box(P          R      mAP50  mAP50-95): 60% ━━━━━━━───── 3041/5000 111.0it/s 28.0s<17.6s[K                 Class     Images  Instances      Box(P          R      mAP50  mAP50-95): 61% ━━━━━━━───── 3053/5000 111.3it/s 28.1s<17.5s[K                 Class     Images  Instances      Box(P          R      mAP50  mAP50-95): 61% ━━━━━━━───── 3065/5000 112.0it/s 28.2s<17.3s[K                 Class     Images  Instances      Box(P          R      mAP50  mAP50-95): 61% ━━━━━━━───── 3077/5000 111.9it/s 28.3s<17.2s[K                 Class     Images  Instances      Box(P          R      mAP50  mAP50-95): 61% ━━━━━━━───── 3089/5000 111.9it/s 28.4s<17.1s[K                 Class     Images  Instances      Box(P          R      mAP50  mAP50-95): 62% ━━━━━━━───── 3100/5000 111.3it/s 28.5s<17.1s[K                 Class     Images  Instances      Box(P          R      mAP50  mAP50-95): 62% ━━━━━━━───── 3112/5000 111.6it/s 28.6s<16.9s[K                 Class     Images  Instances      Box(P          R      mAP50  mAP50-95): 62% ━━━━━━━───── 3123/5000 110.8it/s 28.7s<16.9s[K                 Class     Images  Instances      Box(P          R      mAP50  mAP50-95): 62% ━━━━━━━╸──── 3134/5000 110.3it/s 28.8s<16.9s[K                 Class     Images  Instances      Box(P          R      mAP50  mAP50-95): 62% ━━━━━━━╸──── 3145/5000 109.4it/s 28.9s<17.0s[K                 Class     Images  Instances      Box(P          R      mAP50  mAP50-95): 63% ━━━━━━━╸──── 3157/5000 110.2it/s 29.0s<16.7s[K                 Class     Images  Instances      Box(P          R      mAP50  mAP50-95): 63% ━━━━━━━╸──── 3169/5000 110.4it/s 29.1s<16.6s[K                 Class     Images  Instances      Box(P          R      mAP50  mAP50-95): 63% ━━━━━━━╸──── 3181/5000 110.5it/s 29.2s<16.5s[K                 Class     Images  Instances      Box(P          R      mAP50  mAP50-95): 63% ━━━━━━━╸──── 3193/5000 110.9it/s 29.3s<16.3s[K                 Class     Images  Instances      Box(P          R      mAP50  mAP50-95): 64% ━━━━━━━╸──── 3205/5000 110.6it/s 29.4s<16.2s[K                 Class     Images  Instances      Box(P          R      mAP50  mAP50-95): 64% ━━━━━━━╸──── 3216/5000 110.2it/s 29.5s<16.2s[K                 Class     Images  Instances      Box(P          R      mAP50  mAP50-95): 64% ━━━━━━━╸──── 3228/5000 110.8it/s 29.7s<16.0s[K                 Class     Images  Instances      Box(P          R      mAP50  mAP50-95): 64% ━━━━━━━╸──── 3239/5000 109.8it/s 29.8s<16.0s[K                 Class     Images  Instances      Box(P          R      mAP50  mAP50-95): 65% ━━━━━━━╸──── 3251/5000 111.3it/s 29.9s<15.7s[K                 Class     Images  Instances      Box(P          R      mAP50  mAP50-95): 65% ━━━━━━━╸──── 3262/5000 110.7it/s 30.0s<15.7s[K                 Class     Images  Instances      Box(P          R      mAP50  mAP50-95): 65% ━━━━━━━╸──── 3274/5000 111.0it/s 30.1s<15.6s[K                 Class     Images  Instances      Box(P          R      mAP50  mAP50-95): 65% ━━━━━━━╸──── 3286/5000 110.7it/s 30.2s<15.5s[K                 Class     Images  Instances      Box(P          R      mAP50  mAP50-95): 65% ━━━━━━━╸──── 3298/5000 111.1it/s 30.3s<15.3s[K                 Class     Images  Instances      Box(P          R      mAP50  mAP50-95): 66% ━━━━━━━╸──── 3309/5000 110.2it/s 30.4s<15.3s[K                 Class     Images  Instances      Box(P          R      mAP50  mAP50-95): 66% ━━━━━━━╸──── 3321/5000 110.3it/s 30.5s<15.2s[K                 Class     Images  Instances      Box(P          R      mAP50  mAP50-95): 66% ━━━━━━━╸──── 3333/5000 110.1it/s 30.6s<15.1s[K                 Class     Images  Instances      Box(P          R      mAP50  mAP50-95): 66% ━━━━━━━━──── 3345/5000 110.2it/s 30.7s<15.0s[K                 Class     Images  Instances      Box(P          R      mAP50  mAP50-95): 67% ━━━━━━━━──── 3357/5000 110.5it/s 30.8s<14.9s[K                 Class     Images  Instances      Box(P          R      mAP50  mAP50-95): 67% ━━━━━━━━──── 3368/5000 110.3it/s 30.9s<14.8s[K                 Class     Images  Instances      Box(P          R      mAP50  mAP50-95): 67% ━━━━━━━━──── 3380/5000 110.4it/s 31.0s<14.7s[K                 Class     Images  Instances      Box(P          R      mAP50  mAP50-95): 67% ━━━━━━━━──── 3392/5000 110.0it/s 31.1s<14.6s[K                 Class     Images  Instances      Box(P          R      mAP50  mAP50-95): 68% ━━━━━━━━──── 3404/5000 110.7it/s 31.2s<14.4s[K                 Class     Images  Instances      Box(P          R      mAP50  mAP50-95): 68% ━━━━━━━━──── 3416/5000 110.3it/s 31.4s<14.4s[K                 Class     Images  Instances      Box(P          R      mAP50  mAP50-95): 68% ━━━━━━━━──── 3427/5000 109.8it/s 31.5s<14.3s[K                 Class     Images  Instances      Box(P          R      mAP50  mAP50-95): 68% ━━━━━━━━──── 3438/5000 109.1it/s 31.6s<14.3s[K                 Class     Images  Instances      Box(P          R      mAP50  mAP50-95): 68% ━━━━━━━━──── 3449/5000 108.2it/s 31.7s<14.3s[K                 Class     Images  Instances      Box(P          R      mAP50  mAP50-95): 69% ━━━━━━━━──── 3460/5000 108.0it/s 31.8s<14.3s[K                 Class     Images  Instances      Box(P          R      mAP50  mAP50-95): 69% ━━━━━━━━──── 3472/5000 108.8it/s 31.9s<14.0s[K                 Class     Images  Instances      Box(P          R      mAP50  mAP50-95): 69% ━━━━━━━━──── 3483/5000 107.7it/s 32.0s<14.1s[K                 Class     Images  Instances      Box(P          R      mAP50  mAP50-95): 69% ━━━━━━━━──── 3495/5000 109.8it/s 32.1s<13.7s[K                 Class     Images  Instances      Box(P          R      mAP50  mAP50-95): 70% ━━━━━━━━──── 3506/5000 109.5it/s 32.2s<13.6s[K                 Class     Images  Instances      Box(P          R      mAP50  mAP50-95): 70% ━━━━━━━━──── 3518/5000 109.8it/s 32.3s<13.5s[K                 Class     Images  Instances      Box(P          R      mAP50  mAP50-95): 70% ━━━━━━━━──── 3529/5000 109.4it/s 32.4s<13.4s[K                 Class     Images  Instances      Box(P          R      mAP50  mAP50-95): 70% ━━━━━━━━──── 3540/5000 109.2it/s 32.5s<13.4s[K                 Class     Images  Instances      Box(P          R      mAP50  mAP50-95): 71% ━━━━━━━━╸─── 3551/5000 107.9it/s 32.6s<13.4s[K                 Class     Images  Instances      Box(P          R      mAP50  mAP50-95): 71% ━━━━━━━━╸─── 3562/5000 108.3it/s 32.7s<13.3s[K                 Class     Images  Instances      Box(P          R      mAP50  mAP50-95): 71% ━━━━━━━━╸─── 3573/5000 108.3it/s 32.8s<13.2s[K                 Class     Images  Instances      Box(P          R      mAP50  mAP50-95): 71% ━━━━━━━━╸─── 3584/5000 108.2it/s 32.9s<13.1s[K                 Class     Images  Instances      Box(P          R      mAP50  mAP50-95): 71% ━━━━━━━━╸─── 3596/5000 108.8it/s 33.0s<12.9s[K                 Class     Images  Instances      Box(P          R      mAP50  mAP50-95): 72% ━━━━━━━━╸─── 3608/5000 109.3it/s 33.1s<12.7s[K                 Class     Images  Instances      Box(P          R      mAP50  mAP50-95): 72% ━━━━━━━━╸─── 3619/5000 109.4it/s 33.2s<12.6s[K                 Class     Images  Instances      Box(P          R      mAP50  mAP50-95): 72% ━━━━━━━━╸─── 3631/5000 110.4it/s 33.3s<12.4s[K                 Class     Images  Instances      Box(P          R      mAP50  mAP50-95): 72% ━━━━━━━━╸─── 3643/5000 111.1it/s 33.4s<12.2s[K                 Class     Images  Instances      Box(P          R      mAP50  mAP50-95): 73% ━━━━━━━━╸─── 3655/5000 111.1it/s 33.5s<12.1s[K                 Class     Images  Instances      Box(P          R      mAP50  mAP50-95): 73% ━━━━━━━━╸─── 3666/5000 110.4it/s 33.6s<12.1s[K                 Class     Images  Instances      Box(P          R      mAP50  mAP50-95): 73% ━━━━━━━━╸─── 3677/5000 109.4it/s 33.7s<12.1s[K                 Class     Images  Instances      Box(P          R      mAP50  mAP50-95): 73% ━━━━━━━━╸─── 3689/5000 110.0it/s 33.9s<11.9s[K                 Class     Images  Instances      Box(P          R      mAP50  mAP50-95): 74% ━━━━━━━━╸─── 3701/5000 111.2it/s 34.0s<11.7s[K                 Class     Images  Instances      Box(P          R      mAP50  mAP50-95): 74% ━━━━━━━━╸─── 3713/5000 111.2it/s 34.1s<11.6s[K                 Class     Images  Instances      Box(P          R      mAP50  mAP50-95): 74% ━━━━━━━━╸─── 3725/5000 111.2it/s 34.2s<11.5s[K                 Class     Images  Instances      Box(P          R      mAP50  mAP50-95): 74% ━━━━━━━━╸─── 3737/5000 112.6it/s 34.3s<11.2s[K                 Class     Images  Instances      Box(P          R      mAP50  mAP50-95): 74% ━━━━━━━━╸─── 3749/5000 112.8it/s 34.4s<11.1s[K                 Class     Images  Instances      Box(P          R      mAP50  mAP50-95): 75% ━━━━━━━━━─── 3761/5000 112.5it/s 34.5s<11.0s[K                 Class     Images  Instances      Box(P          R      mAP50  mAP50-95): 75% ━━━━━━━━━─── 3773/5000 112.4it/s 34.6s<10.9s[K                 Class     Images  Instances      Box(P          R      mAP50  mAP50-95): 75% ━━━━━━━━━─── 3785/5000 112.1it/s 34.7s<10.8s[K                 Class     Images  Instances      Box(P          R      mAP50  mAP50-95): 75% ━━━━━━━━━─── 3797/5000 112.1it/s 34.8s<10.7s[K                 Class     Images  Instances      Box(P          R      mAP50  mAP50-95): 76% ━━━━━━━━━─── 3809/5000 112.3it/s 34.9s<10.6s[K                 Class     Images  Instances      Box(P          R      mAP50  mAP50-95): 76% ━━━━━━━━━─── 3821/5000 112.7it/s 35.0s<10.5s[K                 Class     Images  Instances      Box(P          R      mAP50  mAP50-95): 76% ━━━━━━━━━─── 3833/5000 113.2it/s 35.1s<10.3s[K                 Class     Images  Instances      Box(P          R      mAP50  mAP50-95): 76% ━━━━━━━━━─── 3845/5000 113.3it/s 35.2s<10.2s[K                 Class     Images  Instances      Box(P          R      mAP50  mAP50-95): 77% ━━━━━━━━━─── 3857/5000 112.0it/s 35.3s<10.2s[K                 Class     Images  Instances      Box(P          R      mAP50  mAP50-95): 77% ━━━━━━━━━─── 3869/5000 113.6it/s 35.4s<10.0s[K                 Class     Images  Instances      Box(P          R      mAP50  mAP50-95): 77% ━━━━━━━━━─── 3881/5000 112.9it/s 35.6s<9.9s[K                 Class     Images  Instances      Box(P          R      mAP50  mAP50-95): 77% ━━━━━━━━━─── 3893/5000 113.2it/s 35.7s<9.8s[K                 Class     Images  Instances      Box(P          R      mAP50  mAP50-95): 78% ━━━━━━━━━─── 3905/5000 113.1it/s 35.8s<9.7s[K                 Class     Images  Instances      Box(P          R      mAP50  mAP50-95): 78% ━━━━━━━━━─── 3917/5000 112.8it/s 35.9s<9.6s[K                 Class     Images  Instances      Box(P          R      mAP50  mAP50-95): 78% ━━━━━━━━━─── 3929/5000 113.0it/s 36.0s<9.5s[K                 Class     Images  Instances      Box(P          R      mAP50  mAP50-95): 78% ━━━━━━━━━─── 3941/5000 113.0it/s 36.1s<9.4s[K                 Class     Images  Instances      Box(P          R      mAP50  mAP50-95): 79% ━━━━━━━━━─── 3953/5000 113.3it/s 36.2s<9.2s[K                 Class     Images  Instances      Box(P          R      mAP50  mAP50-95): 79% ━━━━━━━━━╸── 3965/5000 113.8it/s 36.3s<9.1s[K                 Class     Images  Instances      Box(P          R      mAP50  mAP50-95): 79% ━━━━━━━━━╸── 3976/5000 112.6it/s 36.4s<9.1s[K                 Class     Images  Instances      Box(P          R      mAP50  mAP50-95): 79% ━━━━━━━━━╸── 3988/5000 113.7it/s 36.5s<8.9s[K                 Class     Images  Instances      Box(P          R      mAP50  mAP50-95): 80% ━━━━━━━━━╸── 4000/5000 113.3it/s 36.6s<8.8s[K                 Class     Images  Instances      Box(P          R      mAP50  mAP50-95): 80% ━━━━━━━━━╸── 4012/5000 112.9it/s 36.7s<8.7s[K                 Class     Images  Instances      Box(P          R      mAP50  mAP50-95): 80% ━━━━━━━━━╸── 4023/5000 111.3it/s 36.8s<8.8s[K                 Class     Images  Instances      Box(P          R      mAP50  mAP50-95): 80% ━━━━━━━━━╸── 4034/5000 110.0it/s 36.9s<8.8s[K                 Class     Images  Instances      Box(P          R      mAP50  mAP50-95): 80% ━━━━━━━━━╸── 4046/5000 109.8it/s 37.0s<8.7s[K                 Class     Images  Instances      Box(P          R      mAP50  mAP50-95): 81% ━━━━━━━━━╸── 4057/5000 109.7it/s 37.1s<8.6s[K                 Class     Images  Instances      Box(P          R      mAP50  mAP50-95): 81% ━━━━━━━━━╸── 4069/5000 110.3it/s 37.2s<8.4s[K                 Class     Images  Instances      Box(P          R      mAP50  mAP50-95): 81% ━━━━━━━━━╸── 4081/5000 110.5it/s 37.3s<8.3s[K                 Class     Images  Instances      Box(P          R      mAP50  mAP50-95): 81% ━━━━━━━━━╸── 4093/5000 110.3it/s 37.5s<8.2s[K                 Class     Images  Instances      Box(P          R      mAP50  mAP50-95): 82% ━━━━━━━━━╸── 4105/5000 111.3it/s 37.6s<8.0s[K                 Class     Images  Instances      Box(P          R      mAP50  mAP50-95): 82% ━━━━━━━━━╸── 4117/5000 112.0it/s 37.7s<7.9s[K                 Class     Images  Instances      Box(P          R      mAP50  mAP50-95): 82% ━━━━━━━━━╸── 4129/5000 113.0it/s 37.8s<7.7s[K                 Class     Images  Instances      Box(P          R      mAP50  mAP50-95): 82% ━━━━━━━━━╸── 4141/5000 112.9it/s 37.9s<7.6s[K                 Class     Images  Instances      Box(P          R      mAP50  mAP50-95): 83% ━━━━━━━━━╸── 4153/5000 111.8it/s 38.0s<7.6s[K                 Class     Images  Instances      Box(P          R      mAP50  mAP50-95): 83% ━━━━━━━━━╸── 4165/5000 111.7it/s 38.1s<7.5s[K                 Class     Images  Instances      Box(P          R      mAP50  mAP50-95): 83% ━━━━━━━━━━── 4177/5000 112.3it/s 38.2s<7.3s[K                 Class     Images  Instances      Box(P          R      mAP50  mAP50-95): 83% ━━━━━━━━━━── 4189/5000 112.6it/s 38.3s<7.2s[K                 Class     Images  Instances      Box(P          R      mAP50  mAP50-95): 84% ━━━━━━━━━━── 4201/5000 112.1it/s 38.4s<7.1s[K                 Class     Images  Instances      Box(P          R      mAP50  mAP50-95): 84% ━━━━━━━━━━── 4213/5000 112.4it/s 38.5s<7.0s[K                 Class     Images  Instances      Box(P          R      mAP50  mAP50-95): 84% ━━━━━━━━━━── 4225/5000 112.4it/s 38.6s<6.9s[K                 Class     Images  Instances      Box(P          R      mAP50  mAP50-95): 84% ━━━━━━━━━━── 4237/5000 112.4it/s 38.7s<6.8s[K                 Class     Images  Instances      Box(P          R      mAP50  mAP50-95): 84% ━━━━━━━━━━── 4249/5000 111.8it/s 38.8s<6.7s[K                 Class     Images  Instances      Box(P          R      mAP50  mAP50-95): 85% ━━━━━━━━━━── 4260/5000 111.2it/s 38.9s<6.7s[K                 Class     Images  Instances      Box(P          R      mAP50  mAP50-95): 85% ━━━━━━━━━━── 4272/5000 111.6it/s 39.0s<6.5s[K                 Class     Images  Instances      Box(P          R      mAP50  mAP50-95): 85% ━━━━━━━━━━── 4284/5000 111.6it/s 39.2s<6.4s[K                 Class     Images  Instances      Box(P          R      mAP50  mAP50-95): 85% ━━━━━━━━━━── 4296/5000 111.7it/s 39.3s<6.3s[K                 Class     Images  Instances      Box(P          R      mAP50  mAP50-95): 86% ━━━━━━━━━━── 4308/5000 111.8it/s 39.4s<6.2s[K                 Class     Images  Instances      Box(P          R      mAP50  mAP50-95): 86% ━━━━━━━━━━── 4320/5000 111.9it/s 39.5s<6.1s[K                 Class     Images  Instances      Box(P          R      mAP50  mAP50-95): 86% ━━━━━━━━━━── 4332/5000 111.7it/s 39.6s<6.0s[K                 Class     Images  Instances      Box(P          R      mAP50  mAP50-95): 86% ━━━━━━━━━━── 4344/5000 111.7it/s 39.7s<5.9s[K                 Class     Images  Instances      Box(P          R      mAP50  mAP50-95): 87% ━━━━━━━━━━── 4356/5000 112.5it/s 39.8s<5.7s[K                 Class     Images  Instances      Box(P          R      mAP50  mAP50-95): 87% ━━━━━━━━━━── 4368/5000 113.0it/s 39.9s<5.6s[K                 Class     Images  Instances      Box(P          R      mAP50  mAP50-95): 87% ━━━━━━━━━━╸─ 4380/5000 112.3it/s 40.0s<5.5s[K                 Class     Images  Instances      Box(P          R      mAP50  mAP50-95): 87% ━━━━━━━━━━╸─ 4392/5000 111.9it/s 40.1s<5.4s[K                 Class     Images  Instances      Box(P          R      mAP50  mAP50-95): 88% ━━━━━━━━━━╸─ 4404/5000 111.8it/s 40.2s<5.3s[K                 Class     Images  Instances      Box(P          R      mAP50  mAP50-95): 88% ━━━━━━━━━━╸─ 4416/5000 111.6it/s 40.3s<5.2s[K                 Class     Images  Instances      Box(P          R      mAP50  mAP50-95): 88% ━━━━━━━━━━╸─ 4428/5000 111.4it/s 40.4s<5.1s[K                 Class     Images  Instances      Box(P          R      mAP50  mAP50-95): 88% ━━━━━━━━━━╸─ 4440/5000 111.6it/s 40.6s<5.0s[K                 Class     Images  Instances      Box(P          R      mAP50  mAP50-95): 89% ━━━━━━━━━━╸─ 4452/5000 112.5it/s 40.7s<4.9s[K                 Class     Images  Instances      Box(P          R      mAP50  mAP50-95): 89% ━━━━━━━━━━╸─ 4464/5000 112.1it/s 40.8s<4.8s[K                 Class     Images  Instances      Box(P          R      mAP50  mAP50-95): 89% ━━━━━━━━━━╸─ 4475/5000 110.9it/s 40.9s<4.7s[K                 Class     Images  Instances      Box(P          R      mAP50  mAP50-95): 89% ━━━━━━━━━━╸─ 4487/5000 111.3it/s 41.0s<4.6s[K                 Class     Images  Instances      Box(P          R      mAP50  mAP50-95): 89% ━━━━━━━━━━╸─ 4498/5000 110.8it/s 41.1s<4.5s[K                 Class     Images  Instances      Box(P          R      mAP50  mAP50-95): 90% ━━━━━━━━━━╸─ 4510/5000 110.8it/s 41.2s<4.4s[K                 Class     Images  Instances      Box(P          R      mAP50  mAP50-95): 90% ━━━━━━━━━━╸─ 4521/5000 110.5it/s 41.3s<4.3s[K                 Class     Images  Instances      Box(P          R      mAP50  mAP50-95): 90% ━━━━━━━━━━╸─ 4533/5000 110.5it/s 41.4s<4.2s[K                 Class     Images  Instances      Box(P          R      mAP50  mAP50-95): 90% ━━━━━━━━━━╸─ 4544/5000 109.5it/s 41.5s<4.2s[K                 Class     Images  Instances      Box(P          R      mAP50  mAP50-95): 91% ━━━━━━━━━━╸─ 4555/5000 109.1it/s 41.6s<4.1s[K                 Class     Images  Instances      Box(P          R      mAP50  mAP50-95): 91% ━━━━━━━━━━╸─ 4567/5000 109.2it/s 41.7s<4.0s[K                 Class     Images  Instances      Box(P          R      mAP50  mAP50-95): 91% ━━━━━━━━━━╸─ 4579/5000 110.1it/s 41.8s<3.8s[K                 Class     Images  Instances      Box(P          R      mAP50  mAP50-95): 91% ━━━━━━━━━━━─ 4591/5000 110.9it/s 41.9s<3.7s[K                 Class     Images  Instances      Box(P          R      mAP50  mAP50-95): 92% ━━━━━━━━━━━─ 4603/5000 111.3it/s 42.0s<3.6s[K                 Class     Images  Instances      Box(P          R      mAP50  mAP50-95): 92% ━━━━━━━━━━━─ 4615/5000 111.7it/s 42.1s<3.4s[K                 Class     Images  Instances      Box(P          R      mAP50  mAP50-95): 92% ━━━━━━━━━━━─ 4624/5000 105.0it/s 42.2s<3.6s[K                 Class     Images  Instances      Box(P          R      mAP50  mAP50-95): 92% ━━━━━━━━━━━─ 4633/5000 100.1it/s 42.3s<3.7s[K                 Class     Images  Instances      Box(P          R      mAP50  mAP50-95): 92% ━━━━━━━━━━━─ 4642/5000 94.6it/s 42.4s<3.8s[K                 Class     Images  Instances      Box(P          R      mAP50  mAP50-95): 93% ━━━━━━━━━━━─ 4650/5000 89.7it/s 42.5s<3.9s[K                 Class     Images  Instances      Box(P          R      mAP50  mAP50-95): 93% ━━━━━━━━━━━─ 4658/5000 85.4it/s 42.7s<4.0s[K                 Class     Images  Instances      Box(P          R      mAP50  mAP50-95): 93% ━━━━━━━━━━━─ 4667/5000 85.4it/s 42.8s<3.9s[K                 Class     Images  Instances      Box(P          R      mAP50  mAP50-95): 93% ━━━━━━━━━━━─ 4677/5000 86.9it/s 42.9s<3.7s[K                 Class     Images  Instances      Box(P          R      mAP50  mAP50-95): 93% ━━━━━━━━━━━─ 4688/5000 91.3it/s 43.0s<3.4s[K                 Class     Images  Instances      Box(P          R      mAP50  mAP50-95): 93% ━━━━━━━━━━━─ 4697/5000 90.6it/s 43.1s<3.3s[K                 Class     Images  Instances      Box(P          R      mAP50  mAP50-95): 94% ━━━━━━━━━━━─ 4706/5000 90.0it/s 43.2s<3.3s[K                 Class     Images  Instances      Box(P          R      mAP50  mAP50-95): 94% ━━━━━━━━━━━─ 4715/5000 89.1it/s 43.3s<3.2s[K                 Class     Images  Instances      Box(P          R      mAP50  mAP50-95): 94% ━━━━━━━━━━━─ 4724/5000 87.7it/s 43.4s<3.1s[K                 Class     Images  Instances      Box(P          R      mAP50  mAP50-95): 94% ━━━━━━━━━━━─ 4733/5000 86.9it/s 43.5s<3.1s[K                 Class     Images  Instances      Box(P          R      mAP50  mAP50-95): 94% ━━━━━━━━━━━─ 4742/5000 85.9it/s 43.6s<3.0s[K                 Class     Images  Instances      Box(P          R      mAP50  mAP50-95): 95% ━━━━━━━━━━━─ 4752/5000 87.6it/s 43.7s<2.8s[K                 Class     Images  Instances      Box(P          R      mAP50  mAP50-95): 95% ━━━━━━━━━━━─ 4761/5000 87.0it/s 43.8s<2.7s[K                 Class     Images  Instances      Box(P          R      mAP50  mAP50-95): 95% ━━━━━━━━━━━─ 4771/5000 88.2it/s 43.9s<2.6s[K                 Class     Images  Instances      Box(P          R      mAP50  mAP50-95): 95% ━━━━━━━━━━━─ 4781/5000 89.2it/s 44.0s<2.5s[K                 Class     Images  Instances      Box(P          R      mAP50  mAP50-95): 95% ━━━━━━━━━━━─ 4790/5000 89.4it/s 44.1s<2.3s[K                 Class     Images  Instances      Box(P          R      mAP50  mAP50-95): 95% ━━━━━━━━━━━╸ 4799/5000 89.0it/s 44.2s<2.3s[K                 Class     Images  Instances      Box(P          R      mAP50  mAP50-95): 96% ━━━━━━━━━━━╸ 4808/5000 88.2it/s 44.3s<2.2s[K                 Class     Images  Instances      Box(P          R      mAP50  mAP50-95): 96% ━━━━━━━━━━━╸ 4819/5000 92.3it/s 44.4s<2.0s[K                 Class     Images  Instances      Box(P          R      mAP50  mAP50-95): 96% ━━━━━━━━━━━╸ 4830/5000 95.0it/s 44.6s<1.8s[K                 Class     Images  Instances      Box(P          R      mAP50  mAP50-95): 96% ━━━━━━━━━━━╸ 4839/5000 92.2it/s 44.7s<1.7s[K                 Class     Images  Instances      Box(P          R      mAP50  mAP50-95): 96% ━━━━━━━━━━━╸ 4848/5000 90.4it/s 44.8s<1.7s[K                 Class     Images  Instances      Box(P          R      mAP50  mAP50-95): 97% ━━━━━━━━━━━╸ 4857/5000 89.5it/s 44.9s<1.6s[K                 Class     Images  Instances      Box(P          R      mAP50  mAP50-95): 97% ━━━━━━━━━━━╸ 4866/5000 89.5it/s 45.0s<1.5s[K                 Class     Images  Instances      Box(P          R      mAP50  mAP50-95): 97% ━━━━━━━━━━━╸ 4875/5000 88.5it/s 45.1s<1.4s[K                 Class     Images  Instances      Box(P          R      mAP50  mAP50-95): 97% ━━━━━━━━━━━╸ 4884/5000 88.2it/s 45.2s<1.3s[K                 Class     Images  Instances      Box(P          R      mAP50  mAP50-95): 97% ━━━━━━━━━━━╸ 4893/5000 88.0it/s 45.3s<1.2s[K                 Class     Images  Instances      Box(P          R      mAP50  mAP50-95): 98% ━━━━━━━━━━━╸ 4903/5000 90.9it/s 45.4s<1.1s[K                 Class     Images  Instances      Box(P          R      mAP50  mAP50-95): 98% ━━━━━━━━━━━╸ 4914/5000 95.8it/s 45.5s<0.9s[K                 Class     Images  Instances      Box(P          R      mAP50  mAP50-95): 98% ━━━━━━━━━━━╸ 4926/5000 100.1it/s 45.6s<0.7s[K                 Class     Images  Instances      Box(P          R      mAP50  mAP50-95): 98% ━━━━━━━━━━━╸ 4937/5000 102.8it/s 45.7s<0.6s[K                 Class     Images  Instances      Box(P          R      mAP50  mAP50-95): 98% ━━━━━━━━━━━╸ 4948/5000 104.7it/s 45.8s<0.5s[K                 Class     Images  Instances      Box(P          R      mAP50  mAP50-95): 99% ━━━━━━━━━━━╸ 4959/5000 105.9it/s 45.9s<0.4s[K                 Class     Images  Instances      Box(P          R      mAP50  mAP50-95): 99% ━━━━━━━━━━━╸ 4970/5000 106.3it/s 46.0s<0.3s[K                 Class     Images  Instances      Box(P          R      mAP50  mAP50-95): 99% ━━━━━━━━━━━╸ 4981/5000 106.6it/s 46.1s<0.2s[K                 Class     Images  Instances      Box(P          R      mAP50  mAP50-95): 99% ━━━━━━━━━━━╸ 4993/5000 108.1it/s 46.2s<0.1s[K                 Class     Images  Instances      Box(P          R      mAP50  mAP50-95): 100% ━━━━━━━━━━━━ 5000/5000 108.1it/s 46.3s
                   all       5000      36335      0.533      0.143      0.146      0.098
Speed: 0.8ms preprocess, 4.7ms inference, 0.0ms loss, 0.9ms postprocess per image
[int8-qdq model] 5.339ms  mAP50 0.1463  mAP50-95 0.0980  size 74.8MB
