/usr/local/lib/python3.11/dist-packages/torch/cuda/__init__.py:58: FutureWarning: The pynvml package is deprecated. Please install nvidia-ml-py instead. If you did not install pynvml directly, please report this to the maintainers of the package that installed pynvml for you.
  import pynvml  # type: ignore[import]
[repair] legacy attrs filled: {'progressive_sparsity': 3, '_training_step': 3, 'warmup_steps': 3, 'expert_dropout_rate': 3, 'dropout_interval': 3, 'detach_routing': 3, 'last_routing_snapshot': 3, '_moe_nonfinite_events': 3, '_current_top_k': 3, 'routing.capacity_factor': 3}
[repair] add_residual forced False on 3 blocks; property shadows stripped 1; ES_MOE dense=False
[repair] attached moe_loss_fn to model.6 (E=4)
[repair] attached moe_loss_fn to model.9 (E=8)
[repair] attached moe_loss_fn to model.12 (E=16)
YOLO-master-n-v2 summary: 333 layers, 7,543,544 parameters, 0 gradients, 10.1 GFLOPs
[fuse] folded 65 MoE Conv+BN pairs; standalone BatchNorm2d remaining: 0
[mtq] sensitive set 'default': ('*model.0.*', '*model.1.*', '*routing*', '*router*', '*dfl*')
[calib] 1024 train images from /data/datasets/coco/images/train2017
Inserted 567 quantizers
[mtq] calibrated in 34s, 360 active quantizers, 0 uncalibrated->disabled
model.0.conv.input_quantizer                                                     TensorQuantizer(disabled)
model.0.conv.output_quantizer                                                    TensorQuantizer(disabled)
model.0.conv.weight_quantizer                                                    TensorQuantizer(disabled)
model.1.conv.input_quantizer                                                     TensorQuantizer(disabled)
model.1.conv.output_quantizer                                                    TensorQuantizer(disabled)
model.1.conv.weight_quantizer                                                    TensorQuantizer(disabled)
model.2.cv1.conv.input_quantizer                                                 TensorQuantizer(8 bit fake per-tensor amax=121.8418 calibrator=MaxCalibrator quant)
model.2.cv1.conv.output_quantizer                                                TensorQuantizer(disabled)
model.2.cv1.conv.weight_quantizer                                                TensorQuantizer(8 bit fake axis=0 amax=[0.1275, 1.5695](32) calibrator=MaxCalibrator quant)
model.2.cv2.conv.input_quantizer                                                 TensorQuantizer(8 bit fake per-tensor amax=43.1684 calibrator=MaxCalibrator quant)
model.2.cv2.conv.output_quantizer                                                TensorQuantizer(disabled)
model.2.cv2.conv.weight_quantizer                                                TensorQuantizer(8 bit fake axis=0 amax=[0.3812, 1.7143](64) calibrator=MaxCalibrator quant)
model.2.m.0.cv1.conv.input_quantizer                                             TensorQuantizer(8 bit fake per-tensor amax=14.8057 calibrator=MaxCalibrator quant)
model.2.m.0.cv1.conv.output_quantizer                                            TensorQuantizer(disabled)
model.2.m.0.cv1.conv.weight_quantizer                                            TensorQuantizer(8 bit fake axis=0 amax=[0.4363, 1.1286](8) calibrator=MaxCalibrator quant)
model.2.m.0.cv2.conv.input_quantizer                                             TensorQuantizer(8 bit fake per-tensor amax=16.0400 calibrator=MaxCalibrator quant)
model.2.m.0.cv2.conv.output_quantizer                                            TensorQuantizer(disabled)
model.2.m.0.cv2.conv.weight_quantizer                                            TensorQuantizer(8 bit fake axis=0 amax=[0.2593, 1.0892](16) calibrator=MaxCalibrator quant)
model.3.cv1.conv.input_quantizer                                                 TensorQuantizer(8 bit fake per-tensor amax=31.4555 calibrator=MaxCalibrator quant)
model.3.cv1.conv.output_quantizer                                                TensorQuantizer(disabled)
model.3.cv1.conv.weight_quantizer                                                TensorQuantizer(8 bit fake axis=0 amax=[0.0901, 0.8534](32) calibrator=MaxCalibrator quant)
model.3.cv2.conv.input_quantizer                                                 TensorQuantizer(8 bit fake per-tensor amax=10.5346 calibrator=MaxCalibrator quant)
model.3.cv2.conv.output_quantizer                                                TensorQuantizer(disabled)
model.3.cv2.conv.weight_quantizer                                                TensorQuantizer(8 bit fake axis=0 amax=[0.3368, 1.4738](64) calibrator=MaxCalibrator quant)
model.3.m.0.cv1.conv.input_quantizer                                             TensorQuantizer(8 bit fake per-tensor amax=5.9706 calibrator=MaxCalibrator quant)
model.3.m.0.cv1.conv.output_quantizer                                            TensorQuantizer(disabled)
model.3.m.0.cv1.conv.weight_quantizer                                            TensorQuantizer(8 bit fake axis=0 amax=[0.8572, 1.3989](8) calibrator=MaxCalibrator quant)
model.3.m.0.cv2.conv.input_quantizer                                             TensorQuantizer(8 bit fake per-tensor amax=8.2140 calibrator=MaxCalibrator quant)
model.3.m.0.cv2.conv.output_quantizer                                            TensorQuantizer(disabled)
model.3.m.0.cv2.conv.weight_quantizer                                            TensorQuantizer(8 bit fake axis=0 amax=[0.3349, 0.8123](16) calibrator=MaxCalibrator quant)
model.4.conv.input_quantizer                                                     TensorQuantizer(8 bit fake per-tensor amax=7.5268 calibrator=MaxCalibrator quant)
model.4.conv.output_quantizer                                                    TensorQuantizer(disabled)
model.4.conv.weight_quantizer                                                    TensorQuantizer(8 bit fake axis=0 amax=[0.0902, 0.5369](64) calibrator=MaxCalibrator quant)
model.5.cv1.conv.input_quantizer                                                 TensorQuantizer(8 bit fake per-tensor amax=5.8499 calibrator=MaxCalibrator quant)
model.5.cv1.conv.output_quantizer                                                TensorQuantizer(disabled)
model.5.cv1.conv.weight_quantizer                                                TensorQuantizer(8 bit fake axis=0 amax=[0.2615, 2.5259](64) calibrator=MaxCalibrator quant)
model.5.cv2.conv.input_quantizer                                                 TensorQuantizer(8 bit fake per-tensor amax=6.0178 calibrator=MaxCalibrator quant)
model.5.cv2.conv.output_quantizer                                                TensorQuantizer(disabled)
model.5.cv2.conv.weight_quantizer                                                TensorQuantizer(8 bit fake axis=0 amax=[0.3322, 1.3746](128) calibrator=MaxCalibrator quant)
model.5.m.0.cv1.conv.input_quantizer                                             TensorQuantizer(8 bit fake per-tensor amax=4.0991 calibrator=MaxCalibrator quant)
model.5.m.0.cv1.conv.output_quantizer                                            TensorQuantizer(disabled)
model.5.m.0.cv1.conv.weight_quantizer                                            TensorQuantizer(8 bit fake axis=0 amax=[0.2300, 1.0651](16) calibrator=MaxCalibrator quant)
model.5.m.0.cv2.conv.input_quantizer                                             TensorQuantizer(8 bit fake per-tensor amax=4.5270 calibrator=MaxCalibrator quant)
model.5.m.0.cv2.conv.output_quantizer                                            TensorQuantizer(disabled)
model.5.m.0.cv2.conv.weight_quantizer                                            TensorQuantizer(8 bit fake axis=0 amax=[0.2375, 0.8974](32) calibrator=MaxCalibrator quant)
model.6.routing.router.0.input_quantizer                                         TensorQuantizer(disabled)
model.6.routing.router.0.output_quantizer                                        TensorQuantizer(disabled)
model.6.routing.router.0.weight_quantizer                                        TensorQuantizer(disabled)
model.6.routing.router.3.input_quantizer                                         TensorQuantizer(disabled)
model.6.routing.router.3.output_quantizer                                        TensorQuantizer(disabled)
model.6.routing.router.3.weight_quantizer                                        TensorQuantizer(disabled)
model.6.experts.0.conv.0.input_quantizer                                         TensorQuantizer(8 bit fake per-tensor amax=6.7005 calibrator=MaxCalibrator quant)
model.6.experts.0.conv.0.output_quantizer                                        TensorQuantizer(disabled)
model.6.experts.0.conv.0.weight_quantizer                                        TensorQuantizer(8 bit fake axis=0 amax=[0.3346, 0.7738](256) calibrator=MaxCalibrator quant)
model.6.experts.0.conv.3.input_quantizer                                         TensorQuantizer(8 bit fake per-tensor amax=8.3162 calibrator=MaxCalibrator quant)
model.6.experts.0.conv.3.output_quantizer                                        TensorQuantizer(disabled)
model.6.experts.0.conv.3.weight_quantizer                                        TensorQuantizer(8 bit fake axis=0 amax=[0.2184, 0.4729](128) calibrator=MaxCalibrator quant)
model.6.experts.1.conv.0.input_quantizer                                         TensorQuantizer(8 bit fake per-tensor amax=6.7005 calibrator=MaxCalibrator quant)
model.6.experts.1.conv.0.output_quantizer                                        TensorQuantizer(disabled)
model.6.experts.1.conv.0.weight_quantizer                                        TensorQuantizer(8 bit fake axis=0 amax=[0.3836, 0.8169](256) calibrator=MaxCalibrator quant)
model.6.experts.1.conv.3.input_quantizer                                         TensorQuantizer(8 bit fake per-tensor amax=7.6088 calibrator=MaxCalibrator quant)
model.6.experts.1.conv.3.output_quantizer                                        TensorQuantizer(disabled)
model.6.experts.1.conv.3.weight_quantizer                                        TensorQuantizer(8 bit fake axis=0 amax=[0.2332, 0.5110](128) calibrator=MaxCalibrator quant)
model.6.experts.2.conv.0.input_quantizer                                         TensorQuantizer(8 bit fake per-tensor amax=6.7005 calibrator=MaxCalibrator quant)
model.6.experts.2.conv.0.output_quantizer                                        TensorQuantizer(disabled)
model.6.experts.2.conv.0.weight_quantizer                                        TensorQuantizer(8 bit fake axis=0 amax=[0.2706, 1.9199](256) calibrator=MaxCalibrator quant)
model.6.experts.2.conv.3.input_quantizer                                         TensorQuantizer(8 bit fake per-tensor amax=5.8495 calibrator=MaxCalibrator quant)
model.6.experts.2.conv.3.output_quantizer                                        TensorQuantizer(disabled)
model.6.experts.2.conv.3.weight_quantizer                                        TensorQuantizer(8 bit fake axis=0 amax=[0.3112, 2.4655](128) calibrator=MaxCalibrator quant)
model.6.experts.3.conv.0.input_quantizer                                         TensorQuantizer(8 bit fake per-tensor amax=6.7005 calibrator=MaxCalibrator quant)
model.6.experts.3.conv.0.output_quantizer                                        TensorQuantizer(disabled)
model.6.experts.3.conv.0.weight_quantizer                                        TensorQuantizer(8 bit fake axis=0 amax=[0.3076, 1.6236](256) calibrator=MaxCalibrator quant)
model.6.experts.3.conv.3.input_quantizer                                         TensorQuantizer(8 bit fake per-tensor amax=5.2601 calibrator=MaxCalibrator quant)
model.6.experts.3.conv.3.output_quantizer                                        TensorQuantizer(disabled)
model.6.experts.3.conv.3.weight_quantizer                                        TensorQuantizer(8 bit fake axis=0 amax=[0.0383, 1.7639](128) calibrator=MaxCalibrator quant)
model.6.shared_expert.0.input_quantizer                                          TensorQuantizer(8 bit fake per-tensor amax=6.7005 calibrator=MaxCalibrator quant)
model.6.shared_expert.0.output_quantizer                                         TensorQuantizer(disabled)
model.6.shared_expert.0.weight_quantizer                                         TensorQuantizer(8 bit fake axis=0 amax=[0.2151, 2.1001](128) calibrator=MaxCalibrator quant)
model.7.conv.input_quantizer                                                     TensorQuantizer(8 bit fake per-tensor amax=10.5699 calibrator=MaxCalibrator quant)
model.7.conv.output_quantizer                                                    TensorQuantizer(disabled)
model.7.conv.weight_quantizer                                                    TensorQuantizer(8 bit fake axis=0 amax=[0.0600, 0.4059](128) calibrator=MaxCalibrator quant)
model.8.cv1.conv.input_quantizer                                                 TensorQuantizer(8 bit fake per-tensor amax=15.1162 calibrator=MaxCalibrator quant)
model.8.cv1.conv.output_quantizer                                                TensorQuantizer(disabled)
model.8.cv1.conv.weight_quantizer                                                TensorQuantizer(8 bit fake axis=0 amax=[0.4086, 2.0284](64) calibrator=MaxCalibrator quant)
model.8.cv2.conv.input_quantizer                                                 TensorQuantizer(8 bit fake per-tensor amax=16.6431 calibrator=MaxCalibrator quant)
model.8.cv2.conv.output_quantizer                                                TensorQuantizer(disabled)
model.8.cv2.conv.weight_quantizer                                                TensorQuantizer(8 bit fake axis=0 amax=[0.0526, 0.2920](128) calibrator=MaxCalibrator quant)
model.8.m.0.0.attn.qkv.conv.input_quantizer                                      TensorQuantizer(8 bit fake per-tensor amax=15.1043 calibrator=MaxCalibrator quant)
model.8.m.0.0.attn.qkv.conv.output_quantizer                                     TensorQuantizer(disabled)
model.8.m.0.0.attn.qkv.conv.weight_quantizer                                     TensorQuantizer(8 bit fake axis=0 amax=[0.0458, 1.5632](192) calibrator=MaxCalibrator quant)
model.8.m.0.0.attn.proj.conv.input_quantizer                                     TensorQuantizer(8 bit fake per-tensor amax=14.0637 calibrator=MaxCalibrator quant)
model.8.m.0.0.attn.proj.conv.output_quantizer                                    TensorQuantizer(disabled)
model.8.m.0.0.attn.proj.conv.weight_quantizer                                    TensorQuantizer(8 bit fake axis=0 amax=[0.0962, 0.5529](64) calibrator=MaxCalibrator quant)
model.8.m.0.0.attn.pe.conv.input_quantizer                                       TensorQuantizer(8 bit fake per-tensor amax=19.2519 calibrator=MaxCalibrator quant)
model.8.m.0.0.attn.pe.conv.output_quantizer                                      TensorQuantizer(disabled)
model.8.m.0.0.attn.pe.conv.weight_quantizer                                      TensorQuantizer(8 bit fake axis=0 amax=[0.0892, 4.5386](64) calibrator=MaxCalibrator quant)
model.8.m.0.0.mlp.0.conv.input_quantizer                                         TensorQuantizer(8 bit fake per-tensor amax=14.3989 calibrator=MaxCalibrator quant)
model.8.m.0.0.mlp.0.conv.output_quantizer                                        TensorQuantizer(disabled)
model.8.m.0.0.mlp.0.conv.weight_quantizer                                        TensorQuantizer(8 bit fake axis=0 amax=[0.1739, 0.5335](128) calibrator=MaxCalibrator quant)
model.8.m.0.0.mlp.1.conv.input_quantizer                                         TensorQuantizer(8 bit fake per-tensor amax=5.0697 calibrator=MaxCalibrator quant)
model.8.m.0.0.mlp.1.conv.output_quantizer                                        TensorQuantizer(disabled)
model.8.m.0.0.mlp.1.conv.weight_quantizer                                        TensorQuantizer(8 bit fake axis=0 amax=[0.2791, 1.4824](64) calibrator=MaxCalibrator quant)
model.8.m.0.1.attn.qkv.conv.input_quantizer                                      TensorQuantizer(8 bit fake per-tensor amax=12.3060 calibrator=MaxCalibrator quant)
model.8.m.0.1.attn.qkv.conv.output_quantizer                                     TensorQuantizer(disabled)
model.8.m.0.1.attn.qkv.conv.weight_quantizer                                     TensorQuantizer(8 bit fake axis=0 amax=[0.0376, 1.3311](192) calibrator=MaxCalibrator quant)
model.8.m.0.1.attn.proj.conv.input_quantizer                                     TensorQuantizer(8 bit fake per-tensor amax=6.7485 calibrator=MaxCalibrator quant)
model.8.m.0.1.attn.proj.conv.output_quantizer                                    TensorQuantizer(disabled)
model.8.m.0.1.attn.proj.conv.weight_quantizer                                    TensorQuantizer(8 bit fake axis=0 amax=[0.1579, 1.2133](64) calibrator=MaxCalibrator quant)
model.8.m.0.1.attn.pe.conv.input_quantizer                                       TensorQuantizer(8 bit fake per-tensor amax=12.3305 calibrator=MaxCalibrator quant)
model.8.m.0.1.attn.pe.conv.output_quantizer                                      TensorQuantizer(disabled)
model.8.m.0.1.attn.pe.conv.weight_quantizer                                      TensorQuantizer(8 bit fake axis=0 amax=[0.0388, 2.8106](64) calibrator=MaxCalibrator quant)
model.8.m.0.1.mlp.0.conv.input_quantizer                                         TensorQuantizer(8 bit fake per-tensor amax=13.1128 calibrator=MaxCalibrator quant)
model.8.m.0.1.mlp.0.conv.output_quantizer                                        TensorQuantizer(disabled)
model.8.m.0.1.mlp.0.conv.weight_quantizer                                        TensorQuantizer(8 bit fake axis=0 amax=[0.1695, 0.6015](128) calibrator=MaxCalibrator quant)
model.8.m.0.1.mlp.1.conv.input_quantizer                                         TensorQuantizer(8 bit fake per-tensor amax=7.4626 calibrator=MaxCalibrator quant)
model.8.m.0.1.mlp.1.conv.output_quantizer                                        TensorQuantizer(disabled)
model.8.m.0.1.mlp.1.conv.weight_quantizer                                        TensorQuantizer(8 bit fake axis=0 amax=[0.1757, 0.8987](64) calibrator=MaxCalibrator quant)
model.8.m.1.0.attn.qkv.conv.input_quantizer                                      TensorQuantizer(8 bit fake per-tensor amax=16.6431 calibrator=MaxCalibrator quant)
model.8.m.1.0.attn.qkv.conv.output_quantizer                                     TensorQuantizer(disabled)
model.8.m.1.0.attn.qkv.conv.weight_quantizer                                     TensorQuantizer(8 bit fake axis=0 amax=[0.0436, 1.0655](192) calibrator=MaxCalibrator quant)
model.8.m.1.0.attn.proj.conv.input_quantizer                                     TensorQuantizer(8 bit fake per-tensor amax=9.1624 calibrator=MaxCalibrator quant)
model.8.m.1.0.attn.proj.conv.output_quantizer                                    TensorQuantizer(disabled)
model.8.m.1.0.attn.proj.conv.weight_quantizer                                    TensorQuantizer(8 bit fake axis=0 amax=[0.1236, 0.5652](64) calibrator=MaxCalibrator quant)
model.8.m.1.0.attn.pe.conv.input_quantizer                                       TensorQuantizer(8 bit fake per-tensor amax=18.1642 calibrator=MaxCalibrator quant)
model.8.m.1.0.attn.pe.conv.output_quantizer                                      TensorQuantizer(disabled)
model.8.m.1.0.attn.pe.conv.weight_quantizer                                      TensorQuantizer(8 bit fake axis=0 amax=[0.1193, 5.1732](64) calibrator=MaxCalibrator quant)
model.8.m.1.0.mlp.0.conv.input_quantizer                                         TensorQuantizer(8 bit fake per-tensor amax=13.5064 calibrator=MaxCalibrator quant)
model.8.m.1.0.mlp.0.conv.output_quantizer                                        TensorQuantizer(disabled)
model.8.m.1.0.mlp.0.conv.weight_quantizer                                        TensorQuantizer(8 bit fake axis=0 amax=[0.1388, 0.4790](128) calibrator=MaxCalibrator quant)
model.8.m.1.0.mlp.1.conv.input_quantizer                                         TensorQuantizer(8 bit fake per-tensor amax=8.6751 calibrator=MaxCalibrator quant)
model.8.m.1.0.mlp.1.conv.output_quantizer                                        TensorQuantizer(disabled)
model.8.m.1.0.mlp.1.conv.weight_quantizer                                        TensorQuantizer(8 bit fake axis=0 amax=[0.1950, 1.5572](64) calibrator=MaxCalibrator quant)
model.8.m.1.1.attn.qkv.conv.input_quantizer                                      TensorQuantizer(8 bit fake per-tensor amax=14.3014 calibrator=MaxCalibrator quant)
model.8.m.1.1.attn.qkv.conv.output_quantizer                                     TensorQuantizer(disabled)
model.8.m.1.1.attn.qkv.conv.weight_quantizer                                     TensorQuantizer(8 bit fake axis=0 amax=[0.0337, 0.6532](192) calibrator=MaxCalibrator quant)
model.8.m.1.1.attn.proj.conv.input_quantizer                                     TensorQuantizer(8 bit fake per-tensor amax=10.1304 calibrator=MaxCalibrator quant)
model.8.m.1.1.attn.proj.conv.output_quantizer                                    TensorQuantizer(disabled)
model.8.m.1.1.attn.proj.conv.weight_quantizer                                    TensorQuantizer(8 bit fake axis=0 amax=[0.2294, 1.1726](64) calibrator=MaxCalibrator quant)
model.8.m.1.1.attn.pe.conv.input_quantizer                                       TensorQuantizer(8 bit fake per-tensor amax=14.6119 calibrator=MaxCalibrator quant)
model.8.m.1.1.attn.pe.conv.output_quantizer                                      TensorQuantizer(disabled)
model.8.m.1.1.attn.pe.conv.weight_quantizer                                      TensorQuantizer(8 bit fake axis=0 amax=[0.2229, 4.5525](64) calibrator=MaxCalibrator quant)
model.8.m.1.1.mlp.0.conv.input_quantizer                                         TensorQuantizer(8 bit fake per-tensor amax=16.2378 calibrator=MaxCalibrator quant)
model.8.m.1.1.mlp.0.conv.output_quantizer                                        TensorQuantizer(disabled)
model.8.m.1.1.mlp.0.conv.weight_quantizer                                        TensorQuantizer(8 bit fake axis=0 amax=[0.1118, 0.4220](128) calibrator=MaxCalibrator quant)
model.8.m.1.1.mlp.1.conv.input_quantizer                                         TensorQuantizer(8 bit fake per-tensor amax=6.4047 calibrator=MaxCalibrator quant)
model.8.m.1.1.mlp.1.conv.output_quantizer                                        TensorQuantizer(disabled)
model.8.m.1.1.mlp.1.conv.weight_quantizer                                        TensorQuantizer(8 bit fake axis=0 amax=[0.3155, 1.5421](64) calibrator=MaxCalibrator quant)
model.9.routing.router.0.input_quantizer                                         TensorQuantizer(disabled)
model.9.routing.router.0.output_quantizer                                        TensorQuantizer(disabled)
model.9.routing.router.0.weight_quantizer                                        TensorQuantizer(disabled)
model.9.routing.router.3.input_quantizer                                         TensorQuantizer(disabled)
model.9.routing.router.3.output_quantizer                                        TensorQuantizer(disabled)
model.9.routing.router.3.weight_quantizer                                        TensorQuantizer(disabled)
model.9.experts.0.conv.0.input_quantizer                                         TensorQuantizer(8 bit fake per-tensor amax=13.5516 calibrator=MaxCalibrator quant)
model.9.experts.0.conv.0.output_quantizer                                        TensorQuantizer(disabled)
model.9.experts.0.conv.0.weight_quantizer                                        TensorQuantizer(8 bit fake axis=0 amax=[0.0010, 0.0255](256) calibrator=MaxCalibrator quant)
model.9.experts.0.conv.3.input_quantizer                                         TensorQuantizer(8 bit fake per-tensor amax=0.2080 calibrator=MaxCalibrator quant)
model.9.experts.0.conv.3.output_quantizer                                        TensorQuantizer(disabled)
model.9.experts.0.conv.3.weight_quantizer                                        TensorQuantizer(8 bit fake axis=0 amax=[0.0023, 0.0394](128) calibrator=MaxCalibrator quant)
model.9.experts.1.conv.0.input_quantizer                                         TensorQuantizer(8 bit fake per-tensor amax=13.5516 calibrator=MaxCalibrator quant)
model.9.experts.1.conv.0.output_quantizer                                        TensorQuantizer(disabled)
model.9.experts.1.conv.0.weight_quantizer                                        TensorQuantizer(8 bit fake axis=0 amax=[0.0018, 0.1765](256) calibrator=MaxCalibrator quant)
model.9.experts.1.conv.3.input_quantizer                                         TensorQuantizer(8 bit fake per-tensor amax=3.0948 calibrator=MaxCalibrator quant)
model.9.experts.1.conv.3.output_quantizer                                        TensorQuantizer(disabled)
model.9.experts.1.conv.3.weight_quantizer                                        TensorQuantizer(8 bit fake axis=0 amax=[0.0336, 0.1998](128) calibrator=MaxCalibrator quant)
model.9.experts.2.conv.0.input_quantizer                                         TensorQuantizer(8 bit fake per-tensor amax=13.5516 calibrator=MaxCalibrator quant)
model.9.experts.2.conv.0.output_quantizer                                        TensorQuantizer(disabled)
model.9.experts.2.conv.0.weight_quantizer                                        TensorQuantizer(8 bit fake axis=0 amax=[0.2487, 1.2196](256) calibrator=MaxCalibrator quant)
model.9.experts.2.conv.3.input_quantizer                                         TensorQuantizer(8 bit fake per-tensor amax=6.0894 calibrator=MaxCalibrator quant)
model.9.experts.2.conv.3.output_quantizer                                        TensorQuantizer(disabled)
model.9.experts.2.conv.3.weight_quantizer                                        TensorQuantizer(8 bit fake axis=0 amax=[0.0000, 1.2899](128) calibrator=MaxCalibrator quant)
model.9.experts.3.conv.0.input_quantizer                                         TensorQuantizer(8 bit fake per-tensor amax=13.5516 calibrator=MaxCalibrator quant)
model.9.experts.3.conv.0.output_quantizer                                        TensorQuantizer(disabled)
model.9.experts.3.conv.0.weight_quantizer                                        TensorQuantizer(8 bit fake axis=0 amax=[0.0002, 0.0143](256) calibrator=MaxCalibrator quant)
model.9.experts.3.conv.3.input_quantizer                                         TensorQuantizer(8 bit fake per-tensor amax=0.1797 calibrator=MaxCalibrator quant)
model.9.experts.3.conv.3.output_quantizer                                        TensorQuantizer(disabled)
model.9.experts.3.conv.3.weight_quantizer                                        TensorQuantizer(8 bit fake axis=0 amax=[0.0002, 0.0241](128) calibrator=MaxCalibrator quant)
model.9.experts.4.conv.0.input_quantizer                                         TensorQuantizer(8 bit fake per-tensor amax=13.5516 calibrator=MaxCalibrator quant)
model.9.experts.4.conv.0.output_quantizer                                        TensorQuantizer(disabled)
model.9.experts.4.conv.0.weight_quantizer                                        TensorQuantizer(8 bit fake axis=0 amax=[0.4529, 1.0421](256) calibrator=MaxCalibrator quant)
model.9.experts.4.conv.3.input_quantizer                                         TensorQuantizer(8 bit fake per-tensor amax=8.6016 calibrator=MaxCalibrator quant)
model.9.experts.4.conv.3.output_quantizer                                        TensorQuantizer(disabled)
model.9.experts.4.conv.3.weight_quantizer                                        TensorQuantizer(8 bit fake axis=0 amax=[0.0368, 1.6302](128) calibrator=MaxCalibrator quant)
model.9.experts.5.conv.0.input_quantizer                                         TensorQuantizer(8 bit fake per-tensor amax=13.5516 calibrator=MaxCalibrator quant)
model.9.experts.5.conv.0.output_quantizer                                        TensorQuantizer(disabled)
model.9.experts.5.conv.0.weight_quantizer                                        TensorQuantizer(8 bit fake axis=0 amax=[0.0002, 0.0337](256) calibrator=MaxCalibrator quant)
model.9.experts.5.conv.3.input_quantizer                                         TensorQuantizer(8 bit fake per-tensor amax=0.1941 calibrator=MaxCalibrator quant)
model.9.experts.5.conv.3.output_quantizer                                        TensorQuantizer(disabled)
model.9.experts.5.conv.3.weight_quantizer                                        TensorQuantizer(8 bit fake axis=0 amax=[0.0004, 0.0438](128) calibrator=MaxCalibrator quant)
model.9.experts.6.conv.0.input_quantizer                                         TensorQuantizer(8 bit fake per-tensor amax=13.5516 calibrator=MaxCalibrator quant)
model.9.experts.6.conv.0.output_quantizer                                        TensorQuantizer(disabled)
model.9.experts.6.conv.0.weight_quantizer                                        TensorQuantizer(8 bit fake axis=0 amax=[0.0199, 0.3618](256) calibrator=MaxCalibrator quant)
model.9.experts.6.conv.3.input_quantizer                                         TensorQuantizer(8 bit fake per-tensor amax=4.3743 calibrator=MaxCalibrator quant)
model.9.experts.6.conv.3.output_quantizer                                        TensorQuantizer(disabled)
model.9.experts.6.conv.3.weight_quantizer                                        TensorQuantizer(8 bit fake axis=0 amax=[0.0613, 0.3637](128) calibrator=MaxCalibrator quant)
model.9.experts.7.conv.0.input_quantizer                                         TensorQuantizer(8 bit fake per-tensor amax=13.5516 calibrator=MaxCalibrator quant)
model.9.experts.7.conv.0.output_quantizer                                        TensorQuantizer(disabled)
model.9.experts.7.conv.0.weight_quantizer                                        TensorQuantizer(8 bit fake axis=0 amax=[0.0002, 0.0137](256) calibrator=MaxCalibrator quant)
model.9.experts.7.conv.3.input_quantizer                                         TensorQuantizer(8 bit fake per-tensor amax=0.1037 calibrator=MaxCalibrator quant)
model.9.experts.7.conv.3.output_quantizer                                        TensorQuantizer(disabled)
model.9.experts.7.conv.3.weight_quantizer                                        TensorQuantizer(8 bit fake axis=0 amax=[0.0006, 0.0135](128) calibrator=MaxCalibrator quant)
model.9.shared_expert.0.input_quantizer                                          TensorQuantizer(8 bit fake per-tensor amax=13.5516 calibrator=MaxCalibrator quant)
model.9.shared_expert.0.output_quantizer                                         TensorQuantizer(disabled)
model.9.shared_expert.0.weight_quantizer                                         TensorQuantizer(8 bit fake axis=0 amax=[0.3105, 2.2815](128) calibrator=MaxCalibrator quant)
model.10.conv.input_quantizer                                                    TensorQuantizer(8 bit fake per-tensor amax=12.8595 calibrator=MaxCalibrator quant)
model.10.conv.output_quantizer                                                   TensorQuantizer(disabled)
model.10.conv.weight_quantizer                                                   TensorQuantizer(8 bit fake axis=0 amax=[0.0529, 0.2986](256) calibrator=MaxCalibrator quant)
model.11.cv1.conv.input_quantizer                                                TensorQuantizer(8 bit fake per-tensor amax=14.1475 calibrator=MaxCalibrator quant)
model.11.cv1.conv.output_quantizer                                               TensorQuantizer(disabled)
model.11.cv1.conv.weight_quantizer                                               TensorQuantizer(8 bit fake axis=0 amax=[0.3460, 2.4430](128) calibrator=MaxCalibrator quant)
model.11.cv2.conv.input_quantizer                                                TensorQuantizer(8 bit fake per-tensor amax=24.1347 calibrator=MaxCalibrator quant)
model.11.cv2.conv.output_quantizer                                               TensorQuantizer(disabled)
model.11.cv2.conv.weight_quantizer                                               TensorQuantizer(8 bit fake axis=0 amax=[0.0337, 0.2915](256) calibrator=MaxCalibrator quant)
model.11.m.0.0.attn.qkv.conv.input_quantizer                                     TensorQuantizer(8 bit fake per-tensor amax=22.1676 calibrator=MaxCalibrator quant)
model.11.m.0.0.attn.qkv.conv.output_quantizer                                    TensorQuantizer(disabled)
model.11.m.0.0.attn.qkv.conv.weight_quantizer                                    TensorQuantizer(8 bit fake axis=0 amax=[0.0087, 1.2846](384) calibrator=MaxCalibrator quant)
model.11.m.0.0.attn.proj.conv.input_quantizer                                    TensorQuantizer(8 bit fake per-tensor amax=12.6541 calibrator=MaxCalibrator quant)
model.11.m.0.0.attn.proj.conv.output_quantizer                                   TensorQuantizer(disabled)
model.11.m.0.0.attn.proj.conv.weight_quantizer                                   TensorQuantizer(8 bit fake axis=0 amax=[0.0371, 0.6392](128) calibrator=MaxCalibrator quant)
model.11.m.0.0.attn.pe.conv.input_quantizer                                      TensorQuantizer(8 bit fake per-tensor amax=12.2927 calibrator=MaxCalibrator quant)
model.11.m.0.0.attn.pe.conv.output_quantizer                                     TensorQuantizer(disabled)
model.11.m.0.0.attn.pe.conv.weight_quantizer                                     TensorQuantizer(8 bit fake axis=0 amax=[0.0570, 2.6248](128) calibrator=MaxCalibrator quant)
model.11.m.0.0.mlp.0.conv.input_quantizer                                        TensorQuantizer(8 bit fake per-tensor amax=19.0437 calibrator=MaxCalibrator quant)
model.11.m.0.0.mlp.0.conv.output_quantizer                                       TensorQuantizer(disabled)
model.11.m.0.0.mlp.0.conv.weight_quantizer                                       TensorQuantizer(8 bit fake axis=0 amax=[0.1152, 0.6703](256) calibrator=MaxCalibrator quant)
model.11.m.0.0.mlp.1.conv.input_quantizer                                        TensorQuantizer(8 bit fake per-tensor amax=9.6786 calibrator=MaxCalibrator quant)
model.11.m.0.0.mlp.1.conv.output_quantizer                                       TensorQuantizer(disabled)
model.11.m.0.0.mlp.1.conv.weight_quantizer                                       TensorQuantizer(8 bit fake axis=0 amax=[0.2205, 1.4327](128) calibrator=MaxCalibrator quant)
model.11.m.0.1.attn.qkv.conv.input_quantizer                                     TensorQuantizer(8 bit fake per-tensor amax=19.7789 calibrator=MaxCalibrator quant)
model.11.m.0.1.attn.qkv.conv.output_quantizer                                    TensorQuantizer(disabled)
model.11.m.0.1.attn.qkv.conv.weight_quantizer                                    TensorQuantizer(8 bit fake axis=0 amax=[0.0418, 0.9141](384) calibrator=MaxCalibrator quant)
model.11.m.0.1.attn.proj.conv.input_quantizer                                    TensorQuantizer(8 bit fake per-tensor amax=10.4291 calibrator=MaxCalibrator quant)
model.11.m.0.1.attn.proj.conv.output_quantizer                                   TensorQuantizer(disabled)
model.11.m.0.1.attn.proj.conv.weight_quantizer                                   TensorQuantizer(8 bit fake axis=0 amax=[0.0870, 0.7077](128) calibrator=MaxCalibrator quant)
model.11.m.0.1.attn.pe.conv.input_quantizer                                      TensorQuantizer(8 bit fake per-tensor amax=14.8940 calibrator=MaxCalibrator quant)
model.11.m.0.1.attn.pe.conv.output_quantizer                                     TensorQuantizer(disabled)
model.11.m.0.1.attn.pe.conv.weight_quantizer                                     TensorQuantizer(8 bit fake axis=0 amax=[0.1210, 4.7377](128) calibrator=MaxCalibrator quant)
model.11.m.0.1.mlp.0.conv.input_quantizer                                        TensorQuantizer(8 bit fake per-tensor amax=18.9747 calibrator=MaxCalibrator quant)
model.11.m.0.1.mlp.0.conv.output_quantizer                                       TensorQuantizer(disabled)
model.11.m.0.1.mlp.0.conv.weight_quantizer                                       TensorQuantizer(8 bit fake axis=0 amax=[0.1135, 0.6610](256) calibrator=MaxCalibrator quant)
model.11.m.0.1.mlp.1.conv.input_quantizer                                        TensorQuantizer(8 bit fake per-tensor amax=12.7593 calibrator=MaxCalibrator quant)
model.11.m.0.1.mlp.1.conv.output_quantizer                                       TensorQuantizer(disabled)
model.11.m.0.1.mlp.1.conv.weight_quantizer                                       TensorQuantizer(8 bit fake axis=0 amax=[0.1714, 1.4916](128) calibrator=MaxCalibrator quant)
model.11.m.1.0.attn.qkv.conv.input_quantizer                                     TensorQuantizer(8 bit fake per-tensor amax=23.9149 calibrator=MaxCalibrator quant)
model.11.m.1.0.attn.qkv.conv.output_quantizer                                    TensorQuantizer(disabled)
model.11.m.1.0.attn.qkv.conv.weight_quantizer                                    TensorQuantizer(8 bit fake axis=0 amax=[0.0387, 0.4870](384) calibrator=MaxCalibrator quant)
model.11.m.1.0.attn.proj.conv.input_quantizer                                    TensorQuantizer(8 bit fake per-tensor amax=8.0172 calibrator=MaxCalibrator quant)
model.11.m.1.0.attn.proj.conv.output_quantizer                                   TensorQuantizer(disabled)
model.11.m.1.0.attn.proj.conv.weight_quantizer                                   TensorQuantizer(8 bit fake axis=0 amax=[0.1439, 1.1295](128) calibrator=MaxCalibrator quant)
model.11.m.1.0.attn.pe.conv.input_quantizer                                      TensorQuantizer(8 bit fake per-tensor amax=11.2568 calibrator=MaxCalibrator quant)
model.11.m.1.0.attn.pe.conv.output_quantizer                                     TensorQuantizer(disabled)
model.11.m.1.0.attn.pe.conv.weight_quantizer                                     TensorQuantizer(8 bit fake axis=0 amax=[0.0682, 3.1579](128) calibrator=MaxCalibrator quant)
model.11.m.1.0.mlp.0.conv.input_quantizer                                        TensorQuantizer(8 bit fake per-tensor amax=26.3316 calibrator=MaxCalibrator quant)
model.11.m.1.0.mlp.0.conv.output_quantizer                                       TensorQuantizer(disabled)
model.11.m.1.0.mlp.0.conv.weight_quantizer                                       TensorQuantizer(8 bit fake axis=0 amax=[0.1154, 0.7612](256) calibrator=MaxCalibrator quant)
model.11.m.1.0.mlp.1.conv.input_quantizer                                        TensorQuantizer(8 bit fake per-tensor amax=9.3937 calibrator=MaxCalibrator quant)
model.11.m.1.0.mlp.1.conv.output_quantizer                                       TensorQuantizer(disabled)
model.11.m.1.0.mlp.1.conv.weight_quantizer                                       TensorQuantizer(8 bit fake axis=0 amax=[0.2812, 1.8426](128) calibrator=MaxCalibrator quant)
model.11.m.1.1.attn.qkv.conv.input_quantizer                                     TensorQuantizer(8 bit fake per-tensor amax=23.4347 calibrator=MaxCalibrator quant)
model.11.m.1.1.attn.qkv.conv.output_quantizer                                    TensorQuantizer(disabled)
model.11.m.1.1.attn.qkv.conv.weight_quantizer                                    TensorQuantizer(8 bit fake axis=0 amax=[0.0276, 0.3921](384) calibrator=MaxCalibrator quant)
model.11.m.1.1.attn.proj.conv.input_quantizer                                    TensorQuantizer(8 bit fake per-tensor amax=7.0096 calibrator=MaxCalibrator quant)
model.11.m.1.1.attn.proj.conv.output_quantizer                                   TensorQuantizer(disabled)
model.11.m.1.1.attn.proj.conv.weight_quantizer                                   TensorQuantizer(8 bit fake axis=0 amax=[0.3661, 1.3201](128) calibrator=MaxCalibrator quant)
model.11.m.1.1.attn.pe.conv.input_quantizer                                      TensorQuantizer(8 bit fake per-tensor amax=12.6189 calibrator=MaxCalibrator quant)
model.11.m.1.1.attn.pe.conv.output_quantizer                                     TensorQuantizer(disabled)
model.11.m.1.1.attn.pe.conv.weight_quantizer                                     TensorQuantizer(8 bit fake axis=0 amax=[0.0219, 2.8593](128) calibrator=MaxCalibrator quant)
model.11.m.1.1.mlp.0.conv.input_quantizer                                        TensorQuantizer(8 bit fake per-tensor amax=25.0389 calibrator=MaxCalibrator quant)
model.11.m.1.1.mlp.0.conv.output_quantizer                                       TensorQuantizer(disabled)
model.11.m.1.1.mlp.0.conv.weight_quantizer                                       TensorQuantizer(8 bit fake axis=0 amax=[0.0785, 0.2679](256) calibrator=MaxCalibrator quant)
model.11.m.1.1.mlp.1.conv.input_quantizer                                        TensorQuantizer(8 bit fake per-tensor amax=8.7644 calibrator=MaxCalibrator quant)
model.11.m.1.1.mlp.1.conv.output_quantizer                                       TensorQuantizer(disabled)
model.11.m.1.1.mlp.1.conv.weight_quantizer                                       TensorQuantizer(8 bit fake axis=0 amax=[0.2308, 0.9368](128) calibrator=MaxCalibrator quant)
model.12.routing.router.0.input_quantizer                                        TensorQuantizer(disabled)
model.12.routing.router.0.output_quantizer                                       TensorQuantizer(disabled)
model.12.routing.router.0.weight_quantizer                                       TensorQuantizer(disabled)
model.12.routing.router.3.input_quantizer                                        TensorQuantizer(disabled)
model.12.routing.router.3.output_quantizer                                       TensorQuantizer(disabled)
model.12.routing.router.3.weight_quantizer                                       TensorQuantizer(disabled)
model.12.experts.0.conv.0.input_quantizer                                        TensorQuantizer(8 bit fake per-tensor amax=12.6661 calibrator=MaxCalibrator quant)
model.12.experts.0.conv.0.output_quantizer                                       TensorQuantizer(disabled)
model.12.experts.0.conv.0.weight_quantizer                                       TensorQuantizer(8 bit fake axis=0 amax=[0.1449, 0.3097](512) calibrator=MaxCalibrator quant)
model.12.experts.0.conv.3.input_quantizer                                        TensorQuantizer(8 bit fake per-tensor amax=4.3547 calibrator=MaxCalibrator quant)
model.12.experts.0.conv.3.output_quantizer                                       TensorQuantizer(disabled)
model.12.experts.0.conv.3.weight_quantizer                                       TensorQuantizer(8 bit fake axis=0 amax=[0.1186, 0.2517](256) calibrator=MaxCalibrator quant)
model.12.experts.1.conv.0.input_quantizer                                        TensorQuantizer(8 bit fake per-tensor amax=12.6661 calibrator=MaxCalibrator quant)
model.12.experts.1.conv.0.output_quantizer                                       TensorQuantizer(disabled)
model.12.experts.1.conv.0.weight_quantizer                                       TensorQuantizer(8 bit fake axis=0 amax=[0.2263, 0.5187](512) calibrator=MaxCalibrator quant)
model.12.experts.1.conv.3.input_quantizer                                        TensorQuantizer(8 bit fake per-tensor amax=7.8675 calibrator=MaxCalibrator quant)
model.12.experts.1.conv.3.output_quantizer                                       TensorQuantizer(disabled)
model.12.experts.1.conv.3.weight_quantizer                                       TensorQuantizer(8 bit fake axis=0 amax=[0.1977, 0.3947](256) calibrator=MaxCalibrator quant)
model.12.experts.2.conv.0.input_quantizer                                        TensorQuantizer(8 bit fake per-tensor amax=12.6661 calibrator=MaxCalibrator quant)
model.12.experts.2.conv.0.output_quantizer                                       TensorQuantizer(disabled)
model.12.experts.2.conv.0.weight_quantizer                                       TensorQuantizer(8 bit fake axis=0 amax=[0.2286, 0.4917](512) calibrator=MaxCalibrator quant)
model.12.experts.2.conv.3.input_quantizer                                        TensorQuantizer(8 bit fake per-tensor amax=7.3524 calibrator=MaxCalibrator quant)
model.12.experts.2.conv.3.output_quantizer                                       TensorQuantizer(disabled)
model.12.experts.2.conv.3.weight_quantizer                                       TensorQuantizer(8 bit fake axis=0 amax=[0.1835, 0.4033](256) calibrator=MaxCalibrator quant)
model.12.experts.3.conv.0.input_quantizer                                        TensorQuantizer(8 bit fake per-tensor amax=12.6661 calibrator=MaxCalibrator quant)
model.12.experts.3.conv.0.output_quantizer                                       TensorQuantizer(disabled)
model.12.experts.3.conv.0.weight_quantizer                                       TensorQuantizer(8 bit fake axis=0 amax=[0.2485, 0.4956](512) calibrator=MaxCalibrator quant)
model.12.experts.3.conv.3.input_quantizer                                        TensorQuantizer(8 bit fake per-tensor amax=6.8728 calibrator=MaxCalibrator quant)
model.12.experts.3.conv.3.output_quantizer                                       TensorQuantizer(disabled)
model.12.experts.3.conv.3.weight_quantizer                                       TensorQuantizer(8 bit fake axis=0 amax=[0.1954, 0.3623](256) calibrator=MaxCalibrator quant)
model.12.experts.4.conv.0.input_quantizer                                        TensorQuantizer(8 bit fake per-tensor amax=12.6661 calibrator=MaxCalibrator quant)
model.12.experts.4.conv.0.output_quantizer                                       TensorQuantizer(disabled)
model.12.experts.4.conv.0.weight_quantizer                                       TensorQuantizer(8 bit fake axis=0 amax=[0.2515, 0.5483](512) calibrator=MaxCalibrator quant)
model.12.experts.4.conv.3.input_quantizer                                        TensorQuantizer(8 bit fake per-tensor amax=7.6735 calibrator=MaxCalibrator quant)
model.12.experts.4.conv.3.output_quantizer                                       TensorQuantizer(disabled)
model.12.experts.4.conv.3.weight_quantizer                                       TensorQuantizer(8 bit fake axis=0 amax=[0.2019, 0.4107](256) calibrator=MaxCalibrator quant)
model.12.experts.5.conv.0.input_quantizer                                        TensorQuantizer(8 bit fake per-tensor amax=12.6661 calibrator=MaxCalibrator quant)
model.12.experts.5.conv.0.output_quantizer                                       TensorQuantizer(disabled)
model.12.experts.5.conv.0.weight_quantizer                                       TensorQuantizer(8 bit fake axis=0 amax=[0.2413, 0.5667](512) calibrator=MaxCalibrator quant)
model.12.experts.5.conv.3.input_quantizer                                        TensorQuantizer(8 bit fake per-tensor amax=7.4681 calibrator=MaxCalibrator quant)
model.12.experts.5.conv.3.output_quantizer                                       TensorQuantizer(disabled)
model.12.experts.5.conv.3.weight_quantizer                                       TensorQuantizer(8 bit fake axis=0 amax=[0.1901, 0.3822](256) calibrator=MaxCalibrator quant)
model.12.experts.6.conv.0.input_quantizer                                        TensorQuantizer(8 bit fake per-tensor amax=12.6661 calibrator=MaxCalibrator quant)
model.12.experts.6.conv.0.output_quantizer                                       TensorQuantizer(disabled)
model.12.experts.6.conv.0.weight_quantizer                                       TensorQuantizer(8 bit fake axis=0 amax=[0.3082, 1.0307](512) calibrator=MaxCalibrator quant)
model.12.experts.6.conv.3.input_quantizer                                        TensorQuantizer(8 bit fake per-tensor amax=9.0538 calibrator=MaxCalibrator quant)
model.12.experts.6.conv.3.output_quantizer                                       TensorQuantizer(disabled)
model.12.experts.6.conv.3.weight_quantizer                                       TensorQuantizer(8 bit fake axis=0 amax=[0.0770, 0.7900](256) calibrator=MaxCalibrator quant)
model.12.experts.7.conv.0.input_quantizer                                        TensorQuantizer(8 bit fake per-tensor amax=12.6661 calibrator=MaxCalibrator quant)
model.12.experts.7.conv.0.output_quantizer                                       TensorQuantizer(disabled)
model.12.experts.7.conv.0.weight_quantizer                                       TensorQuantizer(8 bit fake axis=0 amax=[0.2443, 0.5096](512) calibrator=MaxCalibrator quant)
model.12.experts.7.conv.3.input_quantizer                                        TensorQuantizer(8 bit fake per-tensor amax=7.6290 calibrator=MaxCalibrator quant)
model.12.experts.7.conv.3.output_quantizer                                       TensorQuantizer(disabled)
model.12.experts.7.conv.3.weight_quantizer                                       TensorQuantizer(8 bit fake axis=0 amax=[0.2017, 0.4262](256) calibrator=MaxCalibrator quant)
model.12.experts.8.conv.0.input_quantizer                                        TensorQuantizer(8 bit fake per-tensor amax=12.6661 calibrator=MaxCalibrator quant)
model.12.experts.8.conv.0.output_quantizer                                       TensorQuantizer(disabled)
model.12.experts.8.conv.0.weight_quantizer                                       TensorQuantizer(8 bit fake axis=0 amax=[0.2588, 0.5638](512) calibrator=MaxCalibrator quant)
model.12.experts.8.conv.3.input_quantizer                                        TensorQuantizer(8 bit fake per-tensor amax=6.3899 calibrator=MaxCalibrator quant)
model.12.experts.8.conv.3.output_quantizer                                       TensorQuantizer(disabled)
model.12.experts.8.conv.3.weight_quantizer                                       TensorQuantizer(8 bit fake axis=0 amax=[0.1893, 0.4014](256) calibrator=MaxCalibrator quant)
model.12.experts.9.conv.0.input_quantizer                                        TensorQuantizer(8 bit fake per-tensor amax=12.6661 calibrator=MaxCalibrator quant)
model.12.experts.9.conv.0.output_quantizer                                       TensorQuantizer(disabled)
model.12.experts.9.conv.0.weight_quantizer                                       TensorQuantizer(8 bit fake axis=0 amax=[0.2455, 0.5888](512) calibrator=MaxCalibrator quant)
model.12.experts.9.conv.3.input_quantizer                                        TensorQuantizer(8 bit fake per-tensor amax=8.2325 calibrator=MaxCalibrator quant)
model.12.experts.9.conv.3.output_quantizer                                       TensorQuantizer(disabled)
model.12.experts.9.conv.3.weight_quantizer                                       TensorQuantizer(8 bit fake axis=0 amax=[0.2027, 0.3788](256) calibrator=MaxCalibrator quant)
model.12.experts.10.conv.0.input_quantizer                                       TensorQuantizer(8 bit fake per-tensor amax=12.6661 calibrator=MaxCalibrator quant)
model.12.experts.10.conv.0.output_quantizer                                      TensorQuantizer(disabled)
model.12.experts.10.conv.0.weight_quantizer                                      TensorQuantizer(8 bit fake axis=0 amax=[0.2566, 0.5201](512) calibrator=MaxCalibrator quant)
model.12.experts.10.conv.3.input_quantizer                                       TensorQuantizer(8 bit fake per-tensor amax=6.7688 calibrator=MaxCalibrator quant)
model.12.experts.10.conv.3.output_quantizer                                      TensorQuantizer(disabled)
model.12.experts.10.conv.3.weight_quantizer                                      TensorQuantizer(8 bit fake axis=0 amax=[0.1845, 0.3865](256) calibrator=MaxCalibrator quant)
model.12.experts.11.conv.0.input_quantizer                                       TensorQuantizer(8 bit fake per-tensor amax=12.6661 calibrator=MaxCalibrator quant)
model.12.experts.11.conv.0.output_quantizer                                      TensorQuantizer(disabled)
model.12.experts.11.conv.0.weight_quantizer                                      TensorQuantizer(8 bit fake axis=0 amax=[0.2529, 0.5469](512) calibrator=MaxCalibrator quant)
model.12.experts.11.conv.3.input_quantizer                                       TensorQuantizer(8 bit fake per-tensor amax=7.0752 calibrator=MaxCalibrator quant)
model.12.experts.11.conv.3.output_quantizer                                      TensorQuantizer(disabled)
model.12.experts.11.conv.3.weight_quantizer                                      TensorQuantizer(8 bit fake axis=0 amax=[0.1636, 0.3544](256) calibrator=MaxCalibrator quant)
model.12.experts.12.conv.0.input_quantizer                                       TensorQuantizer(8 bit fake per-tensor amax=12.6661 calibrator=MaxCalibrator quant)
model.12.experts.12.conv.0.output_quantizer                                      TensorQuantizer(disabled)
model.12.experts.12.conv.0.weight_quantizer                                      TensorQuantizer(8 bit fake axis=0 amax=[0.1995, 0.4663](512) calibrator=MaxCalibrator quant)
model.12.experts.12.conv.3.input_quantizer                                       TensorQuantizer(8 bit fake per-tensor amax=6.0398 calibrator=MaxCalibrator quant)
model.12.experts.12.conv.3.output_quantizer                                      TensorQuantizer(disabled)
model.12.experts.12.conv.3.weight_quantizer                                      TensorQuantizer(8 bit fake axis=0 amax=[0.1949, 0.4028](256) calibrator=MaxCalibrator quant)
model.12.experts.13.conv.0.input_quantizer                                       TensorQuantizer(8 bit fake per-tensor amax=12.6661 calibrator=MaxCalibrator quant)
model.12.experts.13.conv.0.output_quantizer                                      TensorQuantizer(disabled)
model.12.experts.13.conv.0.weight_quantizer                                      TensorQuantizer(8 bit fake axis=0 amax=[0.2311, 0.4833](512) calibrator=MaxCalibrator quant)
model.12.experts.13.conv.3.input_quantizer                                       TensorQuantizer(8 bit fake per-tensor amax=7.2870 calibrator=MaxCalibrator quant)
model.12.experts.13.conv.3.output_quantizer                                      TensorQuantizer(disabled)
model.12.experts.13.conv.3.weight_quantizer                                      TensorQuantizer(8 bit fake axis=0 amax=[0.1975, 0.4146](256) calibrator=MaxCalibrator quant)
model.12.experts.14.conv.0.input_quantizer                                       TensorQuantizer(8 bit fake per-tensor amax=12.6661 calibrator=MaxCalibrator quant)
model.12.experts.14.conv.0.output_quantizer                                      TensorQuantizer(disabled)
model.12.experts.14.conv.0.weight_quantizer                                      TensorQuantizer(8 bit fake axis=0 amax=[0.2494, 0.5804](512) calibrator=MaxCalibrator quant)
model.12.experts.14.conv.3.input_quantizer                                       TensorQuantizer(8 bit fake per-tensor amax=7.0101 calibrator=MaxCalibrator quant)
model.12.experts.14.conv.3.output_quantizer                                      TensorQuantizer(disabled)
model.12.experts.14.conv.3.weight_quantizer                                      TensorQuantizer(8 bit fake axis=0 amax=[0.1908, 0.3829](256) calibrator=MaxCalibrator quant)
model.12.experts.15.conv.0.input_quantizer                                       TensorQuantizer(8 bit fake per-tensor amax=12.6661 calibrator=MaxCalibrator quant)
model.12.experts.15.conv.0.output_quantizer                                      TensorQuantizer(disabled)
model.12.experts.15.conv.0.weight_quantizer                                      TensorQuantizer(8 bit fake axis=0 amax=[0.2889, 0.8739](512) calibrator=MaxCalibrator quant)
model.12.experts.15.conv.3.input_quantizer                                       TensorQuantizer(8 bit fake per-tensor amax=11.4618 calibrator=MaxCalibrator quant)
model.12.experts.15.conv.3.output_quantizer                                      TensorQuantizer(disabled)
model.12.experts.15.conv.3.weight_quantizer                                      TensorQuantizer(8 bit fake axis=0 amax=[0.0819, 0.5968](256) calibrator=MaxCalibrator quant)
model.12.shared_expert.0.input_quantizer                                         TensorQuantizer(8 bit fake per-tensor amax=12.6661 calibrator=MaxCalibrator quant)
model.12.shared_expert.0.output_quantizer                                        TensorQuantizer(disabled)
model.12.shared_expert.0.weight_quantizer                                        TensorQuantizer(8 bit fake axis=0 amax=[0.2688, 2.2514](256) calibrator=MaxCalibrator quant)
model.15.cv1.conv.input_quantizer                                                TensorQuantizer(8 bit fake per-tensor amax=13.0785 calibrator=MaxCalibrator quant)
model.15.cv1.conv.output_quantizer                                               TensorQuantizer(disabled)
model.15.cv1.conv.weight_quantizer                                               TensorQuantizer(8 bit fake axis=0 amax=[0.0715, 0.7871](128) calibrator=MaxCalibrator quant)
model.15.cv2.conv.input_quantizer                                                TensorQuantizer(8 bit fake per-tensor amax=9.3700 calibrator=MaxCalibrator quant)
model.15.cv2.conv.output_quantizer                                               TensorQuantizer(disabled)
model.15.cv2.conv.weight_quantizer                                               TensorQuantizer(8 bit fake axis=0 amax=[0.2936, 0.9872](128) calibrator=MaxCalibrator quant)
model.15.m.0.cv1.conv.input_quantizer                                            TensorQuantizer(8 bit fake per-tensor amax=7.1052 calibrator=MaxCalibrator quant)
model.15.m.0.cv1.conv.output_quantizer                                           TensorQuantizer(disabled)
model.15.m.0.cv1.conv.weight_quantizer                                           TensorQuantizer(8 bit fake axis=0 amax=[0.1153, 0.6829](32) calibrator=MaxCalibrator quant)
model.15.m.0.cv2.conv.input_quantizer                                            TensorQuantizer(8 bit fake per-tensor amax=7.1052 calibrator=MaxCalibrator quant)
model.15.m.0.cv2.conv.output_quantizer                                           TensorQuantizer(disabled)
model.15.m.0.cv2.conv.weight_quantizer                                           TensorQuantizer(8 bit fake axis=0 amax=[0.7928, 1.4838](32) calibrator=MaxCalibrator quant)
model.15.m.0.cv3.conv.input_quantizer                                            TensorQuantizer(8 bit fake per-tensor amax=18.8353 calibrator=MaxCalibrator quant)
model.15.m.0.cv3.conv.output_quantizer                                           TensorQuantizer(disabled)
model.15.m.0.cv3.conv.weight_quantizer                                           TensorQuantizer(8 bit fake axis=0 amax=[0.1663, 0.5201](64) calibrator=MaxCalibrator quant)
model.15.m.0.m.0.cv1.conv.input_quantizer                                        TensorQuantizer(8 bit fake per-tensor amax=3.0704 calibrator=MaxCalibrator quant)
model.15.m.0.m.0.cv1.conv.output_quantizer                                       TensorQuantizer(disabled)
model.15.m.0.m.0.cv1.conv.weight_quantizer                                       TensorQuantizer(8 bit fake axis=0 amax=[0.3089, 1.7685](32) calibrator=MaxCalibrator quant)
model.15.m.0.m.0.cv2.conv.input_quantizer                                        TensorQuantizer(8 bit fake per-tensor amax=9.5588 calibrator=MaxCalibrator quant)
model.15.m.0.m.0.cv2.conv.output_quantizer                                       TensorQuantizer(disabled)
model.15.m.0.m.0.cv2.conv.weight_quantizer                                       TensorQuantizer(8 bit fake axis=0 amax=[0.2488, 0.8689](32) calibrator=MaxCalibrator quant)
model.15.m.0.m.1.cv1.conv.input_quantizer                                        TensorQuantizer(8 bit fake per-tensor amax=12.4813 calibrator=MaxCalibrator quant)
model.15.m.0.m.1.cv1.conv.output_quantizer                                       TensorQuantizer(disabled)
model.15.m.0.m.1.cv1.conv.weight_quantizer                                       TensorQuantizer(8 bit fake axis=0 amax=[0.2018, 0.6452](32) calibrator=MaxCalibrator quant)
model.15.m.0.m.1.cv2.conv.input_quantizer                                        TensorQuantizer(8 bit fake per-tensor amax=9.3994 calibrator=MaxCalibrator quant)
model.15.m.0.m.1.cv2.conv.output_quantizer                                       TensorQuantizer(disabled)
model.15.m.0.m.1.cv2.conv.weight_quantizer                                       TensorQuantizer(8 bit fake axis=0 amax=[0.3729, 1.8539](32) calibrator=MaxCalibrator quant)
model.18.cv1.conv.input_quantizer                                                TensorQuantizer(8 bit fake per-tensor amax=10.5699 calibrator=MaxCalibrator quant)
model.18.cv1.conv.output_quantizer                                               TensorQuantizer(disabled)
model.18.cv1.conv.weight_quantizer                                               TensorQuantizer(8 bit fake axis=0 amax=[0.1091, 0.8232](64) calibrator=MaxCalibrator quant)
model.18.cv2.conv.input_quantizer                                                TensorQuantizer(8 bit fake per-tensor amax=7.8619 calibrator=MaxCalibrator quant)
model.18.cv2.conv.output_quantizer                                               TensorQuantizer(disabled)
model.18.cv2.conv.weight_quantizer                                               TensorQuantizer(8 bit fake axis=0 amax=[0.3345, 1.3157](64) calibrator=MaxCalibrator quant)
model.18.m.0.cv1.conv.input_quantizer                                            TensorQuantizer(8 bit fake per-tensor amax=6.2670 calibrator=MaxCalibrator quant)
model.18.m.0.cv1.conv.output_quantizer                                           TensorQuantizer(disabled)
model.18.m.0.cv1.conv.weight_quantizer                                           TensorQuantizer(8 bit fake axis=0 amax=[0.1662, 0.7311](16) calibrator=MaxCalibrator quant)
model.18.m.0.cv2.conv.input_quantizer                                            TensorQuantizer(8 bit fake per-tensor amax=6.2670 calibrator=MaxCalibrator quant)
model.18.m.0.cv2.conv.output_quantizer                                           TensorQuantizer(disabled)
model.18.m.0.cv2.conv.weight_quantizer                                           TensorQuantizer(8 bit fake axis=0 amax=[0.9549, 2.5297](16) calibrator=MaxCalibrator quant)
model.18.m.0.cv3.conv.input_quantizer                                            TensorQuantizer(8 bit fake per-tensor amax=16.8769 calibrator=MaxCalibrator quant)
model.18.m.0.cv3.conv.output_quantizer                                           TensorQuantizer(disabled)
model.18.m.0.cv3.conv.weight_quantizer                                           TensorQuantizer(8 bit fake axis=0 amax=[0.1990, 0.8072](32) calibrator=MaxCalibrator quant)
model.18.m.0.m.0.cv1.conv.input_quantizer                                        TensorQuantizer(8 bit fake per-tensor amax=0.9941 calibrator=MaxCalibrator quant)
model.18.m.0.m.0.cv1.conv.output_quantizer                                       TensorQuantizer(disabled)
model.18.m.0.m.0.cv1.conv.weight_quantizer                                       TensorQuantizer(8 bit fake axis=0 amax=[1.4845, 3.1929](16) calibrator=MaxCalibrator quant)
model.18.m.0.m.0.cv2.conv.input_quantizer                                        TensorQuantizer(8 bit fake per-tensor amax=6.2828 calibrator=MaxCalibrator quant)
model.18.m.0.m.0.cv2.conv.output_quantizer                                       TensorQuantizer(disabled)
model.18.m.0.m.0.cv2.conv.weight_quantizer                                       TensorQuantizer(8 bit fake axis=0 amax=[0.2471, 1.1001](16) calibrator=MaxCalibrator quant)
model.18.m.0.m.1.cv1.conv.input_quantizer                                        TensorQuantizer(8 bit fake per-tensor amax=5.5745 calibrator=MaxCalibrator quant)
model.18.m.0.m.1.cv1.conv.output_quantizer                                       TensorQuantizer(disabled)
model.18.m.0.m.1.cv1.conv.weight_quantizer                                       TensorQuantizer(8 bit fake axis=0 amax=[0.1836, 1.4476](16) calibrator=MaxCalibrator quant)
model.18.m.0.m.1.cv2.conv.input_quantizer                                        TensorQuantizer(8 bit fake per-tensor amax=5.9784 calibrator=MaxCalibrator quant)
model.18.m.0.m.1.cv2.conv.output_quantizer                                       TensorQuantizer(disabled)
model.18.m.0.m.1.cv2.conv.weight_quantizer                                       TensorQuantizer(8 bit fake axis=0 amax=[0.9110, 2.7378](16) calibrator=MaxCalibrator quant)
model.19.conv.input_quantizer                                                    TensorQuantizer(8 bit fake per-tensor amax=6.7021 calibrator=MaxCalibrator quant)
model.19.conv.output_quantizer                                                   TensorQuantizer(disabled)
model.19.conv.weight_quantizer                                                   TensorQuantizer(8 bit fake axis=0 amax=[0.3167, 1.0923](64) calibrator=MaxCalibrator quant)
model.21.cv1.conv.input_quantizer                                                TensorQuantizer(8 bit fake per-tensor amax=13.0068 calibrator=MaxCalibrator quant)
model.21.cv1.conv.output_quantizer                                               TensorQuantizer(disabled)
model.21.cv1.conv.weight_quantizer                                               TensorQuantizer(8 bit fake axis=0 amax=[0.2217, 0.9961](128) calibrator=MaxCalibrator quant)
model.21.cv2.conv.input_quantizer                                                TensorQuantizer(8 bit fake per-tensor amax=14.0507 calibrator=MaxCalibrator quant)
model.21.cv2.conv.output_quantizer                                               TensorQuantizer(disabled)
model.21.cv2.conv.weight_quantizer                                               TensorQuantizer(8 bit fake axis=0 amax=[0.1441, 1.9668](128) calibrator=MaxCalibrator quant)
model.21.m.0.cv1.conv.input_quantizer                                            TensorQuantizer(8 bit fake per-tensor amax=12.5384 calibrator=MaxCalibrator quant)
model.21.m.0.cv1.conv.output_quantizer                                           TensorQuantizer(disabled)
model.21.m.0.cv1.conv.weight_quantizer                                           TensorQuantizer(8 bit fake axis=0 amax=[0.0859, 0.3609](32) calibrator=MaxCalibrator quant)
model.21.m.0.cv2.conv.input_quantizer                                            TensorQuantizer(8 bit fake per-tensor amax=12.5384 calibrator=MaxCalibrator quant)
model.21.m.0.cv2.conv.output_quantizer                                           TensorQuantizer(disabled)
model.21.m.0.cv2.conv.weight_quantizer                                           TensorQuantizer(8 bit fake axis=0 amax=[0.4849, 1.1645](32) calibrator=MaxCalibrator quant)
model.21.m.0.cv3.conv.input_quantizer                                            TensorQuantizer(8 bit fake per-tensor amax=15.7464 calibrator=MaxCalibrator quant)
model.21.m.0.cv3.conv.output_quantizer                                           TensorQuantizer(disabled)
model.21.m.0.cv3.conv.weight_quantizer                                           TensorQuantizer(8 bit fake axis=0 amax=[0.3120, 1.4251](64) calibrator=MaxCalibrator quant)
model.21.m.0.m.0.cv1.conv.input_quantizer                                        TensorQuantizer(8 bit fake per-tensor amax=2.2479 calibrator=MaxCalibrator quant)
model.21.m.0.m.0.cv1.conv.output_quantizer                                       TensorQuantizer(disabled)
model.21.m.0.m.0.cv1.conv.weight_quantizer                                       TensorQuantizer(8 bit fake axis=0 amax=[0.5521, 2.8931](32) calibrator=MaxCalibrator quant)
model.21.m.0.m.0.cv2.conv.input_quantizer                                        TensorQuantizer(8 bit fake per-tensor amax=6.1144 calibrator=MaxCalibrator quant)
model.21.m.0.m.0.cv2.conv.output_quantizer                                       TensorQuantizer(disabled)
model.21.m.0.m.0.cv2.conv.weight_quantizer                                       TensorQuantizer(8 bit fake axis=0 amax=[0.2927, 1.5329](32) calibrator=MaxCalibrator quant)
model.21.m.0.m.1.cv1.conv.input_quantizer                                        TensorQuantizer(8 bit fake per-tensor amax=8.5567 calibrator=MaxCalibrator quant)
model.21.m.0.m.1.cv1.conv.output_quantizer                                       TensorQuantizer(disabled)
model.21.m.0.m.1.cv1.conv.weight_quantizer                                       TensorQuantizer(8 bit fake axis=0 amax=[0.2226, 0.8278](32) calibrator=MaxCalibrator quant)
model.21.m.0.m.1.cv2.conv.input_quantizer                                        TensorQuantizer(8 bit fake per-tensor amax=6.7744 calibrator=MaxCalibrator quant)
model.21.m.0.m.1.cv2.conv.output_quantizer                                       TensorQuantizer(disabled)
model.21.m.0.m.1.cv2.conv.weight_quantizer                                       TensorQuantizer(8 bit fake axis=0 amax=[0.4189, 1.9588](32) calibrator=MaxCalibrator quant)
model.22.conv.input_quantizer                                                    TensorQuantizer(8 bit fake per-tensor amax=12.2415 calibrator=MaxCalibrator quant)
model.22.conv.output_quantizer                                                   TensorQuantizer(disabled)
model.22.conv.weight_quantizer                                                   TensorQuantizer(8 bit fake axis=0 amax=[0.1170, 0.6677](128) calibrator=MaxCalibrator quant)
model.24.cv1.conv.input_quantizer                                                TensorQuantizer(8 bit fake per-tensor amax=15.5507 calibrator=MaxCalibrator quant)
model.24.cv1.conv.output_quantizer                                               TensorQuantizer(disabled)
model.24.cv1.conv.weight_quantizer                                               TensorQuantizer(8 bit fake axis=0 amax=[0.1414, 0.9659](128) calibrator=MaxCalibrator quant)
model.24.cv2.conv.input_quantizer                                                TensorQuantizer(8 bit fake per-tensor amax=11.5226 calibrator=MaxCalibrator quant)
model.24.cv2.conv.output_quantizer                                               TensorQuantizer(disabled)
model.24.cv2.conv.weight_quantizer                                               TensorQuantizer(8 bit fake axis=0 amax=[0.1748, 1.5465](128) calibrator=MaxCalibrator quant)
model.24.m.0.cv1.conv.input_quantizer                                            TensorQuantizer(8 bit fake per-tensor amax=10.5763 calibrator=MaxCalibrator quant)
model.24.m.0.cv1.conv.output_quantizer                                           TensorQuantizer(disabled)
model.24.m.0.cv1.conv.weight_quantizer                                           TensorQuantizer(8 bit fake axis=0 amax=[0.0683, 0.2628](32) calibrator=MaxCalibrator quant)
model.24.m.0.cv2.conv.input_quantizer                                            TensorQuantizer(8 bit fake per-tensor amax=10.5763 calibrator=MaxCalibrator quant)
model.24.m.0.cv2.conv.output_quantizer                                           TensorQuantizer(disabled)
model.24.m.0.cv2.conv.weight_quantizer                                           TensorQuantizer(8 bit fake axis=0 amax=[0.3195, 0.8250](32) calibrator=MaxCalibrator quant)
model.24.m.0.cv3.conv.input_quantizer                                            TensorQuantizer(8 bit fake per-tensor amax=19.7146 calibrator=MaxCalibrator quant)
model.24.m.0.cv3.conv.output_quantizer                                           TensorQuantizer(disabled)
model.24.m.0.cv3.conv.weight_quantizer                                           TensorQuantizer(8 bit fake axis=0 amax=[0.3714, 1.1817](64) calibrator=MaxCalibrator quant)
model.24.m.0.m.0.cv1.conv.input_quantizer                                        TensorQuantizer(8 bit fake per-tensor amax=2.9572 calibrator=MaxCalibrator quant)
model.24.m.0.m.0.cv1.conv.output_quantizer                                       TensorQuantizer(disabled)
model.24.m.0.m.0.cv1.conv.weight_quantizer                                       TensorQuantizer(8 bit fake axis=0 amax=[0.7627, 2.3097](32) calibrator=MaxCalibrator quant)
model.24.m.0.m.0.cv2.conv.input_quantizer                                        TensorQuantizer(8 bit fake per-tensor amax=7.4352 calibrator=MaxCalibrator quant)
model.24.m.0.m.0.cv2.conv.output_quantizer                                       TensorQuantizer(disabled)
model.24.m.0.m.0.cv2.conv.weight_quantizer                                       TensorQuantizer(8 bit fake axis=0 amax=[0.2817, 1.0533](32) calibrator=MaxCalibrator quant)
model.24.m.0.m.1.cv1.conv.input_quantizer                                        TensorQuantizer(8 bit fake per-tensor amax=9.8547 calibrator=MaxCalibrator quant)
model.24.m.0.m.1.cv1.conv.output_quantizer                                       TensorQuantizer(disabled)
model.24.m.0.m.1.cv1.conv.weight_quantizer                                       TensorQuantizer(8 bit fake axis=0 amax=[0.2277, 0.9970](32) calibrator=MaxCalibrator quant)
model.24.m.0.m.1.cv2.conv.input_quantizer                                        TensorQuantizer(8 bit fake per-tensor amax=7.1293 calibrator=MaxCalibrator quant)
model.24.m.0.m.1.cv2.conv.output_quantizer                                       TensorQuantizer(disabled)
model.24.m.0.m.1.cv2.conv.weight_quantizer                                       TensorQuantizer(8 bit fake axis=0 amax=[0.3794, 1.1963](32) calibrator=MaxCalibrator quant)
model.25.cv2.0.0.conv.input_quantizer                                            TensorQuantizer(8 bit fake per-tensor amax=6.7021 calibrator=MaxCalibrator quant)
model.25.cv2.0.0.conv.output_quantizer                                           TensorQuantizer(disabled)
model.25.cv2.0.0.conv.weight_quantizer                                           TensorQuantizer(8 bit fake axis=0 amax=[0.2404, 1.6694](64) calibrator=MaxCalibrator quant)
model.25.cv2.0.1.conv.input_quantizer                                            TensorQuantizer(8 bit fake per-tensor amax=9.1693 calibrator=MaxCalibrator quant)
model.25.cv2.0.1.conv.output_quantizer                                           TensorQuantizer(disabled)
model.25.cv2.0.1.conv.weight_quantizer                                           TensorQuantizer(8 bit fake axis=0 amax=[0.7732, 4.5109](64) calibrator=MaxCalibrator quant)
model.25.cv2.0.2.input_quantizer                                                 TensorQuantizer(8 bit fake per-tensor amax=72.6003 calibrator=MaxCalibrator quant)
model.25.cv2.0.2.output_quantizer                                                TensorQuantizer(disabled)
model.25.cv2.0.2.weight_quantizer                                                TensorQuantizer(8 bit fake axis=0 amax=[0.0511, 0.2330](64) calibrator=MaxCalibrator quant)
model.25.cv2.1.0.conv.input_quantizer                                            TensorQuantizer(8 bit fake per-tensor amax=12.2415 calibrator=MaxCalibrator quant)
model.25.cv2.1.0.conv.output_quantizer                                           TensorQuantizer(disabled)
model.25.cv2.1.0.conv.weight_quantizer                                           TensorQuantizer(8 bit fake axis=0 amax=[0.1124, 1.6587](64) calibrator=MaxCalibrator quant)
model.25.cv2.1.1.conv.input_quantizer                                            TensorQuantizer(8 bit fake per-tensor amax=14.7125 calibrator=MaxCalibrator quant)
model.25.cv2.1.1.conv.output_quantizer                                           TensorQuantizer(disabled)
model.25.cv2.1.1.conv.weight_quantizer                                           TensorQuantizer(8 bit fake axis=0 amax=[0.3971, 2.7884](64) calibrator=MaxCalibrator quant)
model.25.cv2.1.2.input_quantizer                                                 TensorQuantizer(8 bit fake per-tensor amax=82.0453 calibrator=MaxCalibrator quant)
model.25.cv2.1.2.output_quantizer                                                TensorQuantizer(disabled)
model.25.cv2.1.2.weight_quantizer                                                TensorQuantizer(8 bit fake axis=0 amax=[0.0788, 0.2546](64) calibrator=MaxCalibrator quant)
model.25.cv2.2.0.conv.input_quantizer                                            TensorQuantizer(8 bit fake per-tensor amax=11.5861 calibrator=MaxCalibrator quant)
model.25.cv2.2.0.conv.output_quantizer                                           TensorQuantizer(disabled)
model.25.cv2.2.0.conv.weight_quantizer                                           TensorQuantizer(8 bit fake axis=0 amax=[0.1457, 1.2823](64) calibrator=MaxCalibrator quant)
model.25.cv2.2.1.conv.input_quantizer                                            TensorQuantizer(8 bit fake per-tensor amax=12.0985 calibrator=MaxCalibrator quant)
model.25.cv2.2.1.conv.output_quantizer                                           TensorQuantizer(disabled)
model.25.cv2.2.1.conv.weight_quantizer                                           TensorQuantizer(8 bit fake axis=0 amax=[0.4681, 2.7235](64) calibrator=MaxCalibrator quant)
model.25.cv2.2.2.input_quantizer                                                 TensorQuantizer(8 bit fake per-tensor amax=65.9842 calibrator=MaxCalibrator quant)
model.25.cv2.2.2.output_quantizer                                                TensorQuantizer(disabled)
model.25.cv2.2.2.weight_quantizer                                                TensorQuantizer(8 bit fake axis=0 amax=[0.0176, 0.2380](64) calibrator=MaxCalibrator quant)
model.25.cv3.0.0.0.conv.input_quantizer                                          TensorQuantizer(8 bit fake per-tensor amax=6.7021 calibrator=MaxCalibrator quant)
model.25.cv3.0.0.0.conv.output_quantizer                                         TensorQuantizer(disabled)
model.25.cv3.0.0.0.conv.weight_quantizer                                         TensorQuantizer(8 bit fake axis=0 amax=[0.2510, 2.1389](64) calibrator=MaxCalibrator quant)
model.25.cv3.0.0.1.conv.input_quantizer                                          TensorQuantizer(8 bit fake per-tensor amax=7.4321 calibrator=MaxCalibrator quant)
model.25.cv3.0.0.1.conv.output_quantizer                                         TensorQuantizer(disabled)
model.25.cv3.0.0.1.conv.weight_quantizer                                         TensorQuantizer(8 bit fake axis=0 amax=[0.2785, 2.7768](80) calibrator=MaxCalibrator quant)
model.25.cv3.0.1.0.conv.input_quantizer                                          TensorQuantizer(8 bit fake per-tensor amax=11.1153 calibrator=MaxCalibrator quant)
model.25.cv3.0.1.0.conv.output_quantizer                                         TensorQuantizer(disabled)
model.25.cv3.0.1.0.conv.weight_quantizer                                         TensorQuantizer(8 bit fake axis=0 amax=[0.1934, 12.6164](80) calibrator=MaxCalibrator quant)
model.25.cv3.0.1.1.conv.input_quantizer                                          TensorQuantizer(8 bit fake per-tensor amax=20.4043 calibrator=MaxCalibrator quant)
model.25.cv3.0.1.1.conv.output_quantizer                                         TensorQuantizer(disabled)
model.25.cv3.0.1.1.conv.weight_quantizer                                         TensorQuantizer(8 bit fake axis=0 amax=[1.2373, 5.7664](80) calibrator=MaxCalibrator quant)
model.25.cv3.0.2.input_quantizer                                                 TensorQuantizer(8 bit fake per-tensor amax=130.1119 calibrator=MaxCalibrator quant)
model.25.cv3.0.2.output_quantizer                                                TensorQuantizer(disabled)
model.25.cv3.0.2.weight_quantizer                                                TensorQuantizer(8 bit fake axis=0 amax=[0.0634, 0.1646](80) calibrator=MaxCalibrator quant)
model.25.cv3.1.0.0.conv.input_quantizer                                          TensorQuantizer(8 bit fake per-tensor amax=12.2415 calibrator=MaxCalibrator quant)
model.25.cv3.1.0.0.conv.output_quantizer                                         TensorQuantizer(disabled)
model.25.cv3.1.0.0.conv.weight_quantizer                                         TensorQuantizer(8 bit fake axis=0 amax=[0.1848, 3.2507](128) calibrator=MaxCalibrator quant)
model.25.cv3.1.0.1.conv.input_quantizer                                          TensorQuantizer(8 bit fake per-tensor amax=15.1814 calibrator=MaxCalibrator quant)
model.25.cv3.1.0.1.conv.output_quantizer                                         TensorQuantizer(disabled)
model.25.cv3.1.0.1.conv.weight_quantizer                                         TensorQuantizer(8 bit fake axis=0 amax=[0.2613, 2.1151](80) calibrator=MaxCalibrator quant)
model.25.cv3.1.1.0.conv.input_quantizer                                          TensorQuantizer(8 bit fake per-tensor amax=14.8727 calibrator=MaxCalibrator quant)
model.25.cv3.1.1.0.conv.output_quantizer                                         TensorQuantizer(disabled)
model.25.cv3.1.1.0.conv.weight_quantizer                                         TensorQuantizer(8 bit fake axis=0 amax=[0.1809, 5.2142](80) calibrator=MaxCalibrator quant)
model.25.cv3.1.1.1.conv.input_quantizer                                          TensorQuantizer(8 bit fake per-tensor amax=48.8224 calibrator=MaxCalibrator quant)
model.25.cv3.1.1.1.conv.output_quantizer                                         TensorQuantizer(disabled)
model.25.cv3.1.1.1.conv.weight_quantizer                                         TensorQuantizer(8 bit fake axis=0 amax=[1.0877, 5.9133](80) calibrator=MaxCalibrator quant)
model.25.cv3.1.2.input_quantizer                                                 TensorQuantizer(8 bit fake per-tensor amax=89.2358 calibrator=MaxCalibrator quant)
model.25.cv3.1.2.output_quantizer                                                TensorQuantizer(disabled)
model.25.cv3.1.2.weight_quantizer                                                TensorQuantizer(8 bit fake axis=0 amax=[0.0676, 0.2083](80) calibrator=MaxCalibrator quant)
model.25.cv3.2.0.0.conv.input_quantizer                                          TensorQuantizer(8 bit fake per-tensor amax=11.5861 calibrator=MaxCalibrator quant)
model.25.cv3.2.0.0.conv.output_quantizer                                         TensorQuantizer(disabled)
model.25.cv3.2.0.0.conv.weight_quantizer                                         TensorQuantizer(8 bit fake axis=0 amax=[0.2064, 2.4245](128) calibrator=MaxCalibrator quant)
model.25.cv3.2.0.1.conv.input_quantizer                                          TensorQuantizer(8 bit fake per-tensor amax=14.1418 calibrator=MaxCalibrator quant)
model.25.cv3.2.0.1.conv.output_quantizer                                         TensorQuantizer(disabled)
model.25.cv3.2.0.1.conv.weight_quantizer                                         TensorQuantizer(8 bit fake axis=0 amax=[0.2023, 2.1989](80) calibrator=MaxCalibrator quant)
model.25.cv3.2.1.0.conv.input_quantizer                                          TensorQuantizer(8 bit fake per-tensor amax=10.9256 calibrator=MaxCalibrator quant)
model.25.cv3.2.1.0.conv.output_quantizer                                         TensorQuantizer(disabled)
model.25.cv3.2.1.0.conv.weight_quantizer                                         TensorQuantizer(8 bit fake axis=0 amax=[0.2688, 4.4799](80) calibrator=MaxCalibrator quant)
model.25.cv3.2.1.1.conv.input_quantizer                                          TensorQuantizer(8 bit fake per-tensor amax=24.2296 calibrator=MaxCalibrator quant)
model.25.cv3.2.1.1.conv.output_quantizer                                         TensorQuantizer(disabled)
model.25.cv3.2.1.1.conv.weight_quantizer                                         TensorQuantizer(8 bit fake axis=0 amax=[1.0459, 2.8449](80) calibrator=MaxCalibrator quant)
model.25.cv3.2.2.input_quantizer                                                 TensorQuantizer(8 bit fake per-tensor amax=54.7219 calibrator=MaxCalibrator quant)
model.25.cv3.2.2.output_quantizer                                                TensorQuantizer(disabled)
model.25.cv3.2.2.weight_quantizer                                                TensorQuantizer(8 bit fake axis=0 amax=[0.0405, 0.1390](80) calibrator=MaxCalibrator quant)
model.25.dfl.conv.input_quantizer                                                TensorQuantizer(disabled)
model.25.dfl.conv.output_quantizer                                               TensorQuantizer(disabled)
model.25.dfl.conv.weight_quantizer                                               TensorQuantizer(disabled)
567 TensorQuantizers found in model
[mtq] exporting with 360 active quantizers (1 candidate weight sets)
[onnx] runs/a3/v01n/qdq-fused/qat_qdq_model.onnx
  [audit int8-qdq] engine layer precisions: {'Float': 93, 'Half': 175, 'Int8': 197}
Ultralytics 8.4.101 🚀 Python-3.11.10 torch-2.4.1+cu124 CUDA:0 (NVIDIA L4, 22563MiB)
Loading runs/a3/v01n/qdq-fused/model_int8-qdq_model.engine for TensorRT inference...
[08/25/2026-13:31:16] [TRT] [I] Loaded engine size: 21 MiB
[08/25/2026-13:31:16] [TRT] [I] [MemUsageChange] TensorRT-managed allocation in IExecutionContext creation: CPU +1, GPU +30, now: CPU 1, GPU 42 (MiB)
Setting batch=1 input of shape (1, 3, 640, 640)
[KDownloading https://ultralytics.com/assets/Arial.ttf to '/tmp/Ultralytics/Ultralytics/Arial.ttf': 37% ━━━━──────── 280.0/755.1KB 2.6MB/s 0.1s<0.2s[KDownloading https://ultralytics.com/assets/Arial.ttf to '/tmp/Ultralytics/Ultralytics/Arial.ttf': 100% ━━━━━━━━━━━━ 755.1KB 5.0MB/s 0.1s
WARNING ⚠️ [34m[1mval: [0mSlow image access detected (ping: 0.7±0.1 ms, read: 23.2±10.3 MB/s, size: 160.8 KB). Use local storage instead of remote/mounted storage for better performance. See https://docs.ultralytics.com/guides/model-training-tips/
[K[34m[1mval: [0mScanning /data/datasets/coco/labels/val2017.cache... 4952 images, 48 backgrounds, 0 corrupt: 100% ━━━━━━━━━━━━ 5000/5000 806.6Mit/s 0.0s
[K                 Class     Images  Instances      Box(P          R      mAP50  mAP50-95): 0% ──────────── 1/5000 2.4s/it 0.7s<3:20:10[K                 Class     Images  Instances      Box(P          R      mAP50  mAP50-95): 0% ──────────── 12/5000 32.0it/s 0.8s<2:36[K                 Class     Images  Instances      Box(P          R      mAP50  mAP50-95): 0% ──────────── 26/5000 64.3it/s 0.9s<1:17[K                 Class     Images  Instances      Box(P          R      mAP50  mAP50-95): 0% ──────────── 41/5000 87.5it/s 1.0s<56.6s[K                 Class     Images  Instances      Box(P          R      mAP50  mAP50-95): 1% ──────────── 55/5000 101.7it/s 1.1s<48.6s[K                 Class     Images  Instances      Box(P          R      mAP50  mAP50-95): 1% ──────────── 69/5000 111.8it/s 1.2s<44.1s[K                 Class     Images  Instances      Box(P          R      mAP50  mAP50-95): 1% ──────────── 83/5000 118.8it/s 1.3s<41.4s[K                 Class     Images  Instances      Box(P          R      mAP50  mAP50-95): 1% ──────────── 97/5000 122.6it/s 1.4s<40.0s[K                 Class     Images  Instances      Box(P          R      mAP50  mAP50-95): 2% ──────────── 111/5000 127.1it/s 1.6s<38.5s[K                 Class     Images  Instances      Box(P          R      mAP50  mAP50-95): 2% ──────────── 125/5000 128.6it/s 1.7s<37.9s[K                 Class     Images  Instances      Box(P          R      mAP50  mAP50-95): 2% ──────────── 138/5000 128.8it/s 1.8s<37.7s[K                 Class     Images  Instances      Box(P          R      mAP50  mAP50-95): 3% ──────────── 152/5000 130.1it/s 1.9s<37.3s[K                 Class     Images  Instances      Box(P          R      mAP50  mAP50-95): 3% ──────────── 166/5000 131.9it/s 2.0s<36.6s[K                 Class     Images  Instances      Box(P          R      mAP50  mAP50-95): 3% ──────────── 180/5000 132.3it/s 2.1s<36.4s[K                 Class     Images  Instances      Box(P          R      mAP50  mAP50-95): 3% ──────────── 187/5000 113.2it/s 2.2s<42.5s[K                 Class     Images  Instances      Box(P          R      mAP50  mAP50-95): 4% ──────────── 201/5000 120.0it/s 2.3s<40.0s[K                 Class     Images  Instances      Box(P          R      mAP50  mAP50-95): 4% ╸─────────── 215/5000 125.1it/s 2.4s<38.2s[K                 Class     Images  Instances      Box(P          R      mAP50  mAP50-95): 4% ╸─────────── 230/5000 130.2it/s 2.5s<36.6s[K                 Class     Images  Instances      Box(P          R      mAP50  mAP50-95): 4% ╸─────────── 244/5000 131.6it/s 2.6s<36.1s[K                 Class     Images  Instances      Box(P          R      mAP50  mAP50-95): 5% ╸─────────── 258/5000 131.9it/s 2.7s<36.0s[K                 Class     Images  Instances      Box(P          R      mAP50  mAP50-95): 5% ╸─────────── 272/5000 133.7it/s 2.8s<35.4s[K                 Class     Images  Instances      Box(P          R      mAP50  mAP50-95): 5% ╸─────────── 286/5000 135.0it/s 2.9s<34.9s[K                 Class     Images  Instances      Box(P          R      mAP50  mAP50-95): 6% ╸─────────── 300/5000 134.2it/s 3.0s<35.0s[K                 Class     Images  Instances      Box(P          R      mAP50  mAP50-95): 6% ╸─────────── 314/5000 134.6it/s 3.1s<34.8s[K                 Class     Images  Instances      Box(P          R      mAP50  mAP50-95): 6% ╸─────────── 328/5000 133.4it/s 3.2s<35.0s[K                 Class     Images  Instances      Box(P          R      mAP50  mAP50-95): 6% ╸─────────── 341/5000 131.8it/s 3.3s<35.3s[K                 Class     Images  Instances      Box(P          R      mAP50  mAP50-95): 7% ╸─────────── 355/5000 131.7it/s 3.4s<35.3s[K                 Class     Images  Instances      Box(P          R      mAP50  mAP50-95): 7% ╸─────────── 368/5000 131.0it/s 3.5s<35.4s[K                 Class     Images  Instances      Box(P          R      mAP50  mAP50-95): 7% ╸─────────── 383/5000 134.4it/s 3.6s<34.4s[K                 Class     Images  Instances      Box(P          R      mAP50  mAP50-95): 7% ╸─────────── 397/5000 135.9it/s 3.7s<33.9s[K                 Class     Images  Instances      Box(P          R      mAP50  mAP50-95): 8% ╸─────────── 411/5000 135.6it/s 3.8s<33.8s[K                 Class     Images  Instances      Box(P          R      mAP50  mAP50-95): 8% ━─────────── 425/5000 136.2it/s 3.9s<33.6s[K                 Class     Images  Instances      Box(P          R      mAP50  mAP50-95): 8% ━─────────── 440/5000 137.4it/s 4.0s<33.2s[K                 Class     Images  Instances      Box(P          R      mAP50  mAP50-95): 9% ━─────────── 454/5000 137.7it/s 4.1s<33.0s[K                 Class     Images  Instances      Box(P          R      mAP50  mAP50-95): 9% ━─────────── 468/5000 136.6it/s 4.2s<33.2s[K                 Class     Images  Instances      Box(P          R      mAP50  mAP50-95): 9% ━─────────── 482/5000 136.7it/s 4.3s<33.1s[K                 Class     Images  Instances      Box(P          R      mAP50  mAP50-95): 9% ━─────────── 496/5000 134.6it/s 4.5s<33.5s[K                 Class     Images  Instances      Box(P          R      mAP50  mAP50-95): 10% ━─────────── 510/5000 133.9it/s 4.6s<33.5s[K                 Class     Images  Instances      Box(P          R      mAP50  mAP50-95): 10% ━─────────── 524/5000 134.0it/s 4.7s<33.4s[K                 Class     Images  Instances      Box(P          R      mAP50  mAP50-95): 10% ━─────────── 538/5000 134.8it/s 4.8s<33.1s[K                 Class     Images  Instances      Box(P          R      mAP50  mAP50-95): 11% ━─────────── 553/5000 136.5it/s 4.9s<32.6s[K                 Class     Images  Instances      Box(P          R      mAP50  mAP50-95): 11% ━─────────── 567/5000 136.3it/s 5.0s<32.5s[K                 Class     Images  Instances      Box(P          R      mAP50  mAP50-95): 11% ━─────────── 580/5000 133.7it/s 5.1s<33.1s[K                 Class     Images  Instances      Box(P          R      mAP50  mAP50-95): 11% ━─────────── 594/5000 133.7it/s 5.2s<33.0s[K                 Class     Images  Instances      Box(P          R      mAP50  mAP50-95): 12% ━─────────── 608/5000 133.9it/s 5.3s<32.8s[K                 Class     Images  Instances      Box(P          R      mAP50  mAP50-95): 12% ━─────────── 622/5000 133.5it/s 5.4s<32.8s[K                 Class     Images  Instances      Box(P          R      mAP50  mAP50-95): 12% ━╸────────── 636/5000 133.2it/s 5.5s<32.8s[K                 Class     Images  Instances      Box(P          R      mAP50  mAP50-95): 13% ━╸────────── 650/5000 133.6it/s 5.6s<32.6s[K                 Class     Images  Instances      Box(P          R      mAP50  mAP50-95): 13% ━╸────────── 664/5000 132.8it/s 5.7s<32.6s[K                 Class     Images  Instances      Box(P          R      mAP50  mAP50-95): 13% ━╸────────── 678/5000 134.2it/s 5.8s<32.2s[K                 Class     Images  Instances      Box(P          R      mAP50  mAP50-95): 13% ━╸────────── 692/5000 134.7it/s 5.9s<32.0s[K                 Class     Images  Instances      Box(P          R      mAP50  mAP50-95): 14% ━╸────────── 706/5000 134.2it/s 6.0s<32.0s[K                 Class     Images  Instances      Box(P          R      mAP50  mAP50-95): 14% ━╸────────── 720/5000 133.0it/s 6.1s<32.2s[K                 Class     Images  Instances      Box(P          R      mAP50  mAP50-95): 14% ━╸────────── 734/5000 134.2it/s 6.2s<31.8s[K                 Class     Images  Instances      Box(P          R      mAP50  mAP50-95): 14% ━╸────────── 748/5000 134.5it/s 6.3s<31.6s[K                 Class     Images  Instances      Box(P          R      mAP50  mAP50-95): 15% ━╸────────── 762/5000 134.8it/s 6.4s<31.4s[K                 Class     Images  Instances      Box(P          R      mAP50  mAP50-95): 15% ━╸────────── 776/5000 134.4it/s 6.5s<31.4s[K                 Class     Images  Instances      Box(P          R      mAP50  mAP50-95): 15% ━╸────────── 790/5000 134.0it/s 6.6s<31.4s[K                 Class     Images  Instances      Box(P          R      mAP50  mAP50-95): 16% ━╸────────── 803/5000 132.6it/s 6.7s<31.6s[K                 Class     Images  Instances      Box(P          R      mAP50  mAP50-95): 16% ━╸────────── 817/5000 132.7it/s 6.9s<31.5s[K                 Class     Images  Instances      Box(P          R      mAP50  mAP50-95): 16% ━╸────────── 831/5000 134.4it/s 7.0s<31.0s[K                 Class     Images  Instances      Box(P          R      mAP50  mAP50-95): 16% ━━────────── 845/5000 134.9it/s 7.1s<30.8s[K                 Class     Images  Instances      Box(P          R      mAP50  mAP50-95): 17% ━━────────── 859/5000 135.0it/s 7.2s<30.7s[K                 Class     Images  Instances      Box(P          R      mAP50  mAP50-95): 17% ━━────────── 873/5000 136.3it/s 7.3s<30.3s[K                 Class     Images  Instances      Box(P          R      mAP50  mAP50-95): 17% ━━────────── 887/5000 137.4it/s 7.4s<29.9s[K                 Class     Images  Instances      Box(P          R      mAP50  mAP50-95): 17% ━━────────── 892/5000 102.0it/s 7.6s<40.3s[K                 Class     Images  Instances      Box(P          R      mAP50  mAP50-95): 18% ━━────────── 906/5000 112.3it/s 7.7s<36.4s[K                 Class     Images  Instances      Box(P          R      mAP50  mAP50-95): 18% ━━────────── 921/5000 120.8it/s 7.8s<33.8s[K                 Class     Images  Instances      Box(P          R      mAP50  mAP50-95): 18% ━━────────── 935/5000 126.4it/s 7.9s<32.2s[K                 Class     Images  Instances      Box(P          R      mAP50  mAP50-95): 18% ━━────────── 949/5000 129.6it/s 8.0s<31.3s[K                 Class     Images  Instances      Box(P          R      mAP50  mAP50-95): 19% ━━────────── 963/5000 130.5it/s 8.1s<30.9s[K                 Class     Images  Instances      Box(P          R      mAP50  mAP50-95): 19% ━━────────── 977/5000 131.1it/s 8.2s<30.7s[K                 Class     Images  Instances      Box(P          R      mAP50  mAP50-95): 19% ━━────────── 991/5000 131.2it/s 8.3s<30.6s[K                 Class     Images  Instances      Box(P          R      mAP50  mAP50-95): 20% ━━────────── 1005/5000 132.7it/s 8.5s<30.1s[K                 Class     Images  Instances      Box(P          R      mAP50  mAP50-95): 20% ━━────────── 1019/5000 134.1it/s 8.6s<29.7s[K                 Class     Images  Instances      Box(P          R      mAP50  mAP50-95): 20% ━━────────── 1033/5000 134.3it/s 8.7s<29.5s[K                 Class     Images  Instances      Box(P          R      mAP50  mAP50-95): 20% ━━╸───────── 1047/5000 134.4it/s 8.8s<29.4s[K                 Class     Images  Instances      Box(P          R      mAP50  mAP50-95): 21% ━━╸───────── 1061/5000 134.9it/s 8.9s<29.2s[K                 Class     Images  Instances      Box(P          R      mAP50  mAP50-95): 21% ━━╸───────── 1075/5000 134.9it/s 9.0s<29.1s[K                 Class     Images  Instances      Box(P          R      mAP50  mAP50-95): 21% ━━╸───────── 1089/5000 133.8it/s 9.1s<29.2s[K                 Class     Images  Instances      Box(P          R      mAP50  mAP50-95): 22% ━━╸───────── 1103/5000 135.6it/s 9.2s<28.7s[K                 Class     Images  Instances      Box(P          R      mAP50  mAP50-95): 22% ━━╸───────── 1118/5000 137.3it/s 9.3s<28.3s[K                 Class     Images  Instances      Box(P          R      mAP50  mAP50-95): 22% ━━╸───────── 1132/5000 137.2it/s 9.4s<28.2s[K                 Class     Images  Instances      Box(P          R      mAP50  mAP50-95): 22% ━━╸───────── 1146/5000 137.6it/s 9.5s<28.0s[K                 Class     Images  Instances      Box(P          R      mAP50  mAP50-95): 23% ━━╸───────── 1160/5000 138.0it/s 9.6s<27.8s[K                 Class     Images  Instances      Box(P          R      mAP50  mAP50-95): 23% ━━╸───────── 1174/5000 137.2it/s 9.7s<27.9s[K                 Class     Images  Instances      Box(P          R      mAP50  mAP50-95): 23% ━━╸───────── 1188/5000 137.1it/s 9.8s<27.8s[K                 Class     Images  Instances      Box(P          R      mAP50  mAP50-95): 24% ━━╸───────── 1202/5000 136.4it/s 9.9s<27.8s[K                 Class     Images  Instances      Box(P          R      mAP50  mAP50-95): 24% ━━╸───────── 1216/5000 134.6it/s 10.0s<28.1s[K                 Class     Images  Instances      Box(P          R      mAP50  mAP50-95): 24% ━━╸───────── 1230/5000 134.3it/s 10.1s<28.1s[K                 Class     Images  Instances      Box(P          R      mAP50  mAP50-95): 24% ━━╸───────── 1244/5000 133.4it/s 10.2s<28.2s[K                 Class     Images  Instances      Box(P          R      mAP50  mAP50-95): 25% ━━━───────── 1258/5000 132.8it/s 10.3s<28.2s[K                 Class     Images  Instances      Box(P          R      mAP50  mAP50-95): 25% ━━━───────── 1273/5000 135.1it/s 10.4s<27.6s[K                 Class     Images  Instances      Box(P          R      mAP50  mAP50-95): 25% ━━━───────── 1288/5000 137.6it/s 10.5s<27.0s[K                 Class     Images  Instances      Box(P          R      mAP50  mAP50-95): 26% ━━━───────── 1302/5000 138.2it/s 10.6s<26.8s[K                 Class     Images  Instances      Box(P          R      mAP50  mAP50-95): 26% ━━━───────── 1316/5000 136.6it/s 10.7s<27.0s[K                 Class     Images  Instances      Box(P          R      mAP50  mAP50-95): 26% ━━━───────── 1330/5000 136.4it/s 10.8s<26.9s[K                 Class     Images  Instances      Box(P          R      mAP50  mAP50-95): 26% ━━━───────── 1344/5000 134.6it/s 10.9s<27.2s[K                 Class     Images  Instances      Box(P          R      mAP50  mAP50-95): 27% ━━━───────── 1358/5000 134.9it/s 11.0s<27.0s[K                 Class     Images  Instances      Box(P          R      mAP50  mAP50-95): 27% ━━━───────── 1372/5000 134.5it/s 11.2s<27.0s[K                 Class     Images  Instances      Box(P          R      mAP50  mAP50-95): 27% ━━━───────── 1386/5000 133.9it/s 11.3s<27.0s[K                 Class     Images  Instances      Box(P          R      mAP50  mAP50-95): 28% ━━━───────── 1400/5000 134.2it/s 11.4s<26.8s[K                 Class     Images  Instances      Box(P          R      mAP50  mAP50-95): 28% ━━━───────── 1414/5000 135.7it/s 11.5s<26.4s[K                 Class     Images  Instances      Box(P          R      mAP50  mAP50-95): 28% ━━━───────── 1428/5000 134.2it/s 11.6s<26.6s[K                 Class     Images  Instances      Box(P          R      mAP50  mAP50-95): 28% ━━━───────── 1441/5000 131.7it/s 11.7s<27.0s[K                 Class     Images  Instances      Box(P          R      mAP50  mAP50-95): 29% ━━━───────── 1455/5000 132.2it/s 11.8s<26.8s[K                 Class     Images  Instances      Box(P          R      mAP50  mAP50-95): 29% ━━━╸──────── 1469/5000 131.8it/s 11.9s<26.8s[K                 Class     Images  Instances      Box(P          R      mAP50  mAP50-95): 29% ━━━╸──────── 1482/5000 129.9it/s 12.0s<27.1s[K                 Class     Images  Instances      Box(P          R      mAP50  mAP50-95): 29% ━━━╸──────── 1495/5000 129.4it/s 12.1s<27.1s[K                 Class     Images  Instances      Box(P          R      mAP50  mAP50-95): 30% ━━━╸──────── 1510/5000 132.6it/s 12.2s<26.3s[K                 Class     Images  Instances      Box(P          R      mAP50  mAP50-95): 30% ━━━╸──────── 1524/5000 133.9it/s 12.3s<26.0s[K                 Class     Images  Instances      Box(P          R      mAP50  mAP50-95): 30% ━━━╸──────── 1538/5000 134.5it/s 12.4s<25.7s[K                 Class     Images  Instances      Box(P          R      mAP50  mAP50-95): 31% ━━━╸──────── 1552/5000 135.0it/s 12.5s<25.5s[K                 Class     Images  Instances      Box(P          R      mAP50  mAP50-95): 31% ━━━╸──────── 1566/5000 136.1it/s 12.6s<25.2s[K                 Class     Images  Instances      Box(P          R      mAP50  mAP50-95): 31% ━━━╸──────── 1580/5000 135.8it/s 12.7s<25.2s[K                 Class     Images  Instances      Box(P          R      mAP50  mAP50-95): 31% ━━━╸──────── 1594/5000 134.3it/s 12.8s<25.4s[K                 Class     Images  Instances      Box(P          R      mAP50  mAP50-95): 32% ━━━╸──────── 1608/5000 133.4it/s 12.9s<25.4s[K                 Class     Images  Instances      Box(P          R      mAP50  mAP50-95): 32% ━━━╸──────── 1622/5000 134.4it/s 13.0s<25.1s[K                 Class     Images  Instances      Box(P          R      mAP50  mAP50-95): 32% ━━━╸──────── 1636/5000 134.8it/s 13.1s<24.9s[K                 Class     Images  Instances      Box(P          R      mAP50  mAP50-95): 33% ━━━╸──────── 1650/5000 136.0it/s 13.2s<24.6s[K                 Class     Images  Instances      Box(P          R      mAP50  mAP50-95): 33% ━━━╸──────── 1664/5000 135.0it/s 13.3s<24.7s[K                 Class     Images  Instances      Box(P          R      mAP50  mAP50-95): 33% ━━━━──────── 1678/5000 134.9it/s 13.4s<24.6s[K                 Class     Images  Instances      Box(P          R      mAP50  mAP50-95): 33% ━━━━──────── 1692/5000 134.3it/s 13.5s<24.6s[K                 Class     Images  Instances      Box(P          R      mAP50  mAP50-95): 34% ━━━━──────── 1706/5000 134.7it/s 13.6s<24.5s[K                 Class     Images  Instances      Box(P          R      mAP50  mAP50-95): 34% ━━━━──────── 1720/5000 133.7it/s 13.8s<24.5s[K                 Class     Images  Instances      Box(P          R      mAP50  mAP50-95): 34% ━━━━──────── 1734/5000 134.5it/s 13.9s<24.3s[K                 Class     Images  Instances      Box(P          R      mAP50  mAP50-95): 34% ━━━━──────── 1749/5000 136.9it/s 14.0s<23.8s[K                 Class     Images  Instances      Box(P          R      mAP50  mAP50-95): 35% ━━━━──────── 1764/5000 138.0it/s 14.1s<23.5s[K                 Class     Images  Instances      Box(P          R      mAP50  mAP50-95): 35% ━━━━──────── 1778/5000 137.7it/s 14.2s<23.4s[K                 Class     Images  Instances      Box(P          R      mAP50  mAP50-95): 35% ━━━━──────── 1792/5000 138.1it/s 14.3s<23.2s[K                 Class     Images  Instances      Box(P          R      mAP50  mAP50-95): 36% ━━━━──────── 1807/5000 139.0it/s 14.4s<23.0s[K                 Class     Images  Instances      Box(P          R      mAP50  mAP50-95): 36% ━━━━──────── 1820/5000 135.1it/s 14.5s<23.5s[K                 Class     Images  Instances      Box(P          R      mAP50  mAP50-95): 36% ━━━━──────── 1834/5000 134.2it/s 14.6s<23.6s[K                 Class     Images  Instances      Box(P          R      mAP50  mAP50-95): 36% ━━━━──────── 1846/5000 129.7it/s 14.7s<24.3s[K                 Class     Images  Instances      Box(P          R      mAP50  mAP50-95): 37% ━━━━──────── 1860/5000 131.6it/s 14.8s<23.9s[K                 Class     Images  Instances      Box(P          R      mAP50  mAP50-95): 37% ━━━━──────── 1874/5000 132.7it/s 14.9s<23.6s[K                 Class     Images  Instances      Box(P          R      mAP50  mAP50-95): 37% ━━━━╸─────── 1889/5000 135.4it/s 15.0s<23.0s[K                 Class     Images  Instances      Box(P          R      mAP50  mAP50-95): 38% ━━━━╸─────── 1903/5000 135.4it/s 15.1s<22.9s[K                 Class     Images  Instances      Box(P          R      mAP50  mAP50-95): 38% ━━━━╸─────── 1918/5000 137.9it/s 15.2s<22.4s[K                 Class     Images  Instances      Box(P          R      mAP50  mAP50-95): 38% ━━━━╸─────── 1932/5000 138.0it/s 15.3s<22.2s[K                 Class     Images  Instances      Box(P          R      mAP50  mAP50-95): 38% ━━━━╸─────── 1946/5000 137.9it/s 15.4s<22.1s[K                 Class     Images  Instances      Box(P          R      mAP50  mAP50-95): 39% ━━━━╸─────── 1960/5000 137.2it/s 15.5s<22.2s[K                 Class     Images  Instances      Box(P          R      mAP50  mAP50-95): 39% ━━━━╸─────── 1974/5000 136.7it/s 15.6s<22.1s[K                 Class     Images  Instances      Box(P          R      mAP50  mAP50-95): 39% ━━━━╸─────── 1988/5000 136.6it/s 15.7s<22.0s[K                 Class     Images  Instances      Box(P          R      mAP50  mAP50-95): 40% ━━━━╸─────── 2003/5000 137.7it/s 15.8s<21.8s[K                 Class     Images  Instances      Box(P          R      mAP50  mAP50-95): 40% ━━━━╸─────── 2016/5000 135.3it/s 15.9s<22.0s[K                 Class     Images  Instances      Box(P          R      mAP50  mAP50-95): 40% ━━━━╸─────── 2030/5000 135.1it/s 16.0s<22.0s[K                 Class     Images  Instances      Box(P          R      mAP50  mAP50-95): 40% ━━━━╸─────── 2044/5000 135.7it/s 16.1s<21.8s[K                 Class     Images  Instances      Box(P          R      mAP50  mAP50-95): 41% ━━━━╸─────── 2059/5000 137.2it/s 16.2s<21.4s[K                 Class     Images  Instances      Box(P          R      mAP50  mAP50-95): 41% ━━━━╸─────── 2073/5000 137.6it/s 16.3s<21.3s[K                 Class     Images  Instances      Box(P          R      mAP50  mAP50-95): 41% ━━━━━─────── 2087/5000 137.7it/s 16.4s<21.2s[K                 Class     Images  Instances      Box(P          R      mAP50  mAP50-95): 42% ━━━━━─────── 2101/5000 138.3it/s 16.5s<21.0s[K                 Class     Images  Instances      Box(P          R      mAP50  mAP50-95): 42% ━━━━━─────── 2115/5000 136.4it/s 16.7s<21.2s[K                 Class     Images  Instances      Box(P          R      mAP50  mAP50-95): 42% ━━━━━─────── 2130/5000 138.3it/s 16.8s<20.8s[K                 Class     Images  Instances      Box(P          R      mAP50  mAP50-95): 42% ━━━━━─────── 2144/5000 136.9it/s 16.9s<20.9s[K                 Class     Images  Instances      Box(P          R      mAP50  mAP50-95): 43% ━━━━━─────── 2158/5000 136.8it/s 17.0s<20.8s[K                 Class     Images  Instances      Box(P          R      mAP50  mAP50-95): 43% ━━━━━─────── 2173/5000 137.3it/s 17.1s<20.6s[K                 Class     Images  Instances      Box(P          R      mAP50  mAP50-95): 43% ━━━━━─────── 2188/5000 139.0it/s 17.2s<20.2s[K                 Class     Images  Instances      Box(P          R      mAP50  mAP50-95): 44% ━━━━━─────── 2201/5000 135.1it/s 17.3s<20.7s[K                 Class     Images  Instances      Box(P          R      mAP50  mAP50-95): 44% ━━━━━─────── 2214/5000 131.7it/s 17.4s<21.2s[K                 Class     Images  Instances      Box(P          R      mAP50  mAP50-95): 44% ━━━━━─────── 2228/5000 132.5it/s 17.5s<20.9s[K                 Class     Images  Instances      Box(P          R      mAP50  mAP50-95): 44% ━━━━━─────── 2243/5000 136.5it/s 17.6s<20.2s[K                 Class     Images  Instances      Box(P          R      mAP50  mAP50-95): 45% ━━━━━─────── 2257/5000 137.3it/s 17.7s<20.0s[K                 Class     Images  Instances      Box(P          R      mAP50  mAP50-95): 45% ━━━━━─────── 2271/5000 137.9it/s 17.8s<19.8s[K                 Class     Images  Instances      Box(P          R      mAP50  mAP50-95): 45% ━━━━━─────── 2285/5000 137.9it/s 17.9s<19.7s[K                 Class     Images  Instances      Box(P          R      mAP50  mAP50-95): 45% ━━━━━╸────── 2299/5000 138.5it/s 18.0s<19.5s[K                 Class     Images  Instances      Box(P          R      mAP50  mAP50-95): 46% ━━━━━╸────── 2313/5000 137.6it/s 18.1s<19.5s[K                 Class     Images  Instances      Box(P          R      mAP50  mAP50-95): 46% ━━━━━╸────── 2328/5000 138.7it/s 18.2s<19.3s[K                 Class     Images  Instances      Box(P          R      mAP50  mAP50-95): 46% ━━━━━╸────── 2343/5000 141.1it/s 18.3s<18.8s[K                 Class     Images  Instances      Box(P          R      mAP50  mAP50-95): 47% ━━━━━╸────── 2357/5000 140.3it/s 18.4s<18.8s[K                 Class     Images  Instances      Box(P          R      mAP50  mAP50-95): 47% ━━━━━╸────── 2371/5000 138.6it/s 18.5s<19.0s[K                 Class     Images  Instances      Box(P          R      mAP50  mAP50-95): 47% ━━━━━╸────── 2384/5000 135.4it/s 18.6s<19.3s[K                 Class     Images  Instances      Box(P          R      mAP50  mAP50-95): 47% ━━━━━╸────── 2399/5000 137.7it/s 18.7s<18.9s[K                 Class     Images  Instances      Box(P          R      mAP50  mAP50-95): 48% ━━━━━╸────── 2413/5000 136.7it/s 18.8s<18.9s[K                 Class     Images  Instances      Box(P          R      mAP50  mAP50-95): 48% ━━━━━╸────── 2427/5000 135.8it/s 18.9s<18.9s[K                 Class     Images  Instances      Box(P          R      mAP50  mAP50-95): 48% ━━━━━╸────── 2441/5000 136.8it/s 19.0s<18.7s[K                 Class     Images  Instances      Box(P          R      mAP50  mAP50-95): 49% ━━━━━╸────── 2455/5000 136.6it/s 19.1s<18.6s[K                 Class     Images  Instances      Box(P          R      mAP50  mAP50-95): 49% ━━━━━╸────── 2469/5000 135.7it/s 19.2s<18.6s[K                 Class     Images  Instances      Box(P          R      mAP50  mAP50-95): 49% ━━━━━╸────── 2483/5000 136.0it/s 19.3s<18.5s[K                 Class     Images  Instances      Box(P          R      mAP50  mAP50-95): 49% ━━━━━╸────── 2497/5000 137.1it/s 19.4s<18.3s[K                 Class     Images  Instances      Box(P          R      mAP50  mAP50-95): 50% ━━━━━━────── 2511/5000 137.1it/s 19.5s<18.2s[K                 Class     Images  Instances      Box(P          R      mAP50  mAP50-95): 50% ━━━━━━────── 2526/5000 138.1it/s 19.6s<17.9s[K                 Class     Images  Instances      Box(P          R      mAP50  mAP50-95): 50% ━━━━━━────── 2540/5000 136.1it/s 19.8s<18.1s[K                 Class     Images  Instances      Box(P          R      mAP50  mAP50-95): 51% ━━━━━━────── 2553/5000 133.0it/s 19.9s<18.4s[K                 Class     Images  Instances      Box(P          R      mAP50  mAP50-95): 51% ━━━━━━────── 2567/5000 134.4it/s 20.0s<18.1s[K                 Class     Images  Instances      Box(P          R      mAP50  mAP50-95): 51% ━━━━━━────── 2581/5000 133.9it/s 20.1s<18.1s[K                 Class     Images  Instances      Box(P          R      mAP50  mAP50-95): 51% ━━━━━━────── 2595/5000 135.2it/s 20.2s<17.8s[K                 Class     Images  Instances      Box(P          R      mAP50  mAP50-95): 52% ━━━━━━────── 2609/5000 135.7it/s 20.3s<17.6s[K                 Class     Images  Instances      Box(P          R      mAP50  mAP50-95): 52% ━━━━━━────── 2623/5000 134.3it/s 20.4s<17.7s[K                 Class     Images  Instances      Box(P          R      mAP50  mAP50-95): 52% ━━━━━━────── 2636/5000 132.2it/s 20.5s<17.9s[K                 Class     Images  Instances      Box(P          R      mAP50  mAP50-95): 53% ━━━━━━────── 2650/5000 132.9it/s 20.6s<17.7s[K                 Class     Images  Instances      Box(P          R      mAP50  mAP50-95): 53% ━━━━━━────── 2664/5000 134.4it/s 20.7s<17.4s[K                 Class     Images  Instances      Box(P          R      mAP50  mAP50-95): 53% ━━━━━━────── 2678/5000 134.3it/s 20.8s<17.3s[K                 Class     Images  Instances      Box(P          R      mAP50  mAP50-95): 53% ━━━━━━────── 2692/5000 135.3it/s 20.9s<17.1s[K                 Class     Images  Instances      Box(P          R      mAP50  mAP50-95): 54% ━━━━━━────── 2706/5000 136.5it/s 21.0s<16.8s[K                 Class     Images  Instances      Box(P          R      mAP50  mAP50-95): 54% ━━━━━━╸───── 2721/5000 138.1it/s 21.1s<16.5s[K                 Class     Images  Instances      Box(P          R      mAP50  mAP50-95): 54% ━━━━━━╸───── 2735/5000 137.7it/s 21.2s<16.5s[K                 Class     Images  Instances      Box(P          R      mAP50  mAP50-95): 54% ━━━━━━╸───── 2749/5000 138.1it/s 21.3s<16.3s[K                 Class     Images  Instances      Box(P          R      mAP50  mAP50-95): 55% ━━━━━━╸───── 2763/5000 137.4it/s 21.4s<16.3s[K                 Class     Images  Instances      Box(P          R      mAP50  mAP50-95): 55% ━━━━━━╸───── 2778/5000 138.5it/s 21.5s<16.0s[K                 Class     Images  Instances      Box(P          R      mAP50  mAP50-95): 55% ━━━━━━╸───── 2792/5000 137.6it/s 21.6s<16.0s[K                 Class     Images  Instances      Box(P          R      mAP50  mAP50-95): 56% ━━━━━━╸───── 2806/5000 138.3it/s 21.7s<15.9s[K                 Class     Images  Instances      Box(P          R      mAP50  mAP50-95): 56% ━━━━━━╸───── 2820/5000 137.4it/s 21.8s<15.9s[K                 Class     Images  Instances      Box(P          R      mAP50  mAP50-95): 56% ━━━━━━╸───── 2834/5000 136.5it/s 21.9s<15.9s[K                 Class     Images  Instances      Box(P          R      mAP50  mAP50-95): 56% ━━━━━━╸───── 2849/5000 137.6it/s 22.0s<15.6s[K                 Class     Images  Instances      Box(P          R      mAP50  mAP50-95): 57% ━━━━━━╸───── 2863/5000 138.0it/s 22.1s<15.5s[K                 Class     Images  Instances      Box(P          R      mAP50  mAP50-95): 57% ━━━━━━╸───── 2877/5000 136.9it/s 22.2s<15.5s[K                 Class     Images  Instances      Box(P          R      mAP50  mAP50-95): 57% ━━━━━━╸───── 2891/5000 135.3it/s 22.3s<15.6s[K                 Class     Images  Instances      Box(P          R      mAP50  mAP50-95): 58% ━━━━━━╸───── 2905/5000 135.3it/s 22.4s<15.5s[K                 Class     Images  Instances      Box(P          R      mAP50  mAP50-95): 58% ━━━━━━━───── 2919/5000 134.7it/s 22.5s<15.5s[K                 Class     Images  Instances      Box(P          R      mAP50  mAP50-95): 58% ━━━━━━━───── 2932/5000 133.0it/s 22.6s<15.5s[K                 Class     Images  Instances      Box(P          R      mAP50  mAP50-95): 58% ━━━━━━━───── 2946/5000 134.9it/s 22.7s<15.2s[K                 Class     Images  Instances      Box(P          R      mAP50  mAP50-95): 59% ━━━━━━━───── 2960/5000 134.6it/s 22.9s<15.2s[K                 Class     Images  Instances      Box(P          R      mAP50  mAP50-95): 59% ━━━━━━━───── 2974/5000 135.5it/s 23.0s<14.9s[K                 Class     Images  Instances      Box(P          R      mAP50  mAP50-95): 59% ━━━━━━━───── 2988/5000 134.6it/s 23.1s<14.9s[K                 Class     Images  Instances      Box(P          R      mAP50  mAP50-95): 60% ━━━━━━━───── 3002/5000 135.0it/s 23.2s<14.8s[K                 Class     Images  Instances      Box(P          R      mAP50  mAP50-95): 60% ━━━━━━━───── 3016/5000 135.0it/s 23.3s<14.7s[K                 Class     Images  Instances      Box(P          R      mAP50  mAP50-95): 60% ━━━━━━━───── 3030/5000 135.7it/s 23.4s<14.5s[K                 Class     Images  Instances      Box(P          R      mAP50  mAP50-95): 60% ━━━━━━━───── 3044/5000 135.4it/s 23.5s<14.4s[K                 Class     Images  Instances      Box(P          R      mAP50  mAP50-95): 61% ━━━━━━━───── 3058/5000 136.5it/s 23.6s<14.2s[K                 Class     Images  Instances      Box(P          R      mAP50  mAP50-95): 61% ━━━━━━━───── 3072/5000 136.5it/s 23.7s<14.1s[K                 Class     Images  Instances      Box(P          R      mAP50  mAP50-95): 61% ━━━━━━━───── 3086/5000 135.3it/s 23.8s<14.1s[K                 Class     Images  Instances      Box(P          R      mAP50  mAP50-95): 62% ━━━━━━━───── 3100/5000 135.0it/s 23.9s<14.1s[K                 Class     Images  Instances      Box(P          R      mAP50  mAP50-95): 62% ━━━━━━━───── 3114/5000 134.8it/s 24.0s<14.0s[K                 Class     Images  Instances      Box(P          R      mAP50  mAP50-95): 62% ━━━━━━━╸──── 3128/5000 133.8it/s 24.1s<14.0s[K                 Class     Images  Instances      Box(P          R      mAP50  mAP50-95): 62% ━━━━━━━╸──── 3142/5000 133.2it/s 24.2s<13.9s[K                 Class     Images  Instances      Box(P          R      mAP50  mAP50-95): 63% ━━━━━━━╸──── 3156/5000 133.4it/s 24.3s<13.8s[K                 Class     Images  Instances      Box(P          R      mAP50  mAP50-95): 63% ━━━━━━━╸──── 3170/5000 134.5it/s 24.4s<13.6s[K                 Class     Images  Instances      Box(P          R      mAP50  mAP50-95): 63% ━━━━━━━╸──── 3184/5000 133.4it/s 24.5s<13.6s[K                 Class     Images  Instances      Box(P          R      mAP50  mAP50-95): 63% ━━━━━━━╸──── 3198/5000 133.4it/s 24.6s<13.5s[K                 Class     Images  Instances      Box(P          R      mAP50  mAP50-95): 64% ━━━━━━━╸──── 3212/5000 133.3it/s 24.7s<13.4s[K                 Class     Images  Instances      Box(P          R      mAP50  mAP50-95): 64% ━━━━━━━╸──── 3226/5000 133.0it/s 24.8s<13.3s[K                 Class     Images  Instances      Box(P          R      mAP50  mAP50-95): 64% ━━━━━━━╸──── 3240/5000 134.5it/s 24.9s<13.1s[K                 Class     Images  Instances      Box(P          R      mAP50  mAP50-95): 65% ━━━━━━━╸──── 3255/5000 136.2it/s 25.0s<12.8s[K                 Class     Images  Instances      Box(P          R      mAP50  mAP50-95): 65% ━━━━━━━╸──── 3269/5000 135.7it/s 25.1s<12.8s[K                 Class     Images  Instances      Box(P          R      mAP50  mAP50-95): 65% ━━━━━━━╸──── 3282/5000 133.7it/s 25.2s<12.9s[K                 Class     Images  Instances      Box(P          R      mAP50  mAP50-95): 65% ━━━━━━━╸──── 3295/5000 131.4it/s 25.3s<13.0s[K                 Class     Images  Instances      Box(P          R      mAP50  mAP50-95): 66% ━━━━━━━╸──── 3308/5000 130.5it/s 25.4s<13.0s[K                 Class     Images  Instances      Box(P          R      mAP50  mAP50-95): 66% ━━━━━━━╸──── 3322/5000 131.6it/s 25.6s<12.7s[K                 Class     Images  Instances      Box(P          R      mAP50  mAP50-95): 66% ━━━━━━━━──── 3336/5000 132.5it/s 25.7s<12.6s[K                 Class     Images  Instances      Box(P          R      mAP50  mAP50-95): 67% ━━━━━━━━──── 3350/5000 132.4it/s 25.8s<12.5s[K                 Class     Images  Instances      Box(P          R      mAP50  mAP50-95): 67% ━━━━━━━━──── 3363/5000 130.5it/s 25.9s<12.5s[K                 Class     Images  Instances      Box(P          R      mAP50  mAP50-95): 67% ━━━━━━━━──── 3377/5000 130.6it/s 26.0s<12.4s[K                 Class     Images  Instances      Box(P          R      mAP50  mAP50-95): 67% ━━━━━━━━──── 3391/5000 133.0it/s 26.1s<12.1s[K                 Class     Images  Instances      Box(P          R      mAP50  mAP50-95): 68% ━━━━━━━━──── 3405/5000 133.1it/s 26.2s<12.0s[K                 Class     Images  Instances      Box(P          R      mAP50  mAP50-95): 68% ━━━━━━━━──── 3419/5000 133.1it/s 26.3s<11.9s[K                 Class     Images  Instances      Box(P          R      mAP50  mAP50-95): 68% ━━━━━━━━──── 3432/5000 131.9it/s 26.4s<11.9s[K                 Class     Images  Instances      Box(P          R      mAP50  mAP50-95): 68% ━━━━━━━━──── 3444/5000 126.3it/s 26.5s<12.3s[K                 Class     Images  Instances      Box(P          R      mAP50  mAP50-95): 69% ━━━━━━━━──── 3457/5000 127.0it/s 26.6s<12.1s[K                 Class     Images  Instances      Box(P          R      mAP50  mAP50-95): 69% ━━━━━━━━──── 3471/5000 130.2it/s 26.7s<11.7s[K                 Class     Images  Instances      Box(P          R      mAP50  mAP50-95): 69% ━━━━━━━━──── 3485/5000 131.3it/s 26.8s<11.5s[K                 Class     Images  Instances      Box(P          R      mAP50  mAP50-95): 69% ━━━━━━━━──── 3499/5000 131.4it/s 26.9s<11.4s[K                 Class     Images  Instances      Box(P          R      mAP50  mAP50-95): 70% ━━━━━━━━──── 3513/5000 131.3it/s 27.0s<11.3s[K                 Class     Images  Instances      Box(P          R      mAP50  mAP50-95): 70% ━━━━━━━━──── 3527/5000 132.4it/s 27.1s<11.1s[K                 Class     Images  Instances      Box(P          R      mAP50  mAP50-95): 70% ━━━━━━━━──── 3541/5000 131.8it/s 27.2s<11.1s[K                 Class     Images  Instances      Box(P          R      mAP50  mAP50-95): 71% ━━━━━━━━╸─── 3554/5000 129.2it/s 27.3s<11.2s[K                 Class     Images  Instances      Box(P          R      mAP50  mAP50-95): 71% ━━━━━━━━╸─── 3567/5000 129.3it/s 27.4s<11.1s[K                 Class     Images  Instances      Box(P          R      mAP50  mAP50-95): 71% ━━━━━━━━╸─── 3581/5000 130.0it/s 27.5s<10.9s[K                 Class     Images  Instances      Box(P          R      mAP50  mAP50-95): 71% ━━━━━━━━╸─── 3594/5000 128.4it/s 27.6s<11.0s[K                 Class     Images  Instances      Box(P          R      mAP50  mAP50-95): 72% ━━━━━━━━╸─── 3607/5000 128.2it/s 27.7s<10.9s[K                 Class     Images  Instances      Box(P          R      mAP50  mAP50-95): 72% ━━━━━━━━╸─── 3620/5000 128.1it/s 27.8s<10.8s[K                 Class     Images  Instances      Box(P          R      mAP50  mAP50-95): 72% ━━━━━━━━╸─── 3633/5000 126.4it/s 27.9s<10.8s[K                 Class     Images  Instances      Box(P          R      mAP50  mAP50-95): 72% ━━━━━━━━╸─── 3646/5000 127.4it/s 28.0s<10.6s[K                 Class     Images  Instances      Box(P          R      mAP50  mAP50-95): 73% ━━━━━━━━╸─── 3659/5000 127.3it/s 28.2s<10.5s[K                 Class     Images  Instances      Box(P          R      mAP50  mAP50-95): 73% ━━━━━━━━╸─── 3672/5000 127.8it/s 28.3s<10.4s[K                 Class     Images  Instances      Box(P          R      mAP50  mAP50-95): 73% ━━━━━━━━╸─── 3686/5000 129.1it/s 28.4s<10.2s[K                 Class     Images  Instances      Box(P          R      mAP50  mAP50-95): 73% ━━━━━━━━╸─── 3699/5000 128.8it/s 28.5s<10.1s[K                 Class     Images  Instances      Box(P          R      mAP50  mAP50-95): 74% ━━━━━━━━╸─── 3712/5000 127.5it/s 28.6s<10.1s[K                 Class     Images  Instances      Box(P          R      mAP50  mAP50-95): 74% ━━━━━━━━╸─── 3725/5000 127.5it/s 28.7s<10.0s[K                 Class     Images  Instances      Box(P          R      mAP50  mAP50-95): 74% ━━━━━━━━╸─── 3738/5000 126.5it/s 28.8s<10.0s[K                 Class     Images  Instances      Box(P          R      mAP50  mAP50-95): 74% ━━━━━━━━╸─── 3749/5000 115.9it/s 28.9s<10.8s[K                 Class     Images  Instances      Box(P          R      mAP50  mAP50-95): 75% ━━━━━━━━━─── 3762/5000 119.6it/s 29.0s<10.4s[K                 Class     Images  Instances      Box(P          R      mAP50  mAP50-95): 75% ━━━━━━━━━─── 3776/5000 122.7it/s 29.1s<10.0s[K                 Class     Images  Instances      Box(P          R      mAP50  mAP50-95): 75% ━━━━━━━━━─── 3789/5000 123.5it/s 29.2s<9.8s[K                 Class     Images  Instances      Box(P          R      mAP50  mAP50-95): 76% ━━━━━━━━━─── 3802/5000 124.6it/s 29.3s<9.6s[K                 Class     Images  Instances      Box(P          R      mAP50  mAP50-95): 76% ━━━━━━━━━─── 3815/5000 125.6it/s 29.4s<9.4s[K                 Class     Images  Instances      Box(P          R      mAP50  mAP50-95): 76% ━━━━━━━━━─── 3829/5000 127.1it/s 29.5s<9.2s[K                 Class     Images  Instances      Box(P          R      mAP50  mAP50-95): 76% ━━━━━━━━━─── 3842/5000 126.6it/s 29.6s<9.1s[K                 Class     Images  Instances      Box(P          R      mAP50  mAP50-95): 77% ━━━━━━━━━─── 3855/5000 126.8it/s 29.7s<9.0s[K                 Class     Images  Instances      Box(P          R      mAP50  mAP50-95): 77% ━━━━━━━━━─── 3868/5000 127.3it/s 29.8s<8.9s[K                 Class     Images  Instances      Box(P          R      mAP50  mAP50-95): 77% ━━━━━━━━━─── 3881/5000 124.9it/s 29.9s<9.0s[K                 Class     Images  Instances      Box(P          R      mAP50  mAP50-95): 77% ━━━━━━━━━─── 3895/5000 127.1it/s 30.0s<8.7s[K                 Class     Images  Instances      Box(P          R      mAP50  mAP50-95): 78% ━━━━━━━━━─── 3908/5000 126.8it/s 30.1s<8.6s[K                 Class     Images  Instances      Box(P          R      mAP50  mAP50-95): 78% ━━━━━━━━━─── 3920/5000 123.8it/s 30.2s<8.7s[K                 Class     Images  Instances      Box(P          R      mAP50  mAP50-95): 78% ━━━━━━━━━─── 3934/5000 128.4it/s 30.3s<8.3s[K                 Class     Images  Instances      Box(P          R      mAP50  mAP50-95): 78% ━━━━━━━━━─── 3948/5000 131.3it/s 30.4s<8.0s[K                 Class     Images  Instances      Box(P          R      mAP50  mAP50-95): 79% ━━━━━━━━━╸── 3962/5000 132.6it/s 30.5s<7.8s[K                 Class     Images  Instances      Box(P          R      mAP50  mAP50-95): 79% ━━━━━━━━━╸── 3977/5000 135.1it/s 30.7s<7.6s[K                 Class     Images  Instances      Box(P          R      mAP50  mAP50-95): 79% ━━━━━━━━━╸── 3991/5000 135.3it/s 30.8s<7.5s[K                 Class     Images  Instances      Box(P          R      mAP50  mAP50-95): 80% ━━━━━━━━━╸── 4005/5000 135.1it/s 30.9s<7.4s[K                 Class     Images  Instances      Box(P          R      mAP50  mAP50-95): 80% ━━━━━━━━━╸── 4019/5000 133.7it/s 31.0s<7.3s[K                 Class     Images  Instances      Box(P          R      mAP50  mAP50-95): 80% ━━━━━━━━━╸── 4032/5000 131.3it/s 31.1s<7.4s[K                 Class     Images  Instances      Box(P          R      mAP50  mAP50-95): 80% ━━━━━━━━━╸── 4046/5000 131.0it/s 31.2s<7.3s[K                 Class     Images  Instances      Box(P          R      mAP50  mAP50-95): 81% ━━━━━━━━━╸── 4059/5000 130.5it/s 31.3s<7.2s[K                 Class     Images  Instances      Box(P          R      mAP50  mAP50-95): 81% ━━━━━━━━━╸── 4071/5000 126.9it/s 31.4s<7.3s[K                 Class     Images  Instances      Box(P          R      mAP50  mAP50-95): 81% ━━━━━━━━━╸── 4083/5000 124.3it/s 31.5s<7.4s[K                 Class     Images  Instances      Box(P          R      mAP50  mAP50-95): 81% ━━━━━━━━━╸── 4097/5000 127.6it/s 31.6s<7.1s[K                 Class     Images  Instances      Box(P          R      mAP50  mAP50-95): 82% ━━━━━━━━━╸── 4111/5000 130.5it/s 31.7s<6.8s[K                 Class     Images  Instances      Box(P          R      mAP50  mAP50-95): 82% ━━━━━━━━━╸── 4126/5000 133.8it/s 31.8s<6.5s[K                 Class     Images  Instances      Box(P          R      mAP50  mAP50-95): 82% ━━━━━━━━━╸── 4141/5000 135.4it/s 31.9s<6.3s[K                 Class     Images  Instances      Box(P          R      mAP50  mAP50-95): 83% ━━━━━━━━━╸── 4155/5000 135.1it/s 32.0s<6.3s[K                 Class     Images  Instances      Box(P          R      mAP50  mAP50-95): 83% ━━━━━━━━━━── 4169/5000 133.8it/s 32.1s<6.2s[K                 Class     Images  Instances      Box(P          R      mAP50  mAP50-95): 83% ━━━━━━━━━━── 4184/5000 136.4it/s 32.2s<6.0s[K                 Class     Images  Instances      Box(P          R      mAP50  mAP50-95): 83% ━━━━━━━━━━── 4198/5000 134.9it/s 32.3s<5.9s[K                 Class     Images  Instances      Box(P          R      mAP50  mAP50-95): 84% ━━━━━━━━━━── 4212/5000 134.7it/s 32.4s<5.8s[K                 Class     Images  Instances      Box(P          R      mAP50  mAP50-95): 84% ━━━━━━━━━━── 4226/5000 135.5it/s 32.5s<5.7s[K                 Class     Images  Instances      Box(P          R      mAP50  mAP50-95): 84% ━━━━━━━━━━── 4240/5000 136.3it/s 32.6s<5.6s[K                 Class     Images  Instances      Box(P          R      mAP50  mAP50-95): 85% ━━━━━━━━━━── 4254/5000 136.5it/s 32.7s<5.5s[K                 Class     Images  Instances      Box(P          R      mAP50  mAP50-95): 85% ━━━━━━━━━━── 4268/5000 136.4it/s 32.8s<5.4s[K                 Class     Images  Instances      Box(P          R      mAP50  mAP50-95): 85% ━━━━━━━━━━── 4282/5000 137.3it/s 32.9s<5.2s[K                 Class     Images  Instances      Box(P          R      mAP50  mAP50-95): 85% ━━━━━━━━━━── 4296/5000 136.0it/s 33.0s<5.2s[K                 Class     Images  Instances      Box(P          R      mAP50  mAP50-95): 86% ━━━━━━━━━━── 4310/5000 136.5it/s 33.1s<5.1s[K                 Class     Images  Instances      Box(P          R      mAP50  mAP50-95): 86% ━━━━━━━━━━── 4324/5000 136.7it/s 33.2s<4.9s[K                 Class     Images  Instances      Box(P          R      mAP50  mAP50-95): 86% ━━━━━━━━━━── 4338/5000 137.3it/s 33.3s<4.8s[K                 Class     Images  Instances      Box(P          R      mAP50  mAP50-95): 87% ━━━━━━━━━━── 4353/5000 138.4it/s 33.5s<4.7s[K                 Class     Images  Instances      Box(P          R      mAP50  mAP50-95): 87% ━━━━━━━━━━── 4368/5000 139.0it/s 33.6s<4.5s[K                 Class     Images  Instances      Box(P          R      mAP50  mAP50-95): 87% ━━━━━━━━━━╸─ 4382/5000 138.1it/s 33.7s<4.5s[K                 Class     Images  Instances      Box(P          R      mAP50  mAP50-95): 87% ━━━━━━━━━━╸─ 4396/5000 138.1it/s 33.8s<4.4s[K                 Class     Images  Instances      Box(P          R      mAP50  mAP50-95): 88% ━━━━━━━━━━╸─ 4410/5000 137.6it/s 33.9s<4.3s[K                 Class     Images  Instances      Box(P          R      mAP50  mAP50-95): 88% ━━━━━━━━━━╸─ 4424/5000 137.7it/s 34.0s<4.2s[K                 Class     Images  Instances      Box(P          R      mAP50  mAP50-95): 88% ━━━━━━━━━━╸─ 4438/5000 137.8it/s 34.1s<4.1s[K                 Class     Images  Instances      Box(P          R      mAP50  mAP50-95): 89% ━━━━━━━━━━╸─ 4453/5000 138.7it/s 34.2s<3.9s[K                 Class     Images  Instances      Box(P          R      mAP50  mAP50-95): 89% ━━━━━━━━━━╸─ 4467/5000 138.2it/s 34.3s<3.9s[K                 Class     Images  Instances      Box(P          R      mAP50  mAP50-95): 89% ━━━━━━━━━━╸─ 4481/5000 138.4it/s 34.4s<3.8s[K                 Class     Images  Instances      Box(P          R      mAP50  mAP50-95): 89% ━━━━━━━━━━╸─ 4494/5000 135.6it/s 34.5s<3.7s[K                 Class     Images  Instances      Box(P          R      mAP50  mAP50-95): 90% ━━━━━━━━━━╸─ 4508/5000 134.8it/s 34.6s<3.6s[K                 Class     Images  Instances      Box(P          R      mAP50  mAP50-95): 90% ━━━━━━━━━━╸─ 4521/5000 133.1it/s 34.7s<3.6s[K                 Class     Images  Instances      Box(P          R      mAP50  mAP50-95): 90% ━━━━━━━━━━╸─ 4535/5000 133.5it/s 34.8s<3.5s[K                 Class     Images  Instances      Box(P          R      mAP50  mAP50-95): 90% ━━━━━━━━━━╸─ 4548/5000 131.2it/s 34.9s<3.4s[K                 Class     Images  Instances      Box(P          R      mAP50  mAP50-95): 91% ━━━━━━━━━━╸─ 4562/5000 132.7it/s 35.0s<3.3s[K                 Class     Images  Instances      Box(P          R      mAP50  mAP50-95): 91% ━━━━━━━━━━╸─ 4576/5000 132.9it/s 35.1s<3.2s[K                 Class     Images  Instances      Box(P          R      mAP50  mAP50-95): 91% ━━━━━━━━━━━─ 4590/5000 134.0it/s 35.2s<3.1s[K                 Class     Images  Instances      Box(P          R      mAP50  mAP50-95): 92% ━━━━━━━━━━━─ 4604/5000 134.6it/s 35.3s<2.9s[K                 Class     Images  Instances      Box(P          R      mAP50  mAP50-95): 92% ━━━━━━━━━━━─ 4618/5000 135.6it/s 35.4s<2.8s[K                 Class     Images  Instances      Box(P          R      mAP50  mAP50-95): 92% ━━━━━━━━━━━─ 4633/5000 137.2it/s 35.5s<2.7s[K                 Class     Images  Instances      Box(P          R      mAP50  mAP50-95): 92% ━━━━━━━━━━━─ 4647/5000 135.9it/s 35.6s<2.6s[K                 Class     Images  Instances      Box(P          R      mAP50  mAP50-95): 93% ━━━━━━━━━━━─ 4661/5000 136.4it/s 35.7s<2.5s[K                 Class     Images  Instances      Box(P          R      mAP50  mAP50-95): 93% ━━━━━━━━━━━─ 4675/5000 136.0it/s 35.8s<2.4s[K                 Class     Images  Instances      Box(P          R      mAP50  mAP50-95): 93% ━━━━━━━━━━━─ 4689/5000 135.8it/s 35.9s<2.3s[K                 Class     Images  Instances      Box(P          R      mAP50  mAP50-95): 94% ━━━━━━━━━━━─ 4703/5000 135.3it/s 36.0s<2.2s[K                 Class     Images  Instances      Box(P          R      mAP50  mAP50-95): 94% ━━━━━━━━━━━─ 4717/5000 135.4it/s 36.1s<2.1s[K                 Class     Images  Instances      Box(P          R      mAP50  mAP50-95): 94% ━━━━━━━━━━━─ 4731/5000 135.4it/s 36.2s<2.0s[K                 Class     Images  Instances      Box(P          R      mAP50  mAP50-95): 94% ━━━━━━━━━━━─ 4745/5000 135.3it/s 36.3s<1.9s[K                 Class     Images  Instances      Box(P          R      mAP50  mAP50-95): 95% ━━━━━━━━━━━─ 4760/5000 137.0it/s 36.5s<1.8s[K                 Class     Images  Instances      Box(P          R      mAP50  mAP50-95): 95% ━━━━━━━━━━━─ 4774/5000 136.9it/s 36.6s<1.7s[K                 Class     Images  Instances      Box(P          R      mAP50  mAP50-95): 95% ━━━━━━━━━━━─ 4789/5000 138.6it/s 36.7s<1.5s[K                 Class     Images  Instances      Box(P          R      mAP50  mAP50-95): 96% ━━━━━━━━━━━╸ 4803/5000 136.4it/s 36.8s<1.4s[K                 Class     Images  Instances      Box(P          R      mAP50  mAP50-95): 96% ━━━━━━━━━━━╸ 4817/5000 136.1it/s 36.9s<1.3s[K                 Class     Images  Instances      Box(P          R      mAP50  mAP50-95): 96% ━━━━━━━━━━━╸ 4831/5000 137.0it/s 37.0s<1.2s[K                 Class     Images  Instances      Box(P          R      mAP50  mAP50-95): 96% ━━━━━━━━━━━╸ 4845/5000 136.4it/s 37.1s<1.1s[K                 Class     Images  Instances      Box(P          R      mAP50  mAP50-95): 97% ━━━━━━━━━━━╸ 4859/5000 136.5it/s 37.2s<1.0s[K                 Class     Images  Instances      Box(P          R      mAP50  mAP50-95): 97% ━━━━━━━━━━━╸ 4873/5000 136.7it/s 37.3s<0.9s[K                 Class     Images  Instances      Box(P          R      mAP50  mAP50-95): 97% ━━━━━━━━━━━╸ 4887/5000 137.0it/s 37.4s<0.8s[K                 Class     Images  Instances      Box(P          R      mAP50  mAP50-95): 98% ━━━━━━━━━━━╸ 4901/5000 136.3it/s 37.5s<0.7s[K                 Class     Images  Instances      Box(P          R      mAP50  mAP50-95): 98% ━━━━━━━━━━━╸ 4914/5000 134.4it/s 37.6s<0.6s[K                 Class     Images  Instances      Box(P          R      mAP50  mAP50-95): 98% ━━━━━━━━━━━╸ 4928/5000 134.1it/s 37.7s<0.5s[K                 Class     Images  Instances      Box(P          R      mAP50  mAP50-95): 98% ━━━━━━━━━━━╸ 4942/5000 134.1it/s 37.8s<0.4s[K                 Class     Images  Instances      Box(P          R      mAP50  mAP50-95): 99% ━━━━━━━━━━━╸ 4956/5000 134.3it/s 37.9s<0.3s[K                 Class     Images  Instances      Box(P          R      mAP50  mAP50-95): 99% ━━━━━━━━━━━╸ 4970/5000 134.9it/s 38.0s<0.2s[K                 Class     Images  Instances      Box(P          R      mAP50  mAP50-95): 99% ━━━━━━━━━━━╸ 4983/5000 133.2it/s 38.1s<0.1s[K                 Class     Images  Instances      Box(P          R      mAP50  mAP50-95): 99% ━━━━━━━━━━━╸ 4997/5000 134.0it/s 38.2s<0.0s[K                 Class     Images  Instances      Box(P          R      mAP50  mAP50-95): 100% ━━━━━━━━━━━━ 5000/5000 130.8it/s 38.2s
                   all       5000      36335      0.677       0.53      0.577      0.412
Speed: 0.8ms preprocess, 2.7ms inference, 0.0ms loss, 1.0ms postprocess per image
[int8-qdq model] 2.363ms  mAP50 0.5768  mAP50-95 0.4124  size 22.3MB
