/usr/local/lib/python3.11/dist-packages/torch/cuda/__init__.py:58: FutureWarning: The pynvml package is deprecated. Please install nvidia-ml-py instead. If you did not install pynvml directly, please report this to the maintainers of the package that installed pynvml for you.
  import pynvml  # type: ignore[import]
[repair] legacy attrs filled: {'progressive_sparsity': 3, '_training_step': 3, 'warmup_steps': 3, 'expert_dropout_rate': 3, 'dropout_interval': 3, 'detach_routing': 3, 'last_routing_snapshot': 3, '_moe_nonfinite_events': 3, '_current_top_k': 3, 'routing.capacity_factor': 3}
[repair] add_residual forced False on 3 blocks; property shadows stripped 1; ES_MOE dense=False
[repair] attached moe_loss_fn to model.6 (E=4)
[repair] attached moe_loss_fn to model.9 (E=8)
[repair] attached moe_loss_fn to model.12 (E=16)
[mtq] sensitive set 'default': ('*model.0.*', '*model.1.*', '*routing*', '*router*', '*dfl*')
[calib] 1024 train images from /data/datasets/coco/images/train2017
Inserted 931 quantizers
[mtq] calibrated in 37s, 360 active quantizers, 0 uncalibrated->disabled
model.0.conv.input_quantizer                                                     TensorQuantizer(disabled)
model.0.conv.output_quantizer                                                    TensorQuantizer(disabled)
model.0.conv.weight_quantizer                                                    TensorQuantizer(disabled)
model.0.bn.input_quantizer                                                       TensorQuantizer(disabled)
model.0.bn.output_quantizer                                                      TensorQuantizer(disabled)
model.1.conv.input_quantizer                                                     TensorQuantizer(disabled)
model.1.conv.output_quantizer                                                    TensorQuantizer(disabled)
model.1.conv.weight_quantizer                                                    TensorQuantizer(disabled)
model.1.bn.input_quantizer                                                       TensorQuantizer(disabled)
model.1.bn.output_quantizer                                                      TensorQuantizer(disabled)
model.2.cv1.conv.input_quantizer                                                 TensorQuantizer(8 bit fake per-tensor amax=121.8418 calibrator=MaxCalibrator quant)
model.2.cv1.conv.output_quantizer                                                TensorQuantizer(disabled)
model.2.cv1.conv.weight_quantizer                                                TensorQuantizer(8 bit fake axis=0 amax=[0.1113, 0.3723](32) calibrator=MaxCalibrator quant)
model.2.cv1.bn.input_quantizer                                                   TensorQuantizer(disabled)
model.2.cv1.bn.output_quantizer                                                  TensorQuantizer(disabled)
model.2.cv2.conv.input_quantizer                                                 TensorQuantizer(8 bit fake per-tensor amax=43.1684 calibrator=MaxCalibrator quant)
model.2.cv2.conv.output_quantizer                                                TensorQuantizer(disabled)
model.2.cv2.conv.weight_quantizer                                                TensorQuantizer(8 bit fake axis=0 amax=[0.0818, 0.2629](64) calibrator=MaxCalibrator quant)
model.2.cv2.bn.input_quantizer                                                   TensorQuantizer(disabled)
model.2.cv2.bn.output_quantizer                                                  TensorQuantizer(disabled)
model.2.m.0.cv1.conv.input_quantizer                                             TensorQuantizer(8 bit fake per-tensor amax=14.8057 calibrator=MaxCalibrator quant)
model.2.m.0.cv1.conv.output_quantizer                                            TensorQuantizer(disabled)
model.2.m.0.cv1.conv.weight_quantizer                                            TensorQuantizer(8 bit fake axis=0 amax=[0.1067, 0.3032](8) calibrator=MaxCalibrator quant)
model.2.m.0.cv1.bn.input_quantizer                                               TensorQuantizer(disabled)
model.2.m.0.cv1.bn.output_quantizer                                              TensorQuantizer(disabled)
model.2.m.0.cv2.conv.input_quantizer                                             TensorQuantizer(8 bit fake per-tensor amax=16.0400 calibrator=MaxCalibrator quant)
model.2.m.0.cv2.conv.output_quantizer                                            TensorQuantizer(disabled)
model.2.m.0.cv2.conv.weight_quantizer                                            TensorQuantizer(8 bit fake axis=0 amax=[0.0636, 0.1589](16) calibrator=MaxCalibrator quant)
model.2.m.0.cv2.bn.input_quantizer                                               TensorQuantizer(disabled)
model.2.m.0.cv2.bn.output_quantizer                                              TensorQuantizer(disabled)
model.3.cv1.conv.input_quantizer                                                 TensorQuantizer(8 bit fake per-tensor amax=31.4483 calibrator=MaxCalibrator quant)
model.3.cv1.conv.output_quantizer                                                TensorQuantizer(disabled)
model.3.cv1.conv.weight_quantizer                                                TensorQuantizer(8 bit fake axis=0 amax=[0.0997, 0.2355](32) calibrator=MaxCalibrator quant)
model.3.cv1.bn.input_quantizer                                                   TensorQuantizer(disabled)
model.3.cv1.bn.output_quantizer                                                  TensorQuantizer(disabled)
model.3.cv2.conv.input_quantizer                                                 TensorQuantizer(8 bit fake per-tensor amax=10.5344 calibrator=MaxCalibrator quant)
model.3.cv2.conv.output_quantizer                                                TensorQuantizer(disabled)
model.3.cv2.conv.weight_quantizer                                                TensorQuantizer(8 bit fake axis=0 amax=[0.0754, 0.2793](64) calibrator=MaxCalibrator quant)
model.3.cv2.bn.input_quantizer                                                   TensorQuantizer(disabled)
model.3.cv2.bn.output_quantizer                                                  TensorQuantizer(disabled)
model.3.m.0.cv1.conv.input_quantizer                                             TensorQuantizer(8 bit fake per-tensor amax=5.9708 calibrator=MaxCalibrator quant)
model.3.m.0.cv1.conv.output_quantizer                                            TensorQuantizer(disabled)
model.3.m.0.cv1.conv.weight_quantizer                                            TensorQuantizer(8 bit fake axis=0 amax=[0.1609, 0.2383](8) calibrator=MaxCalibrator quant)
model.3.m.0.cv1.bn.input_quantizer                                               TensorQuantizer(disabled)
model.3.m.0.cv1.bn.output_quantizer                                              TensorQuantizer(disabled)
model.3.m.0.cv2.conv.input_quantizer                                             TensorQuantizer(8 bit fake per-tensor amax=8.2136 calibrator=MaxCalibrator quant)
model.3.m.0.cv2.conv.output_quantizer                                            TensorQuantizer(disabled)
model.3.m.0.cv2.conv.weight_quantizer                                            TensorQuantizer(8 bit fake axis=0 amax=[0.1006, 0.1682](16) calibrator=MaxCalibrator quant)
model.3.m.0.cv2.bn.input_quantizer                                               TensorQuantizer(disabled)
model.3.m.0.cv2.bn.output_quantizer                                              TensorQuantizer(disabled)
model.4.conv.input_quantizer                                                     TensorQuantizer(8 bit fake per-tensor amax=7.5298 calibrator=MaxCalibrator quant)
model.4.conv.output_quantizer                                                    TensorQuantizer(disabled)
model.4.conv.weight_quantizer                                                    TensorQuantizer(8 bit fake axis=0 amax=[0.0407, 0.1992](64) calibrator=MaxCalibrator quant)
model.4.bn.input_quantizer                                                       TensorQuantizer(disabled)
model.4.bn.output_quantizer                                                      TensorQuantizer(disabled)
model.5.cv1.conv.input_quantizer                                                 TensorQuantizer(8 bit fake per-tensor amax=5.8502 calibrator=MaxCalibrator quant)
model.5.cv1.conv.output_quantizer                                                TensorQuantizer(disabled)
model.5.cv1.conv.weight_quantizer                                                TensorQuantizer(8 bit fake axis=0 amax=[0.0658, 0.2085](64) calibrator=MaxCalibrator quant)
model.5.cv1.bn.input_quantizer                                                   TensorQuantizer(disabled)
model.5.cv1.bn.output_quantizer                                                  TensorQuantizer(disabled)
model.5.cv2.conv.input_quantizer                                                 TensorQuantizer(8 bit fake per-tensor amax=6.0167 calibrator=MaxCalibrator quant)
model.5.cv2.conv.output_quantizer                                                TensorQuantizer(disabled)
model.5.cv2.conv.weight_quantizer                                                TensorQuantizer(8 bit fake axis=0 amax=[0.0536, 0.2854](128) calibrator=MaxCalibrator quant)
model.5.cv2.bn.input_quantizer                                                   TensorQuantizer(disabled)
model.5.cv2.bn.output_quantizer                                                  TensorQuantizer(disabled)
model.5.m.0.cv1.conv.input_quantizer                                             TensorQuantizer(8 bit fake per-tensor amax=4.0984 calibrator=MaxCalibrator quant)
model.5.m.0.cv1.conv.output_quantizer                                            TensorQuantizer(disabled)
model.5.m.0.cv1.conv.weight_quantizer                                            TensorQuantizer(8 bit fake axis=0 amax=[0.0894, 0.1796](16) calibrator=MaxCalibrator quant)
model.5.m.0.cv1.bn.input_quantizer                                               TensorQuantizer(disabled)
model.5.m.0.cv1.bn.output_quantizer                                              TensorQuantizer(disabled)
model.5.m.0.cv2.conv.input_quantizer                                             TensorQuantizer(8 bit fake per-tensor amax=4.5262 calibrator=MaxCalibrator quant)
model.5.m.0.cv2.conv.output_quantizer                                            TensorQuantizer(disabled)
model.5.m.0.cv2.conv.weight_quantizer                                            TensorQuantizer(8 bit fake axis=0 amax=[0.0642, 0.1780](32) calibrator=MaxCalibrator quant)
model.5.m.0.cv2.bn.input_quantizer                                               TensorQuantizer(disabled)
model.5.m.0.cv2.bn.output_quantizer                                              TensorQuantizer(disabled)
model.6.routing.router.0.input_quantizer                                         TensorQuantizer(disabled)
model.6.routing.router.0.output_quantizer                                        TensorQuantizer(disabled)
model.6.routing.router.0.weight_quantizer                                        TensorQuantizer(disabled)
model.6.routing.router.1.input_quantizer                                         TensorQuantizer(disabled)
model.6.routing.router.1.output_quantizer                                        TensorQuantizer(disabled)
model.6.routing.router.3.input_quantizer                                         TensorQuantizer(disabled)
model.6.routing.router.3.output_quantizer                                        TensorQuantizer(disabled)
model.6.routing.router.3.weight_quantizer                                        TensorQuantizer(disabled)
model.6.routing.router.4.input_quantizer                                         TensorQuantizer(disabled)
model.6.routing.router.4.output_quantizer                                        TensorQuantizer(disabled)
model.6.experts.0.conv.0.input_quantizer                                         TensorQuantizer(8 bit fake per-tensor amax=6.7020 calibrator=MaxCalibrator quant)
model.6.experts.0.conv.0.output_quantizer                                        TensorQuantizer(disabled)
model.6.experts.0.conv.0.weight_quantizer                                        TensorQuantizer(8 bit fake axis=0 amax=[0.1011, 0.2131](256) calibrator=MaxCalibrator quant)
model.6.experts.0.conv.1.input_quantizer                                         TensorQuantizer(disabled)
model.6.experts.0.conv.1.output_quantizer                                        TensorQuantizer(disabled)
model.6.experts.0.conv.3.input_quantizer                                         TensorQuantizer(8 bit fake per-tensor amax=8.3163 calibrator=MaxCalibrator quant)
model.6.experts.0.conv.3.output_quantizer                                        TensorQuantizer(disabled)
model.6.experts.0.conv.3.weight_quantizer                                        TensorQuantizer(8 bit fake axis=0 amax=[0.1759, 0.3584](128) calibrator=MaxCalibrator quant)
model.6.experts.0.conv.4.input_quantizer                                         TensorQuantizer(disabled)
model.6.experts.0.conv.4.output_quantizer                                        TensorQuantizer(disabled)
model.6.experts.1.conv.0.input_quantizer                                         TensorQuantizer(8 bit fake per-tensor amax=6.7020 calibrator=MaxCalibrator quant)
model.6.experts.1.conv.0.output_quantizer                                        TensorQuantizer(disabled)
model.6.experts.1.conv.0.weight_quantizer                                        TensorQuantizer(8 bit fake axis=0 amax=[0.1046, 0.2155](256) calibrator=MaxCalibrator quant)
model.6.experts.1.conv.1.input_quantizer                                         TensorQuantizer(disabled)
model.6.experts.1.conv.1.output_quantizer                                        TensorQuantizer(disabled)
model.6.experts.1.conv.3.input_quantizer                                         TensorQuantizer(8 bit fake per-tensor amax=7.6090 calibrator=MaxCalibrator quant)
model.6.experts.1.conv.3.output_quantizer                                        TensorQuantizer(disabled)
model.6.experts.1.conv.3.weight_quantizer                                        TensorQuantizer(8 bit fake axis=0 amax=[0.1698, 0.3279](128) calibrator=MaxCalibrator quant)
model.6.experts.1.conv.4.input_quantizer                                         TensorQuantizer(disabled)
model.6.experts.1.conv.4.output_quantizer                                        TensorQuantizer(disabled)
model.6.experts.2.conv.0.input_quantizer                                         TensorQuantizer(8 bit fake per-tensor amax=6.7020 calibrator=MaxCalibrator quant)
model.6.experts.2.conv.0.output_quantizer                                        TensorQuantizer(disabled)
model.6.experts.2.conv.0.weight_quantizer                                        TensorQuantizer(8 bit fake axis=0 amax=[0.0292, 0.1624](256) calibrator=MaxCalibrator quant)
model.6.experts.2.conv.1.input_quantizer                                         TensorQuantizer(disabled)
model.6.experts.2.conv.1.output_quantizer                                        TensorQuantizer(disabled)
model.6.experts.2.conv.3.input_quantizer                                         TensorQuantizer(8 bit fake per-tensor amax=5.8502 calibrator=MaxCalibrator quant)
model.6.experts.2.conv.3.output_quantizer                                        TensorQuantizer(disabled)
model.6.experts.2.conv.3.weight_quantizer                                        TensorQuantizer(8 bit fake axis=0 amax=[0.0269, 0.1581](128) calibrator=MaxCalibrator quant)
model.6.experts.2.conv.4.input_quantizer                                         TensorQuantizer(disabled)
model.6.experts.2.conv.4.output_quantizer                                        TensorQuantizer(disabled)
model.6.experts.3.conv.0.input_quantizer                                         TensorQuantizer(8 bit fake per-tensor amax=6.7020 calibrator=MaxCalibrator quant)
model.6.experts.3.conv.0.output_quantizer                                        TensorQuantizer(disabled)
model.6.experts.3.conv.0.weight_quantizer                                        TensorQuantizer(8 bit fake axis=0 amax=[0.0272, 0.1265](256) calibrator=MaxCalibrator quant)
model.6.experts.3.conv.1.input_quantizer                                         TensorQuantizer(disabled)
model.6.experts.3.conv.1.output_quantizer                                        TensorQuantizer(disabled)
model.6.experts.3.conv.3.input_quantizer                                         TensorQuantizer(8 bit fake per-tensor amax=5.2593 calibrator=MaxCalibrator quant)
model.6.experts.3.conv.3.output_quantizer                                        TensorQuantizer(disabled)
model.6.experts.3.conv.3.weight_quantizer                                        TensorQuantizer(8 bit fake axis=0 amax=[0.0131, 0.1034](128) calibrator=MaxCalibrator quant)
model.6.experts.3.conv.4.input_quantizer                                         TensorQuantizer(disabled)
model.6.experts.3.conv.4.output_quantizer                                        TensorQuantizer(disabled)
model.6.shared_expert.0.input_quantizer                                          TensorQuantizer(8 bit fake per-tensor amax=6.7020 calibrator=MaxCalibrator quant)
model.6.shared_expert.0.output_quantizer                                         TensorQuantizer(disabled)
model.6.shared_expert.0.weight_quantizer                                         TensorQuantizer(8 bit fake axis=0 amax=[0.0363, 0.2461](128) calibrator=MaxCalibrator quant)
model.6.shared_expert.1.input_quantizer                                          TensorQuantizer(disabled)
model.6.shared_expert.1.output_quantizer                                         TensorQuantizer(disabled)
model.7.conv.input_quantizer                                                     TensorQuantizer(8 bit fake per-tensor amax=10.5712 calibrator=MaxCalibrator quant)
model.7.conv.output_quantizer                                                    TensorQuantizer(disabled)
model.7.conv.weight_quantizer                                                    TensorQuantizer(8 bit fake axis=0 amax=[0.0231, 0.1938](128) calibrator=MaxCalibrator quant)
model.7.bn.input_quantizer                                                       TensorQuantizer(disabled)
model.7.bn.output_quantizer                                                      TensorQuantizer(disabled)
model.8.cv1.conv.input_quantizer                                                 TensorQuantizer(8 bit fake per-tensor amax=15.1140 calibrator=MaxCalibrator quant)
model.8.cv1.conv.output_quantizer                                                TensorQuantizer(disabled)
model.8.cv1.conv.weight_quantizer                                                TensorQuantizer(8 bit fake axis=0 amax=[0.0670, 0.3242](64) calibrator=MaxCalibrator quant)
model.8.cv1.bn.input_quantizer                                                   TensorQuantizer(disabled)
model.8.cv1.bn.output_quantizer                                                  TensorQuantizer(disabled)
model.8.cv2.conv.input_quantizer                                                 TensorQuantizer(8 bit fake per-tensor amax=16.6392 calibrator=MaxCalibrator quant)
model.8.cv2.conv.output_quantizer                                                TensorQuantizer(disabled)
model.8.cv2.conv.weight_quantizer                                                TensorQuantizer(8 bit fake axis=0 amax=[0.0414, 0.1665](128) calibrator=MaxCalibrator quant)
model.8.cv2.bn.input_quantizer                                                   TensorQuantizer(disabled)
model.8.cv2.bn.output_quantizer                                                  TensorQuantizer(disabled)
model.8.m.0.0.attn.qkv.conv.input_quantizer                                      TensorQuantizer(8 bit fake per-tensor amax=15.1049 calibrator=MaxCalibrator quant)
model.8.m.0.0.attn.qkv.conv.output_quantizer                                     TensorQuantizer(disabled)
model.8.m.0.0.attn.qkv.conv.weight_quantizer                                     TensorQuantizer(8 bit fake axis=0 amax=[0.0154, 0.1637](192) calibrator=MaxCalibrator quant)
model.8.m.0.0.attn.qkv.bn.input_quantizer                                        TensorQuantizer(disabled)
model.8.m.0.0.attn.qkv.bn.output_quantizer                                       TensorQuantizer(disabled)
model.8.m.0.0.attn.proj.conv.input_quantizer                                     TensorQuantizer(8 bit fake per-tensor amax=14.0661 calibrator=MaxCalibrator quant)
model.8.m.0.0.attn.proj.conv.output_quantizer                                    TensorQuantizer(disabled)
model.8.m.0.0.attn.proj.conv.weight_quantizer                                    TensorQuantizer(8 bit fake axis=0 amax=[0.0420, 0.1864](64) calibrator=MaxCalibrator quant)
model.8.m.0.0.attn.proj.bn.input_quantizer                                       TensorQuantizer(disabled)
model.8.m.0.0.attn.proj.bn.output_quantizer                                      TensorQuantizer(disabled)
model.8.m.0.0.attn.pe.conv.input_quantizer                                       TensorQuantizer(8 bit fake per-tensor amax=19.2495 calibrator=MaxCalibrator quant)
model.8.m.0.0.attn.pe.conv.output_quantizer                                      TensorQuantizer(disabled)
model.8.m.0.0.attn.pe.conv.weight_quantizer                                      TensorQuantizer(8 bit fake axis=0 amax=[0.0350, 0.1998](64) calibrator=MaxCalibrator quant)
model.8.m.0.0.attn.pe.bn.input_quantizer                                         TensorQuantizer(disabled)
model.8.m.0.0.attn.pe.bn.output_quantizer                                        TensorQuantizer(disabled)
model.8.m.0.0.mlp.0.conv.input_quantizer                                         TensorQuantizer(8 bit fake per-tensor amax=14.3980 calibrator=MaxCalibrator quant)
model.8.m.0.0.mlp.0.conv.output_quantizer                                        TensorQuantizer(disabled)
model.8.m.0.0.mlp.0.conv.weight_quantizer                                        TensorQuantizer(8 bit fake axis=0 amax=[0.0325, 0.1963](128) calibrator=MaxCalibrator quant)
model.8.m.0.0.mlp.0.bn.input_quantizer                                           TensorQuantizer(disabled)
model.8.m.0.0.mlp.0.bn.output_quantizer                                          TensorQuantizer(disabled)
model.8.m.0.0.mlp.1.conv.input_quantizer                                         TensorQuantizer(8 bit fake per-tensor amax=5.0703 calibrator=MaxCalibrator quant)
model.8.m.0.0.mlp.1.conv.output_quantizer                                        TensorQuantizer(disabled)
model.8.m.0.0.mlp.1.conv.weight_quantizer                                        TensorQuantizer(8 bit fake axis=0 amax=[0.0327, 0.1064](64) calibrator=MaxCalibrator quant)
model.8.m.0.0.mlp.1.bn.input_quantizer                                           TensorQuantizer(disabled)
model.8.m.0.0.mlp.1.bn.output_quantizer                                          TensorQuantizer(disabled)
model.8.m.0.1.attn.qkv.conv.input_quantizer                                      TensorQuantizer(8 bit fake per-tensor amax=12.3052 calibrator=MaxCalibrator quant)
model.8.m.0.1.attn.qkv.conv.output_quantizer                                     TensorQuantizer(disabled)
model.8.m.0.1.attn.qkv.conv.weight_quantizer                                     TensorQuantizer(8 bit fake axis=0 amax=[0.0272, 0.1633](192) calibrator=MaxCalibrator quant)
model.8.m.0.1.attn.qkv.bn.input_quantizer                                        TensorQuantizer(disabled)
model.8.m.0.1.attn.qkv.bn.output_quantizer                                       TensorQuantizer(disabled)
model.8.m.0.1.attn.proj.conv.input_quantizer                                     TensorQuantizer(8 bit fake per-tensor amax=6.7487 calibrator=MaxCalibrator quant)
model.8.m.0.1.attn.proj.conv.output_quantizer                                    TensorQuantizer(disabled)
model.8.m.0.1.attn.proj.conv.weight_quantizer                                    TensorQuantizer(8 bit fake axis=0 amax=[0.0378, 0.1736](64) calibrator=MaxCalibrator quant)
model.8.m.0.1.attn.proj.bn.input_quantizer                                       TensorQuantizer(disabled)
model.8.m.0.1.attn.proj.bn.output_quantizer                                      TensorQuantizer(disabled)
model.8.m.0.1.attn.pe.conv.input_quantizer                                       TensorQuantizer(8 bit fake per-tensor amax=12.3330 calibrator=MaxCalibrator quant)
model.8.m.0.1.attn.pe.conv.output_quantizer                                      TensorQuantizer(disabled)
model.8.m.0.1.attn.pe.conv.weight_quantizer                                      TensorQuantizer(8 bit fake axis=0 amax=[0.0391, 0.2473](64) calibrator=MaxCalibrator quant)
model.8.m.0.1.attn.pe.bn.input_quantizer                                         TensorQuantizer(disabled)
model.8.m.0.1.attn.pe.bn.output_quantizer                                        TensorQuantizer(disabled)
model.8.m.0.1.mlp.0.conv.input_quantizer                                         TensorQuantizer(8 bit fake per-tensor amax=13.1092 calibrator=MaxCalibrator quant)
model.8.m.0.1.mlp.0.conv.output_quantizer                                        TensorQuantizer(disabled)
model.8.m.0.1.mlp.0.conv.weight_quantizer                                        TensorQuantizer(8 bit fake axis=0 amax=[0.0316, 0.1163](128) calibrator=MaxCalibrator quant)
model.8.m.0.1.mlp.0.bn.input_quantizer                                           TensorQuantizer(disabled)
model.8.m.0.1.mlp.0.bn.output_quantizer                                          TensorQuantizer(disabled)
model.8.m.0.1.mlp.1.conv.input_quantizer                                         TensorQuantizer(8 bit fake per-tensor amax=7.4644 calibrator=MaxCalibrator quant)
model.8.m.0.1.mlp.1.conv.output_quantizer                                        TensorQuantizer(disabled)
model.8.m.0.1.mlp.1.conv.weight_quantizer                                        TensorQuantizer(8 bit fake axis=0 amax=[0.0277, 0.0815](64) calibrator=MaxCalibrator quant)
model.8.m.0.1.mlp.1.bn.input_quantizer                                           TensorQuantizer(disabled)
model.8.m.0.1.mlp.1.bn.output_quantizer                                          TensorQuantizer(disabled)
model.8.m.1.0.attn.qkv.conv.input_quantizer                                      TensorQuantizer(8 bit fake per-tensor amax=16.6392 calibrator=MaxCalibrator quant)
model.8.m.1.0.attn.qkv.conv.output_quantizer                                     TensorQuantizer(disabled)
model.8.m.1.0.attn.qkv.conv.weight_quantizer                                     TensorQuantizer(8 bit fake axis=0 amax=[0.0160, 0.1000](192) calibrator=MaxCalibrator quant)
model.8.m.1.0.attn.qkv.bn.input_quantizer                                        TensorQuantizer(disabled)
model.8.m.1.0.attn.qkv.bn.output_quantizer                                       TensorQuantizer(disabled)
model.8.m.1.0.attn.proj.conv.input_quantizer                                     TensorQuantizer(8 bit fake per-tensor amax=9.1645 calibrator=MaxCalibrator quant)
model.8.m.1.0.attn.proj.conv.output_quantizer                                    TensorQuantizer(disabled)
model.8.m.1.0.attn.proj.conv.weight_quantizer                                    TensorQuantizer(8 bit fake axis=0 amax=[0.0390, 0.0896](64) calibrator=MaxCalibrator quant)
model.8.m.1.0.attn.proj.bn.input_quantizer                                       TensorQuantizer(disabled)
model.8.m.1.0.attn.proj.bn.output_quantizer                                      TensorQuantizer(disabled)
model.8.m.1.0.attn.pe.conv.input_quantizer                                       TensorQuantizer(8 bit fake per-tensor amax=18.1771 calibrator=MaxCalibrator quant)
model.8.m.1.0.attn.pe.conv.output_quantizer                                      TensorQuantizer(disabled)
model.8.m.1.0.attn.pe.conv.weight_quantizer                                      TensorQuantizer(8 bit fake axis=0 amax=[0.0354, 0.1677](64) calibrator=MaxCalibrator quant)
model.8.m.1.0.attn.pe.bn.input_quantizer                                         TensorQuantizer(disabled)
model.8.m.1.0.attn.pe.bn.output_quantizer                                        TensorQuantizer(disabled)
model.8.m.1.0.mlp.0.conv.input_quantizer                                         TensorQuantizer(8 bit fake per-tensor amax=13.5099 calibrator=MaxCalibrator quant)
model.8.m.1.0.mlp.0.conv.output_quantizer                                        TensorQuantizer(disabled)
model.8.m.1.0.mlp.0.conv.weight_quantizer                                        TensorQuantizer(8 bit fake axis=0 amax=[0.0292, 0.1162](128) calibrator=MaxCalibrator quant)
model.8.m.1.0.mlp.0.bn.input_quantizer                                           TensorQuantizer(disabled)
model.8.m.1.0.mlp.0.bn.output_quantizer                                          TensorQuantizer(disabled)
model.8.m.1.0.mlp.1.conv.input_quantizer                                         TensorQuantizer(8 bit fake per-tensor amax=8.6717 calibrator=MaxCalibrator quant)
model.8.m.1.0.mlp.1.conv.output_quantizer                                        TensorQuantizer(disabled)
model.8.m.1.0.mlp.1.conv.weight_quantizer                                        TensorQuantizer(8 bit fake axis=0 amax=[0.0265, 0.0769](64) calibrator=MaxCalibrator quant)
model.8.m.1.0.mlp.1.bn.input_quantizer                                           TensorQuantizer(disabled)
model.8.m.1.0.mlp.1.bn.output_quantizer                                          TensorQuantizer(disabled)
model.8.m.1.1.attn.qkv.conv.input_quantizer                                      TensorQuantizer(8 bit fake per-tensor amax=14.2964 calibrator=MaxCalibrator quant)
model.8.m.1.1.attn.qkv.conv.output_quantizer                                     TensorQuantizer(disabled)
model.8.m.1.1.attn.qkv.conv.weight_quantizer                                     TensorQuantizer(8 bit fake axis=0 amax=[0.0126, 0.1532](192) calibrator=MaxCalibrator quant)
model.8.m.1.1.attn.qkv.bn.input_quantizer                                        TensorQuantizer(disabled)
model.8.m.1.1.attn.qkv.bn.output_quantizer                                       TensorQuantizer(disabled)
model.8.m.1.1.attn.proj.conv.input_quantizer                                     TensorQuantizer(8 bit fake per-tensor amax=10.1279 calibrator=MaxCalibrator quant)
model.8.m.1.1.attn.proj.conv.output_quantizer                                    TensorQuantizer(disabled)
model.8.m.1.1.attn.proj.conv.weight_quantizer                                    TensorQuantizer(8 bit fake axis=0 amax=[0.0405, 0.1500](64) calibrator=MaxCalibrator quant)
model.8.m.1.1.attn.proj.bn.input_quantizer                                       TensorQuantizer(disabled)
model.8.m.1.1.attn.proj.bn.output_quantizer                                      TensorQuantizer(disabled)
model.8.m.1.1.attn.pe.conv.input_quantizer                                       TensorQuantizer(8 bit fake per-tensor amax=14.6148 calibrator=MaxCalibrator quant)
model.8.m.1.1.attn.pe.conv.output_quantizer                                      TensorQuantizer(disabled)
model.8.m.1.1.attn.pe.conv.weight_quantizer                                      TensorQuantizer(8 bit fake axis=0 amax=[0.0475, 0.1644](64) calibrator=MaxCalibrator quant)
model.8.m.1.1.attn.pe.bn.input_quantizer                                         TensorQuantizer(disabled)
model.8.m.1.1.attn.pe.bn.output_quantizer                                        TensorQuantizer(disabled)
model.8.m.1.1.mlp.0.conv.input_quantizer                                         TensorQuantizer(8 bit fake per-tensor amax=16.2391 calibrator=MaxCalibrator quant)
model.8.m.1.1.mlp.0.conv.output_quantizer                                        TensorQuantizer(disabled)
model.8.m.1.1.mlp.0.conv.weight_quantizer                                        TensorQuantizer(8 bit fake axis=0 amax=[0.0289, 0.1234](128) calibrator=MaxCalibrator quant)
model.8.m.1.1.mlp.0.bn.input_quantizer                                           TensorQuantizer(disabled)
model.8.m.1.1.mlp.0.bn.output_quantizer                                          TensorQuantizer(disabled)
model.8.m.1.1.mlp.1.conv.input_quantizer                                         TensorQuantizer(8 bit fake per-tensor amax=6.4060 calibrator=MaxCalibrator quant)
model.8.m.1.1.mlp.1.conv.output_quantizer                                        TensorQuantizer(disabled)
model.8.m.1.1.mlp.1.conv.weight_quantizer                                        TensorQuantizer(8 bit fake axis=0 amax=[0.0259, 0.0651](64) calibrator=MaxCalibrator quant)
model.8.m.1.1.mlp.1.bn.input_quantizer                                           TensorQuantizer(disabled)
model.8.m.1.1.mlp.1.bn.output_quantizer                                          TensorQuantizer(disabled)
model.9.routing.router.0.input_quantizer                                         TensorQuantizer(disabled)
model.9.routing.router.0.output_quantizer                                        TensorQuantizer(disabled)
model.9.routing.router.0.weight_quantizer                                        TensorQuantizer(disabled)
model.9.routing.router.1.input_quantizer                                         TensorQuantizer(disabled)
model.9.routing.router.1.output_quantizer                                        TensorQuantizer(disabled)
model.9.routing.router.3.input_quantizer                                         TensorQuantizer(disabled)
model.9.routing.router.3.output_quantizer                                        TensorQuantizer(disabled)
model.9.routing.router.3.weight_quantizer                                        TensorQuantizer(disabled)
model.9.routing.router.4.input_quantizer                                         TensorQuantizer(disabled)
model.9.routing.router.4.output_quantizer                                        TensorQuantizer(disabled)
model.9.experts.0.conv.0.input_quantizer                                         TensorQuantizer(8 bit fake per-tensor amax=13.5540 calibrator=MaxCalibrator quant)
model.9.experts.0.conv.0.output_quantizer                                        TensorQuantizer(disabled)
model.9.experts.0.conv.0.weight_quantizer                                        TensorQuantizer(8 bit fake axis=0 amax=[0.0000, 0.0008](256) calibrator=MaxCalibrator quant)
model.9.experts.0.conv.1.input_quantizer                                         TensorQuantizer(disabled)
model.9.experts.0.conv.1.output_quantizer                                        TensorQuantizer(disabled)
model.9.experts.0.conv.3.input_quantizer                                         TensorQuantizer(8 bit fake per-tensor amax=0.2080 calibrator=MaxCalibrator quant)
model.9.experts.0.conv.3.output_quantizer                                        TensorQuantizer(disabled)
model.9.experts.0.conv.3.weight_quantizer                                        TensorQuantizer(8 bit fake axis=0 amax=[0.0001, 0.0013](128) calibrator=MaxCalibrator quant)
model.9.experts.0.conv.4.input_quantizer                                         TensorQuantizer(disabled)
model.9.experts.0.conv.4.output_quantizer                                        TensorQuantizer(disabled)
model.9.experts.1.conv.0.input_quantizer                                         TensorQuantizer(8 bit fake per-tensor amax=13.5540 calibrator=MaxCalibrator quant)
model.9.experts.1.conv.0.output_quantizer                                        TensorQuantizer(disabled)
model.9.experts.1.conv.0.weight_quantizer                                        TensorQuantizer(8 bit fake axis=0 amax=[0.0001, 0.0060](256) calibrator=MaxCalibrator quant)
model.9.experts.1.conv.1.input_quantizer                                         TensorQuantizer(disabled)
model.9.experts.1.conv.1.output_quantizer                                        TensorQuantizer(disabled)
model.9.experts.1.conv.3.input_quantizer                                         TensorQuantizer(8 bit fake per-tensor amax=3.0942 calibrator=MaxCalibrator quant)
model.9.experts.1.conv.3.output_quantizer                                        TensorQuantizer(disabled)
model.9.experts.1.conv.3.weight_quantizer                                        TensorQuantizer(8 bit fake axis=0 amax=[0.0011, 0.0066](128) calibrator=MaxCalibrator quant)
model.9.experts.1.conv.4.input_quantizer                                         TensorQuantizer(disabled)
model.9.experts.1.conv.4.output_quantizer                                        TensorQuantizer(disabled)
model.9.experts.2.conv.0.input_quantizer                                         TensorQuantizer(8 bit fake per-tensor amax=13.5540 calibrator=MaxCalibrator quant)
model.9.experts.2.conv.0.output_quantizer                                        TensorQuantizer(disabled)
model.9.experts.2.conv.0.weight_quantizer                                        TensorQuantizer(8 bit fake axis=0 amax=[0.0293, 0.1188](256) calibrator=MaxCalibrator quant)
model.9.experts.2.conv.1.input_quantizer                                         TensorQuantizer(disabled)
model.9.experts.2.conv.1.output_quantizer                                        TensorQuantizer(disabled)
model.9.experts.2.conv.3.input_quantizer                                         TensorQuantizer(8 bit fake per-tensor amax=6.0940 calibrator=MaxCalibrator quant)
model.9.experts.2.conv.3.output_quantizer                                        TensorQuantizer(disabled)
model.9.experts.2.conv.3.weight_quantizer                                        TensorQuantizer(8 bit fake axis=0 amax=[0.0001, 0.1089](128) calibrator=MaxCalibrator quant)
model.9.experts.2.conv.4.input_quantizer                                         TensorQuantizer(disabled)
model.9.experts.2.conv.4.output_quantizer                                        TensorQuantizer(disabled)
model.9.experts.3.conv.0.input_quantizer                                         TensorQuantizer(8 bit fake per-tensor amax=13.5540 calibrator=MaxCalibrator quant)
model.9.experts.3.conv.0.output_quantizer                                        TensorQuantizer(disabled)
model.9.experts.3.conv.0.weight_quantizer                                        TensorQuantizer(8 bit fake axis=0 amax=[0.0000, 0.0005](256) calibrator=MaxCalibrator quant)
model.9.experts.3.conv.1.input_quantizer                                         TensorQuantizer(disabled)
model.9.experts.3.conv.1.output_quantizer                                        TensorQuantizer(disabled)
model.9.experts.3.conv.3.input_quantizer                                         TensorQuantizer(8 bit fake per-tensor amax=0.1797 calibrator=MaxCalibrator quant)
model.9.experts.3.conv.3.output_quantizer                                        TensorQuantizer(disabled)
model.9.experts.3.conv.3.weight_quantizer                                        TensorQuantizer(8 bit fake axis=0 amax=[0.0000, 0.0008](128) calibrator=MaxCalibrator quant)
model.9.experts.3.conv.4.input_quantizer                                         TensorQuantizer(disabled)
model.9.experts.3.conv.4.output_quantizer                                        TensorQuantizer(disabled)
model.9.experts.4.conv.0.input_quantizer                                         TensorQuantizer(8 bit fake per-tensor amax=13.5540 calibrator=MaxCalibrator quant)
model.9.experts.4.conv.0.output_quantizer                                        TensorQuantizer(disabled)
model.9.experts.4.conv.0.weight_quantizer                                        TensorQuantizer(8 bit fake axis=0 amax=[0.0276, 0.0589](256) calibrator=MaxCalibrator quant)
model.9.experts.4.conv.1.input_quantizer                                         TensorQuantizer(disabled)
model.9.experts.4.conv.1.output_quantizer                                        TensorQuantizer(disabled)
model.9.experts.4.conv.3.input_quantizer                                         TensorQuantizer(8 bit fake per-tensor amax=8.6040 calibrator=MaxCalibrator quant)
model.9.experts.4.conv.3.output_quantizer                                        TensorQuantizer(disabled)
model.9.experts.4.conv.3.weight_quantizer                                        TensorQuantizer(8 bit fake axis=0 amax=[0.0094, 0.0915](128) calibrator=MaxCalibrator quant)
model.9.experts.4.conv.4.input_quantizer                                         TensorQuantizer(disabled)
model.9.experts.4.conv.4.output_quantizer                                        TensorQuantizer(disabled)
model.9.experts.5.conv.0.input_quantizer                                         TensorQuantizer(8 bit fake per-tensor amax=13.5540 calibrator=MaxCalibrator quant)
model.9.experts.5.conv.0.output_quantizer                                        TensorQuantizer(disabled)
model.9.experts.5.conv.0.weight_quantizer                                        TensorQuantizer(8 bit fake axis=0 amax=[0.0000, 0.0011](256) calibrator=MaxCalibrator quant)
model.9.experts.5.conv.1.input_quantizer                                         TensorQuantizer(disabled)
model.9.experts.5.conv.1.output_quantizer                                        TensorQuantizer(disabled)
model.9.experts.5.conv.3.input_quantizer                                         TensorQuantizer(8 bit fake per-tensor amax=0.1941 calibrator=MaxCalibrator quant)
model.9.experts.5.conv.3.output_quantizer                                        TensorQuantizer(disabled)
model.9.experts.5.conv.3.weight_quantizer                                        TensorQuantizer(8 bit fake axis=0 amax=[0.0000, 0.0014](128) calibrator=MaxCalibrator quant)
model.9.experts.5.conv.4.input_quantizer                                         TensorQuantizer(disabled)
model.9.experts.5.conv.4.output_quantizer                                        TensorQuantizer(disabled)
model.9.experts.6.conv.0.input_quantizer                                         TensorQuantizer(8 bit fake per-tensor amax=13.5540 calibrator=MaxCalibrator quant)
model.9.experts.6.conv.0.output_quantizer                                        TensorQuantizer(disabled)
model.9.experts.6.conv.0.weight_quantizer                                        TensorQuantizer(8 bit fake axis=0 amax=[0.0006, 0.0123](256) calibrator=MaxCalibrator quant)
model.9.experts.6.conv.1.input_quantizer                                         TensorQuantizer(disabled)
model.9.experts.6.conv.1.output_quantizer                                        TensorQuantizer(disabled)
model.9.experts.6.conv.3.input_quantizer                                         TensorQuantizer(8 bit fake per-tensor amax=4.3740 calibrator=MaxCalibrator quant)
model.9.experts.6.conv.3.output_quantizer                                        TensorQuantizer(disabled)
model.9.experts.6.conv.3.weight_quantizer                                        TensorQuantizer(8 bit fake axis=0 amax=[0.0020, 0.0130](128) calibrator=MaxCalibrator quant)
model.9.experts.6.conv.4.input_quantizer                                         TensorQuantizer(disabled)
model.9.experts.6.conv.4.output_quantizer                                        TensorQuantizer(disabled)
model.9.experts.7.conv.0.input_quantizer                                         TensorQuantizer(8 bit fake per-tensor amax=13.5540 calibrator=MaxCalibrator quant)
model.9.experts.7.conv.0.output_quantizer                                        TensorQuantizer(disabled)
model.9.experts.7.conv.0.weight_quantizer                                        TensorQuantizer(8 bit fake axis=0 amax=[0.0000, 0.0004](256) calibrator=MaxCalibrator quant)
model.9.experts.7.conv.1.input_quantizer                                         TensorQuantizer(disabled)
model.9.experts.7.conv.1.output_quantizer                                        TensorQuantizer(disabled)
model.9.experts.7.conv.3.input_quantizer                                         TensorQuantizer(8 bit fake per-tensor amax=0.1037 calibrator=MaxCalibrator quant)
model.9.experts.7.conv.3.output_quantizer                                        TensorQuantizer(disabled)
model.9.experts.7.conv.3.weight_quantizer                                        TensorQuantizer(8 bit fake axis=0 amax=[0.0000, 0.0004](128) calibrator=MaxCalibrator quant)
model.9.experts.7.conv.4.input_quantizer                                         TensorQuantizer(disabled)
model.9.experts.7.conv.4.output_quantizer                                        TensorQuantizer(disabled)
model.9.shared_expert.0.input_quantizer                                          TensorQuantizer(8 bit fake per-tensor amax=13.5540 calibrator=MaxCalibrator quant)
model.9.shared_expert.0.output_quantizer                                         TensorQuantizer(disabled)
model.9.shared_expert.0.weight_quantizer                                         TensorQuantizer(8 bit fake axis=0 amax=[0.0336, 0.1924](128) calibrator=MaxCalibrator quant)
model.9.shared_expert.1.input_quantizer                                          TensorQuantizer(disabled)
model.9.shared_expert.1.output_quantizer                                         TensorQuantizer(disabled)
model.10.conv.input_quantizer                                                    TensorQuantizer(8 bit fake per-tensor amax=12.8631 calibrator=MaxCalibrator quant)
model.10.conv.output_quantizer                                                   TensorQuantizer(disabled)
model.10.conv.weight_quantizer                                                   TensorQuantizer(8 bit fake axis=0 amax=[0.0194, 0.0878](256) calibrator=MaxCalibrator quant)
model.10.bn.input_quantizer                                                      TensorQuantizer(disabled)
model.10.bn.output_quantizer                                                     TensorQuantizer(disabled)
model.11.cv1.conv.input_quantizer                                                TensorQuantizer(8 bit fake per-tensor amax=14.1478 calibrator=MaxCalibrator quant)
model.11.cv1.conv.output_quantizer                                               TensorQuantizer(disabled)
model.11.cv1.conv.weight_quantizer                                               TensorQuantizer(8 bit fake axis=0 amax=[0.0370, 0.1918](128) calibrator=MaxCalibrator quant)
model.11.cv1.bn.input_quantizer                                                  TensorQuantizer(disabled)
model.11.cv1.bn.output_quantizer                                                 TensorQuantizer(disabled)
model.11.cv2.conv.input_quantizer                                                TensorQuantizer(8 bit fake per-tensor amax=24.1456 calibrator=MaxCalibrator quant)
model.11.cv2.conv.output_quantizer                                               TensorQuantizer(disabled)
model.11.cv2.conv.weight_quantizer                                               TensorQuantizer(8 bit fake axis=0 amax=[0.0303, 0.1215](256) calibrator=MaxCalibrator quant)
model.11.cv2.bn.input_quantizer                                                  TensorQuantizer(disabled)
model.11.cv2.bn.output_quantizer                                                 TensorQuantizer(disabled)
model.11.m.0.0.attn.qkv.conv.input_quantizer                                     TensorQuantizer(8 bit fake per-tensor amax=22.1704 calibrator=MaxCalibrator quant)
model.11.m.0.0.attn.qkv.conv.output_quantizer                                    TensorQuantizer(disabled)
model.11.m.0.0.attn.qkv.conv.weight_quantizer                                    TensorQuantizer(8 bit fake axis=0 amax=[0.0044, 0.2137](384) calibrator=MaxCalibrator quant)
model.11.m.0.0.attn.qkv.bn.input_quantizer                                       TensorQuantizer(disabled)
model.11.m.0.0.attn.qkv.bn.output_quantizer                                      TensorQuantizer(disabled)
model.11.m.0.0.attn.proj.conv.input_quantizer                                    TensorQuantizer(8 bit fake per-tensor amax=12.6507 calibrator=MaxCalibrator quant)
model.11.m.0.0.attn.proj.conv.output_quantizer                                   TensorQuantizer(disabled)
model.11.m.0.0.attn.proj.conv.weight_quantizer                                   TensorQuantizer(8 bit fake axis=0 amax=[0.0223, 0.2014](128) calibrator=MaxCalibrator quant)
model.11.m.0.0.attn.proj.bn.input_quantizer                                      TensorQuantizer(disabled)
model.11.m.0.0.attn.proj.bn.output_quantizer                                     TensorQuantizer(disabled)
model.11.m.0.0.attn.pe.conv.input_quantizer                                      TensorQuantizer(8 bit fake per-tensor amax=12.2930 calibrator=MaxCalibrator quant)
model.11.m.0.0.attn.pe.conv.output_quantizer                                     TensorQuantizer(disabled)
model.11.m.0.0.attn.pe.conv.weight_quantizer                                     TensorQuantizer(8 bit fake axis=0 amax=[0.0336, 0.1431](128) calibrator=MaxCalibrator quant)
model.11.m.0.0.attn.pe.bn.input_quantizer                                        TensorQuantizer(disabled)
model.11.m.0.0.attn.pe.bn.output_quantizer                                       TensorQuantizer(disabled)
model.11.m.0.0.mlp.0.conv.input_quantizer                                        TensorQuantizer(8 bit fake per-tensor amax=19.0464 calibrator=MaxCalibrator quant)
model.11.m.0.0.mlp.0.conv.output_quantizer                                       TensorQuantizer(disabled)
model.11.m.0.0.mlp.0.conv.weight_quantizer                                       TensorQuantizer(8 bit fake axis=0 amax=[0.0243, 0.1610](256) calibrator=MaxCalibrator quant)
model.11.m.0.0.mlp.0.bn.input_quantizer                                          TensorQuantizer(disabled)
model.11.m.0.0.mlp.0.bn.output_quantizer                                         TensorQuantizer(disabled)
model.11.m.0.0.mlp.1.conv.input_quantizer                                        TensorQuantizer(8 bit fake per-tensor amax=9.6808 calibrator=MaxCalibrator quant)
model.11.m.0.0.mlp.1.conv.output_quantizer                                       TensorQuantizer(disabled)
model.11.m.0.0.mlp.1.conv.weight_quantizer                                       TensorQuantizer(8 bit fake axis=0 amax=[0.0241, 0.1135](128) calibrator=MaxCalibrator quant)
model.11.m.0.0.mlp.1.bn.input_quantizer                                          TensorQuantizer(disabled)
model.11.m.0.0.mlp.1.bn.output_quantizer                                         TensorQuantizer(disabled)
model.11.m.0.1.attn.qkv.conv.input_quantizer                                     TensorQuantizer(8 bit fake per-tensor amax=19.7833 calibrator=MaxCalibrator quant)
model.11.m.0.1.attn.qkv.conv.output_quantizer                                    TensorQuantizer(disabled)
model.11.m.0.1.attn.qkv.conv.weight_quantizer                                    TensorQuantizer(8 bit fake axis=0 amax=[0.0145, 0.1578](384) calibrator=MaxCalibrator quant)
model.11.m.0.1.attn.qkv.bn.input_quantizer                                       TensorQuantizer(disabled)
model.11.m.0.1.attn.qkv.bn.output_quantizer                                      TensorQuantizer(disabled)
model.11.m.0.1.attn.proj.conv.input_quantizer                                    TensorQuantizer(8 bit fake per-tensor amax=10.4338 calibrator=MaxCalibrator quant)
model.11.m.0.1.attn.proj.conv.output_quantizer                                   TensorQuantizer(disabled)
model.11.m.0.1.attn.proj.conv.weight_quantizer                                   TensorQuantizer(8 bit fake axis=0 amax=[0.0280, 0.1306](128) calibrator=MaxCalibrator quant)
model.11.m.0.1.attn.proj.bn.input_quantizer                                      TensorQuantizer(disabled)
model.11.m.0.1.attn.proj.bn.output_quantizer                                     TensorQuantizer(disabled)
model.11.m.0.1.attn.pe.conv.input_quantizer                                      TensorQuantizer(8 bit fake per-tensor amax=14.8943 calibrator=MaxCalibrator quant)
model.11.m.0.1.attn.pe.conv.output_quantizer                                     TensorQuantizer(disabled)
model.11.m.0.1.attn.pe.conv.weight_quantizer                                     TensorQuantizer(8 bit fake axis=0 amax=[0.0259, 0.1549](128) calibrator=MaxCalibrator quant)
model.11.m.0.1.attn.pe.bn.input_quantizer                                        TensorQuantizer(disabled)
model.11.m.0.1.attn.pe.bn.output_quantizer                                       TensorQuantizer(disabled)
model.11.m.0.1.mlp.0.conv.input_quantizer                                        TensorQuantizer(8 bit fake per-tensor amax=18.9781 calibrator=MaxCalibrator quant)
model.11.m.0.1.mlp.0.conv.output_quantizer                                       TensorQuantizer(disabled)
model.11.m.0.1.mlp.0.conv.weight_quantizer                                       TensorQuantizer(8 bit fake axis=0 amax=[0.0255, 0.1151](256) calibrator=MaxCalibrator quant)
model.11.m.0.1.mlp.0.bn.input_quantizer                                          TensorQuantizer(disabled)
model.11.m.0.1.mlp.0.bn.output_quantizer                                         TensorQuantizer(disabled)
model.11.m.0.1.mlp.1.conv.input_quantizer                                        TensorQuantizer(8 bit fake per-tensor amax=12.7572 calibrator=MaxCalibrator quant)
model.11.m.0.1.mlp.1.conv.output_quantizer                                       TensorQuantizer(disabled)
model.11.m.0.1.mlp.1.conv.weight_quantizer                                       TensorQuantizer(8 bit fake axis=0 amax=[0.0252, 0.1167](128) calibrator=MaxCalibrator quant)
model.11.m.0.1.mlp.1.bn.input_quantizer                                          TensorQuantizer(disabled)
model.11.m.0.1.mlp.1.bn.output_quantizer                                         TensorQuantizer(disabled)
model.11.m.1.0.attn.qkv.conv.input_quantizer                                     TensorQuantizer(8 bit fake per-tensor amax=23.9245 calibrator=MaxCalibrator quant)
model.11.m.1.0.attn.qkv.conv.output_quantizer                                    TensorQuantizer(disabled)
model.11.m.1.0.attn.qkv.conv.weight_quantizer                                    TensorQuantizer(8 bit fake axis=0 amax=[0.0146, 0.0869](384) calibrator=MaxCalibrator quant)
model.11.m.1.0.attn.qkv.bn.input_quantizer                                       TensorQuantizer(disabled)
model.11.m.1.0.attn.qkv.bn.output_quantizer                                      TensorQuantizer(disabled)
model.11.m.1.0.attn.proj.conv.input_quantizer                                    TensorQuantizer(8 bit fake per-tensor amax=8.0184 calibrator=MaxCalibrator quant)
model.11.m.1.0.attn.proj.conv.output_quantizer                                   TensorQuantizer(disabled)
model.11.m.1.0.attn.proj.conv.weight_quantizer                                   TensorQuantizer(8 bit fake axis=0 amax=[0.0245, 0.1179](128) calibrator=MaxCalibrator quant)
model.11.m.1.0.attn.proj.bn.input_quantizer                                      TensorQuantizer(disabled)
model.11.m.1.0.attn.proj.bn.output_quantizer                                     TensorQuantizer(disabled)
model.11.m.1.0.attn.pe.conv.input_quantizer                                      TensorQuantizer(8 bit fake per-tensor amax=11.2542 calibrator=MaxCalibrator quant)
model.11.m.1.0.attn.pe.conv.output_quantizer                                     TensorQuantizer(disabled)
model.11.m.1.0.attn.pe.conv.weight_quantizer                                     TensorQuantizer(8 bit fake axis=0 amax=[0.0152, 0.1383](128) calibrator=MaxCalibrator quant)
model.11.m.1.0.attn.pe.bn.input_quantizer                                        TensorQuantizer(disabled)
model.11.m.1.0.attn.pe.bn.output_quantizer                                       TensorQuantizer(disabled)
model.11.m.1.0.mlp.0.conv.input_quantizer                                        TensorQuantizer(8 bit fake per-tensor amax=26.3431 calibrator=MaxCalibrator quant)
model.11.m.1.0.mlp.0.conv.output_quantizer                                       TensorQuantizer(disabled)
model.11.m.1.0.mlp.0.conv.weight_quantizer                                       TensorQuantizer(8 bit fake axis=0 amax=[0.0209, 0.1963](256) calibrator=MaxCalibrator quant)
model.11.m.1.0.mlp.0.bn.input_quantizer                                          TensorQuantizer(disabled)
model.11.m.1.0.mlp.0.bn.output_quantizer                                         TensorQuantizer(disabled)
model.11.m.1.0.mlp.1.conv.input_quantizer                                        TensorQuantizer(8 bit fake per-tensor amax=9.3957 calibrator=MaxCalibrator quant)
model.11.m.1.0.mlp.1.conv.output_quantizer                                       TensorQuantizer(disabled)
model.11.m.1.0.mlp.1.conv.weight_quantizer                                       TensorQuantizer(8 bit fake axis=0 amax=[0.0229, 0.1166](128) calibrator=MaxCalibrator quant)
model.11.m.1.0.mlp.1.bn.input_quantizer                                          TensorQuantizer(disabled)
model.11.m.1.0.mlp.1.bn.output_quantizer                                         TensorQuantizer(disabled)
model.11.m.1.1.attn.qkv.conv.input_quantizer                                     TensorQuantizer(8 bit fake per-tensor amax=23.4438 calibrator=MaxCalibrator quant)
model.11.m.1.1.attn.qkv.conv.output_quantizer                                    TensorQuantizer(disabled)
model.11.m.1.1.attn.qkv.conv.weight_quantizer                                    TensorQuantizer(8 bit fake axis=0 amax=[0.0166, 0.0853](384) calibrator=MaxCalibrator quant)
model.11.m.1.1.attn.qkv.bn.input_quantizer                                       TensorQuantizer(disabled)
model.11.m.1.1.attn.qkv.bn.output_quantizer                                      TensorQuantizer(disabled)
model.11.m.1.1.attn.proj.conv.input_quantizer                                    TensorQuantizer(8 bit fake per-tensor amax=7.0120 calibrator=MaxCalibrator quant)
model.11.m.1.1.attn.proj.conv.output_quantizer                                   TensorQuantizer(disabled)
model.11.m.1.1.attn.proj.conv.weight_quantizer                                   TensorQuantizer(8 bit fake axis=0 amax=[0.0320, 0.0786](128) calibrator=MaxCalibrator quant)
model.11.m.1.1.attn.proj.bn.input_quantizer                                      TensorQuantizer(disabled)
model.11.m.1.1.attn.proj.bn.output_quantizer                                     TensorQuantizer(disabled)
model.11.m.1.1.attn.pe.conv.input_quantizer                                      TensorQuantizer(8 bit fake per-tensor amax=12.6192 calibrator=MaxCalibrator quant)
model.11.m.1.1.attn.pe.conv.output_quantizer                                     TensorQuantizer(disabled)
model.11.m.1.1.attn.pe.conv.weight_quantizer                                     TensorQuantizer(8 bit fake axis=0 amax=[0.0137, 0.1464](128) calibrator=MaxCalibrator quant)
model.11.m.1.1.attn.pe.bn.input_quantizer                                        TensorQuantizer(disabled)
model.11.m.1.1.attn.pe.bn.output_quantizer                                       TensorQuantizer(disabled)
model.11.m.1.1.mlp.0.conv.input_quantizer                                        TensorQuantizer(8 bit fake per-tensor amax=25.0486 calibrator=MaxCalibrator quant)
model.11.m.1.1.mlp.0.conv.output_quantizer                                       TensorQuantizer(disabled)
model.11.m.1.1.mlp.0.conv.weight_quantizer                                       TensorQuantizer(8 bit fake axis=0 amax=[0.0228, 0.0696](256) calibrator=MaxCalibrator quant)
model.11.m.1.1.mlp.0.bn.input_quantizer                                          TensorQuantizer(disabled)
model.11.m.1.1.mlp.0.bn.output_quantizer                                         TensorQuantizer(disabled)
model.11.m.1.1.mlp.1.conv.input_quantizer                                        TensorQuantizer(8 bit fake per-tensor amax=8.7691 calibrator=MaxCalibrator quant)
model.11.m.1.1.mlp.1.conv.output_quantizer                                       TensorQuantizer(disabled)
model.11.m.1.1.mlp.1.conv.weight_quantizer                                       TensorQuantizer(8 bit fake axis=0 amax=[0.0188, 0.0609](128) calibrator=MaxCalibrator quant)
model.11.m.1.1.mlp.1.bn.input_quantizer                                          TensorQuantizer(disabled)
model.11.m.1.1.mlp.1.bn.output_quantizer                                         TensorQuantizer(disabled)
model.12.routing.router.0.input_quantizer                                        TensorQuantizer(disabled)
model.12.routing.router.0.output_quantizer                                       TensorQuantizer(disabled)
model.12.routing.router.0.weight_quantizer                                       TensorQuantizer(disabled)
model.12.routing.router.1.input_quantizer                                        TensorQuantizer(disabled)
model.12.routing.router.1.output_quantizer                                       TensorQuantizer(disabled)
model.12.routing.router.3.input_quantizer                                        TensorQuantizer(disabled)
model.12.routing.router.3.output_quantizer                                       TensorQuantizer(disabled)
model.12.routing.router.3.weight_quantizer                                       TensorQuantizer(disabled)
model.12.routing.router.4.input_quantizer                                        TensorQuantizer(disabled)
model.12.routing.router.4.output_quantizer                                       TensorQuantizer(disabled)
model.12.experts.0.conv.0.input_quantizer                                        TensorQuantizer(8 bit fake per-tensor amax=12.6644 calibrator=MaxCalibrator quant)
model.12.experts.0.conv.0.output_quantizer                                       TensorQuantizer(disabled)
model.12.experts.0.conv.0.weight_quantizer                                       TensorQuantizer(8 bit fake axis=0 amax=[0.0052, 0.0117](512) calibrator=MaxCalibrator quant)
model.12.experts.0.conv.1.input_quantizer                                        TensorQuantizer(disabled)
model.12.experts.0.conv.1.output_quantizer                                       TensorQuantizer(disabled)
model.12.experts.0.conv.3.input_quantizer                                        TensorQuantizer(8 bit fake per-tensor amax=4.3559 calibrator=MaxCalibrator quant)
model.12.experts.0.conv.3.output_quantizer                                       TensorQuantizer(disabled)
model.12.experts.0.conv.3.weight_quantizer                                       TensorQuantizer(8 bit fake axis=0 amax=[0.0061, 0.0119](256) calibrator=MaxCalibrator quant)
model.12.experts.0.conv.4.input_quantizer                                        TensorQuantizer(disabled)
model.12.experts.0.conv.4.output_quantizer                                       TensorQuantizer(disabled)
model.12.experts.1.conv.0.input_quantizer                                        TensorQuantizer(8 bit fake per-tensor amax=12.6644 calibrator=MaxCalibrator quant)
model.12.experts.1.conv.0.output_quantizer                                       TensorQuantizer(disabled)
model.12.experts.1.conv.0.weight_quantizer                                       TensorQuantizer(8 bit fake axis=0 amax=[0.0200, 0.0413](512) calibrator=MaxCalibrator quant)
model.12.experts.1.conv.1.input_quantizer                                        TensorQuantizer(disabled)
model.12.experts.1.conv.1.output_quantizer                                       TensorQuantizer(disabled)
model.12.experts.1.conv.3.input_quantizer                                        TensorQuantizer(8 bit fake per-tensor amax=7.8691 calibrator=MaxCalibrator quant)
model.12.experts.1.conv.3.output_quantizer                                       TensorQuantizer(disabled)
model.12.experts.1.conv.3.weight_quantizer                                       TensorQuantizer(8 bit fake axis=0 amax=[0.0315, 0.0671](256) calibrator=MaxCalibrator quant)
model.12.experts.1.conv.4.input_quantizer                                        TensorQuantizer(disabled)
model.12.experts.1.conv.4.output_quantizer                                       TensorQuantizer(disabled)
model.12.experts.2.conv.0.input_quantizer                                        TensorQuantizer(8 bit fake per-tensor amax=12.6644 calibrator=MaxCalibrator quant)
model.12.experts.2.conv.0.output_quantizer                                       TensorQuantizer(disabled)
model.12.experts.2.conv.0.weight_quantizer                                       TensorQuantizer(8 bit fake axis=0 amax=[0.0183, 0.0374](512) calibrator=MaxCalibrator quant)
model.12.experts.2.conv.1.input_quantizer                                        TensorQuantizer(disabled)
model.12.experts.2.conv.1.output_quantizer                                       TensorQuantizer(disabled)
model.12.experts.2.conv.3.input_quantizer                                        TensorQuantizer(8 bit fake per-tensor amax=7.3543 calibrator=MaxCalibrator quant)
model.12.experts.2.conv.3.output_quantizer                                       TensorQuantizer(disabled)
model.12.experts.2.conv.3.weight_quantizer                                       TensorQuantizer(8 bit fake axis=0 amax=[0.0314, 0.0546](256) calibrator=MaxCalibrator quant)
model.12.experts.2.conv.4.input_quantizer                                        TensorQuantizer(disabled)
model.12.experts.2.conv.4.output_quantizer                                       TensorQuantizer(disabled)
model.12.experts.3.conv.0.input_quantizer                                        TensorQuantizer(8 bit fake per-tensor amax=12.6644 calibrator=MaxCalibrator quant)
model.12.experts.3.conv.0.output_quantizer                                       TensorQuantizer(disabled)
model.12.experts.3.conv.0.weight_quantizer                                       TensorQuantizer(8 bit fake axis=0 amax=[0.0187, 0.0395](512) calibrator=MaxCalibrator quant)
model.12.experts.3.conv.1.input_quantizer                                        TensorQuantizer(disabled)
model.12.experts.3.conv.1.output_quantizer                                       TensorQuantizer(disabled)
model.12.experts.3.conv.3.input_quantizer                                        TensorQuantizer(8 bit fake per-tensor amax=6.8677 calibrator=MaxCalibrator quant)
model.12.experts.3.conv.3.output_quantizer                                       TensorQuantizer(disabled)
model.12.experts.3.conv.3.weight_quantizer                                       TensorQuantizer(8 bit fake axis=0 amax=[0.0281, 0.0523](256) calibrator=MaxCalibrator quant)
model.12.experts.3.conv.4.input_quantizer                                        TensorQuantizer(disabled)
model.12.experts.3.conv.4.output_quantizer                                       TensorQuantizer(disabled)
model.12.experts.4.conv.0.input_quantizer                                        TensorQuantizer(8 bit fake per-tensor amax=12.6644 calibrator=MaxCalibrator quant)
model.12.experts.4.conv.0.output_quantizer                                       TensorQuantizer(disabled)
model.12.experts.4.conv.0.weight_quantizer                                       TensorQuantizer(8 bit fake axis=0 amax=[0.0185, 0.0388](512) calibrator=MaxCalibrator quant)
model.12.experts.4.conv.1.input_quantizer                                        TensorQuantizer(disabled)
model.12.experts.4.conv.1.output_quantizer                                       TensorQuantizer(disabled)
model.12.experts.4.conv.3.input_quantizer                                        TensorQuantizer(8 bit fake per-tensor amax=7.6738 calibrator=MaxCalibrator quant)
model.12.experts.4.conv.3.output_quantizer                                       TensorQuantizer(disabled)
model.12.experts.4.conv.3.weight_quantizer                                       TensorQuantizer(8 bit fake axis=0 amax=[0.0306, 0.0558](256) calibrator=MaxCalibrator quant)
model.12.experts.4.conv.4.input_quantizer                                        TensorQuantizer(disabled)
model.12.experts.4.conv.4.output_quantizer                                       TensorQuantizer(disabled)
model.12.experts.5.conv.0.input_quantizer                                        TensorQuantizer(8 bit fake per-tensor amax=12.6644 calibrator=MaxCalibrator quant)
model.12.experts.5.conv.0.output_quantizer                                       TensorQuantizer(disabled)
model.12.experts.5.conv.0.weight_quantizer                                       TensorQuantizer(8 bit fake axis=0 amax=[0.0198, 0.0448](512) calibrator=MaxCalibrator quant)
model.12.experts.5.conv.1.input_quantizer                                        TensorQuantizer(disabled)
model.12.experts.5.conv.1.output_quantizer                                       TensorQuantizer(disabled)
model.12.experts.5.conv.3.input_quantizer                                        TensorQuantizer(8 bit fake per-tensor amax=7.4698 calibrator=MaxCalibrator quant)
model.12.experts.5.conv.3.output_quantizer                                       TensorQuantizer(disabled)
model.12.experts.5.conv.3.weight_quantizer                                       TensorQuantizer(8 bit fake axis=0 amax=[0.0302, 0.0551](256) calibrator=MaxCalibrator quant)
model.12.experts.5.conv.4.input_quantizer                                        TensorQuantizer(disabled)
model.12.experts.5.conv.4.output_quantizer                                       TensorQuantizer(disabled)
model.12.experts.6.conv.0.input_quantizer                                        TensorQuantizer(8 bit fake per-tensor amax=12.6644 calibrator=MaxCalibrator quant)
model.12.experts.6.conv.0.output_quantizer                                       TensorQuantizer(disabled)
model.12.experts.6.conv.0.weight_quantizer                                       TensorQuantizer(8 bit fake axis=0 amax=[0.0184, 0.0606](512) calibrator=MaxCalibrator quant)
model.12.experts.6.conv.1.input_quantizer                                        TensorQuantizer(disabled)
model.12.experts.6.conv.1.output_quantizer                                       TensorQuantizer(disabled)
model.12.experts.6.conv.3.input_quantizer                                        TensorQuantizer(8 bit fake per-tensor amax=9.0542 calibrator=MaxCalibrator quant)
model.12.experts.6.conv.3.output_quantizer                                       TensorQuantizer(disabled)
model.12.experts.6.conv.3.weight_quantizer                                       TensorQuantizer(8 bit fake axis=0 amax=[0.0115, 0.0444](256) calibrator=MaxCalibrator quant)
model.12.experts.6.conv.4.input_quantizer                                        TensorQuantizer(disabled)
model.12.experts.6.conv.4.output_quantizer                                       TensorQuantizer(disabled)
model.12.experts.7.conv.0.input_quantizer                                        TensorQuantizer(8 bit fake per-tensor amax=12.6644 calibrator=MaxCalibrator quant)
model.12.experts.7.conv.0.output_quantizer                                       TensorQuantizer(disabled)
model.12.experts.7.conv.0.weight_quantizer                                       TensorQuantizer(8 bit fake axis=0 amax=[0.0205, 0.0392](512) calibrator=MaxCalibrator quant)
model.12.experts.7.conv.1.input_quantizer                                        TensorQuantizer(disabled)
model.12.experts.7.conv.1.output_quantizer                                       TensorQuantizer(disabled)
model.12.experts.7.conv.3.input_quantizer                                        TensorQuantizer(8 bit fake per-tensor amax=7.6294 calibrator=MaxCalibrator quant)
model.12.experts.7.conv.3.output_quantizer                                       TensorQuantizer(disabled)
model.12.experts.7.conv.3.weight_quantizer                                       TensorQuantizer(8 bit fake axis=0 amax=[0.0325, 0.0646](256) calibrator=MaxCalibrator quant)
model.12.experts.7.conv.4.input_quantizer                                        TensorQuantizer(disabled)
model.12.experts.7.conv.4.output_quantizer                                       TensorQuantizer(disabled)
model.12.experts.8.conv.0.input_quantizer                                        TensorQuantizer(8 bit fake per-tensor amax=12.6644 calibrator=MaxCalibrator quant)
model.12.experts.8.conv.0.output_quantizer                                       TensorQuantizer(disabled)
model.12.experts.8.conv.0.weight_quantizer                                       TensorQuantizer(8 bit fake axis=0 amax=[0.0191, 0.0371](512) calibrator=MaxCalibrator quant)
model.12.experts.8.conv.1.input_quantizer                                        TensorQuantizer(disabled)
model.12.experts.8.conv.1.output_quantizer                                       TensorQuantizer(disabled)
model.12.experts.8.conv.3.input_quantizer                                        TensorQuantizer(8 bit fake per-tensor amax=6.3881 calibrator=MaxCalibrator quant)
model.12.experts.8.conv.3.output_quantizer                                       TensorQuantizer(disabled)
model.12.experts.8.conv.3.weight_quantizer                                       TensorQuantizer(8 bit fake axis=0 amax=[0.0291, 0.0539](256) calibrator=MaxCalibrator quant)
model.12.experts.8.conv.4.input_quantizer                                        TensorQuantizer(disabled)
model.12.experts.8.conv.4.output_quantizer                                       TensorQuantizer(disabled)
model.12.experts.9.conv.0.input_quantizer                                        TensorQuantizer(8 bit fake per-tensor amax=12.6644 calibrator=MaxCalibrator quant)
model.12.experts.9.conv.0.output_quantizer                                       TensorQuantizer(disabled)
model.12.experts.9.conv.0.weight_quantizer                                       TensorQuantizer(8 bit fake axis=0 amax=[0.0181, 0.0395](512) calibrator=MaxCalibrator quant)
model.12.experts.9.conv.1.input_quantizer                                        TensorQuantizer(disabled)
model.12.experts.9.conv.1.output_quantizer                                       TensorQuantizer(disabled)
model.12.experts.9.conv.3.input_quantizer                                        TensorQuantizer(8 bit fake per-tensor amax=8.2319 calibrator=MaxCalibrator quant)
model.12.experts.9.conv.3.output_quantizer                                       TensorQuantizer(disabled)
model.12.experts.9.conv.3.weight_quantizer                                       TensorQuantizer(8 bit fake axis=0 amax=[0.0310, 0.0575](256) calibrator=MaxCalibrator quant)
model.12.experts.9.conv.4.input_quantizer                                        TensorQuantizer(disabled)
model.12.experts.9.conv.4.output_quantizer                                       TensorQuantizer(disabled)
model.12.experts.10.conv.0.input_quantizer                                       TensorQuantizer(8 bit fake per-tensor amax=12.6644 calibrator=MaxCalibrator quant)
model.12.experts.10.conv.0.output_quantizer                                      TensorQuantizer(disabled)
model.12.experts.10.conv.0.weight_quantizer                                      TensorQuantizer(8 bit fake axis=0 amax=[0.0198, 0.0415](512) calibrator=MaxCalibrator quant)
model.12.experts.10.conv.1.input_quantizer                                       TensorQuantizer(disabled)
model.12.experts.10.conv.1.output_quantizer                                      TensorQuantizer(disabled)
model.12.experts.10.conv.3.input_quantizer                                       TensorQuantizer(8 bit fake per-tensor amax=6.7667 calibrator=MaxCalibrator quant)
model.12.experts.10.conv.3.output_quantizer                                      TensorQuantizer(disabled)
model.12.experts.10.conv.3.weight_quantizer                                      TensorQuantizer(8 bit fake axis=0 amax=[0.0305, 0.0565](256) calibrator=MaxCalibrator quant)
model.12.experts.10.conv.4.input_quantizer                                       TensorQuantizer(disabled)
model.12.experts.10.conv.4.output_quantizer                                      TensorQuantizer(disabled)
model.12.experts.11.conv.0.input_quantizer                                       TensorQuantizer(8 bit fake per-tensor amax=12.6644 calibrator=MaxCalibrator quant)
model.12.experts.11.conv.0.output_quantizer                                      TensorQuantizer(disabled)
model.12.experts.11.conv.0.weight_quantizer                                      TensorQuantizer(8 bit fake axis=0 amax=[0.0199, 0.0411](512) calibrator=MaxCalibrator quant)
model.12.experts.11.conv.1.input_quantizer                                       TensorQuantizer(disabled)
model.12.experts.11.conv.1.output_quantizer                                      TensorQuantizer(disabled)
model.12.experts.11.conv.3.input_quantizer                                       TensorQuantizer(8 bit fake per-tensor amax=7.0721 calibrator=MaxCalibrator quant)
model.12.experts.11.conv.3.output_quantizer                                      TensorQuantizer(disabled)
model.12.experts.11.conv.3.weight_quantizer                                      TensorQuantizer(8 bit fake axis=0 amax=[0.0308, 0.0546](256) calibrator=MaxCalibrator quant)
model.12.experts.11.conv.4.input_quantizer                                       TensorQuantizer(disabled)
model.12.experts.11.conv.4.output_quantizer                                      TensorQuantizer(disabled)
model.12.experts.12.conv.0.input_quantizer                                       TensorQuantizer(8 bit fake per-tensor amax=12.6644 calibrator=MaxCalibrator quant)
model.12.experts.12.conv.0.output_quantizer                                      TensorQuantizer(disabled)
model.12.experts.12.conv.0.weight_quantizer                                      TensorQuantizer(8 bit fake axis=0 amax=[0.0102, 0.0227](512) calibrator=MaxCalibrator quant)
model.12.experts.12.conv.1.input_quantizer                                       TensorQuantizer(disabled)
model.12.experts.12.conv.1.output_quantizer                                      TensorQuantizer(disabled)
model.12.experts.12.conv.3.input_quantizer                                       TensorQuantizer(8 bit fake per-tensor amax=6.0399 calibrator=MaxCalibrator quant)
model.12.experts.12.conv.3.output_quantizer                                      TensorQuantizer(disabled)
model.12.experts.12.conv.3.weight_quantizer                                      TensorQuantizer(8 bit fake axis=0 amax=[0.0158, 0.0272](256) calibrator=MaxCalibrator quant)
model.12.experts.12.conv.4.input_quantizer                                       TensorQuantizer(disabled)
model.12.experts.12.conv.4.output_quantizer                                      TensorQuantizer(disabled)
model.12.experts.13.conv.0.input_quantizer                                       TensorQuantizer(8 bit fake per-tensor amax=12.6644 calibrator=MaxCalibrator quant)
model.12.experts.13.conv.0.output_quantizer                                      TensorQuantizer(disabled)
model.12.experts.13.conv.0.weight_quantizer                                      TensorQuantizer(8 bit fake axis=0 amax=[0.0137, 0.0294](512) calibrator=MaxCalibrator quant)
model.12.experts.13.conv.1.input_quantizer                                       TensorQuantizer(disabled)
model.12.experts.13.conv.1.output_quantizer                                      TensorQuantizer(disabled)
model.12.experts.13.conv.3.input_quantizer                                       TensorQuantizer(8 bit fake per-tensor amax=7.2912 calibrator=MaxCalibrator quant)
model.12.experts.13.conv.3.output_quantizer                                      TensorQuantizer(disabled)
model.12.experts.13.conv.3.weight_quantizer                                      TensorQuantizer(8 bit fake axis=0 amax=[0.0218, 0.0404](256) calibrator=MaxCalibrator quant)
model.12.experts.13.conv.4.input_quantizer                                       TensorQuantizer(disabled)
model.12.experts.13.conv.4.output_quantizer                                      TensorQuantizer(disabled)
model.12.experts.14.conv.0.input_quantizer                                       TensorQuantizer(8 bit fake per-tensor amax=12.6644 calibrator=MaxCalibrator quant)
model.12.experts.14.conv.0.output_quantizer                                      TensorQuantizer(disabled)
model.12.experts.14.conv.0.weight_quantizer                                      TensorQuantizer(8 bit fake axis=0 amax=[0.0209, 0.0435](512) calibrator=MaxCalibrator quant)
model.12.experts.14.conv.1.input_quantizer                                       TensorQuantizer(disabled)
model.12.experts.14.conv.1.output_quantizer                                      TensorQuantizer(disabled)
model.12.experts.14.conv.3.input_quantizer                                       TensorQuantizer(8 bit fake per-tensor amax=7.0086 calibrator=MaxCalibrator quant)
model.12.experts.14.conv.3.output_quantizer                                      TensorQuantizer(disabled)
model.12.experts.14.conv.3.weight_quantizer                                      TensorQuantizer(8 bit fake axis=0 amax=[0.0333, 0.0599](256) calibrator=MaxCalibrator quant)
model.12.experts.14.conv.4.input_quantizer                                       TensorQuantizer(disabled)
model.12.experts.14.conv.4.output_quantizer                                      TensorQuantizer(disabled)
model.12.experts.15.conv.0.input_quantizer                                       TensorQuantizer(8 bit fake per-tensor amax=12.6644 calibrator=MaxCalibrator quant)
model.12.experts.15.conv.0.output_quantizer                                      TensorQuantizer(disabled)
model.12.experts.15.conv.0.weight_quantizer                                      TensorQuantizer(8 bit fake axis=0 amax=[0.0186, 0.0526](512) calibrator=MaxCalibrator quant)
model.12.experts.15.conv.1.input_quantizer                                       TensorQuantizer(disabled)
model.12.experts.15.conv.1.output_quantizer                                      TensorQuantizer(disabled)
model.12.experts.15.conv.3.input_quantizer                                       TensorQuantizer(8 bit fake per-tensor amax=11.4598 calibrator=MaxCalibrator quant)
model.12.experts.15.conv.3.output_quantizer                                      TensorQuantizer(disabled)
model.12.experts.15.conv.3.weight_quantizer                                      TensorQuantizer(8 bit fake axis=0 amax=[0.0108, 0.0543](256) calibrator=MaxCalibrator quant)
model.12.experts.15.conv.4.input_quantizer                                       TensorQuantizer(disabled)
model.12.experts.15.conv.4.output_quantizer                                      TensorQuantizer(disabled)
model.12.shared_expert.0.input_quantizer                                         TensorQuantizer(8 bit fake per-tensor amax=12.6644 calibrator=MaxCalibrator quant)
model.12.shared_expert.0.output_quantizer                                        TensorQuantizer(disabled)
model.12.shared_expert.0.weight_quantizer                                        TensorQuantizer(8 bit fake axis=0 amax=[0.0216, 0.2267](256) calibrator=MaxCalibrator quant)
model.12.shared_expert.1.input_quantizer                                         TensorQuantizer(disabled)
model.12.shared_expert.1.output_quantizer                                        TensorQuantizer(disabled)
model.15.cv1.conv.input_quantizer                                                TensorQuantizer(8 bit fake per-tensor amax=13.0753 calibrator=MaxCalibrator quant)
model.15.cv1.conv.output_quantizer                                               TensorQuantizer(disabled)
model.15.cv1.conv.weight_quantizer                                               TensorQuantizer(8 bit fake axis=0 amax=[0.0370, 0.2729](128) calibrator=MaxCalibrator quant)
model.15.cv1.bn.input_quantizer                                                  TensorQuantizer(disabled)
model.15.cv1.bn.output_quantizer                                                 TensorQuantizer(disabled)
model.15.cv2.conv.input_quantizer                                                TensorQuantizer(8 bit fake per-tensor amax=9.3649 calibrator=MaxCalibrator quant)
model.15.cv2.conv.output_quantizer                                               TensorQuantizer(disabled)
model.15.cv2.conv.weight_quantizer                                               TensorQuantizer(8 bit fake axis=0 amax=[0.0381, 0.1220](128) calibrator=MaxCalibrator quant)
model.15.cv2.bn.input_quantizer                                                  TensorQuantizer(disabled)
model.15.cv2.bn.output_quantizer                                                 TensorQuantizer(disabled)
model.15.m.0.cv1.conv.input_quantizer                                            TensorQuantizer(8 bit fake per-tensor amax=7.1022 calibrator=MaxCalibrator quant)
model.15.m.0.cv1.conv.output_quantizer                                           TensorQuantizer(disabled)
model.15.m.0.cv1.conv.weight_quantizer                                           TensorQuantizer(8 bit fake axis=0 amax=[0.0543, 0.1338](32) calibrator=MaxCalibrator quant)
model.15.m.0.cv1.bn.input_quantizer                                              TensorQuantizer(disabled)
model.15.m.0.cv1.bn.output_quantizer                                             TensorQuantizer(disabled)
model.15.m.0.cv2.conv.input_quantizer                                            TensorQuantizer(8 bit fake per-tensor amax=7.1022 calibrator=MaxCalibrator quant)
model.15.m.0.cv2.conv.output_quantizer                                           TensorQuantizer(disabled)
model.15.m.0.cv2.conv.weight_quantizer                                           TensorQuantizer(8 bit fake axis=0 amax=[0.0288, 0.0510](32) calibrator=MaxCalibrator quant)
model.15.m.0.cv2.bn.input_quantizer                                              TensorQuantizer(disabled)
model.15.m.0.cv2.bn.output_quantizer                                             TensorQuantizer(disabled)
model.15.m.0.cv3.conv.input_quantizer                                            TensorQuantizer(8 bit fake per-tensor amax=18.8361 calibrator=MaxCalibrator quant)
model.15.m.0.cv3.conv.output_quantizer                                           TensorQuantizer(disabled)
model.15.m.0.cv3.conv.weight_quantizer                                           TensorQuantizer(8 bit fake axis=0 amax=[0.0386, 0.1100](64) calibrator=MaxCalibrator quant)
model.15.m.0.cv3.bn.input_quantizer                                              TensorQuantizer(disabled)
model.15.m.0.cv3.bn.output_quantizer                                             TensorQuantizer(disabled)
model.15.m.0.m.0.cv1.conv.input_quantizer                                        TensorQuantizer(8 bit fake per-tensor amax=3.0689 calibrator=MaxCalibrator quant)
model.15.m.0.m.0.cv1.conv.output_quantizer                                       TensorQuantizer(disabled)
model.15.m.0.m.0.cv1.conv.weight_quantizer                                       TensorQuantizer(8 bit fake axis=0 amax=[0.0469, 0.1130](32) calibrator=MaxCalibrator quant)
model.15.m.0.m.0.cv1.bn.input_quantizer                                          TensorQuantizer(disabled)
model.15.m.0.m.0.cv1.bn.output_quantizer                                         TensorQuantizer(disabled)
model.15.m.0.m.0.cv2.conv.input_quantizer                                        TensorQuantizer(8 bit fake per-tensor amax=9.5602 calibrator=MaxCalibrator quant)
model.15.m.0.m.0.cv2.conv.output_quantizer                                       TensorQuantizer(disabled)
model.15.m.0.m.0.cv2.conv.weight_quantizer                                       TensorQuantizer(8 bit fake axis=0 amax=[0.0319, 0.1373](32) calibrator=MaxCalibrator quant)
model.15.m.0.m.0.cv2.bn.input_quantizer                                          TensorQuantizer(disabled)
model.15.m.0.m.0.cv2.bn.output_quantizer                                         TensorQuantizer(disabled)
model.15.m.0.m.1.cv1.conv.input_quantizer                                        TensorQuantizer(8 bit fake per-tensor amax=12.4818 calibrator=MaxCalibrator quant)
model.15.m.0.m.1.cv1.conv.output_quantizer                                       TensorQuantizer(disabled)
model.15.m.0.m.1.cv1.conv.weight_quantizer                                       TensorQuantizer(8 bit fake axis=0 amax=[0.0444, 0.1398](32) calibrator=MaxCalibrator quant)
model.15.m.0.m.1.cv1.bn.input_quantizer                                          TensorQuantizer(disabled)
model.15.m.0.m.1.cv1.bn.output_quantizer                                         TensorQuantizer(disabled)
model.15.m.0.m.1.cv2.conv.input_quantizer                                        TensorQuantizer(8 bit fake per-tensor amax=9.3996 calibrator=MaxCalibrator quant)
model.15.m.0.m.1.cv2.conv.output_quantizer                                       TensorQuantizer(disabled)
model.15.m.0.m.1.cv2.conv.weight_quantizer                                       TensorQuantizer(8 bit fake axis=0 amax=[0.0352, 0.1473](32) calibrator=MaxCalibrator quant)
model.15.m.0.m.1.cv2.bn.input_quantizer                                          TensorQuantizer(disabled)
model.15.m.0.m.1.cv2.bn.output_quantizer                                         TensorQuantizer(disabled)
model.18.cv1.conv.input_quantizer                                                TensorQuantizer(8 bit fake per-tensor amax=10.5712 calibrator=MaxCalibrator quant)
model.18.cv1.conv.output_quantizer                                               TensorQuantizer(disabled)
model.18.cv1.conv.weight_quantizer                                               TensorQuantizer(8 bit fake axis=0 amax=[0.0330, 0.1840](64) calibrator=MaxCalibrator quant)
model.18.cv1.bn.input_quantizer                                                  TensorQuantizer(disabled)
model.18.cv1.bn.output_quantizer                                                 TensorQuantizer(disabled)
model.18.cv2.conv.input_quantizer                                                TensorQuantizer(8 bit fake per-tensor amax=7.8510 calibrator=MaxCalibrator quant)
model.18.cv2.conv.output_quantizer                                               TensorQuantizer(disabled)
model.18.cv2.conv.weight_quantizer                                               TensorQuantizer(8 bit fake axis=0 amax=[0.0470, 0.1888](64) calibrator=MaxCalibrator quant)
model.18.cv2.bn.input_quantizer                                                  TensorQuantizer(disabled)
model.18.cv2.bn.output_quantizer                                                 TensorQuantizer(disabled)
model.18.m.0.cv1.conv.input_quantizer                                            TensorQuantizer(8 bit fake per-tensor amax=6.2658 calibrator=MaxCalibrator quant)
model.18.m.0.cv1.conv.output_quantizer                                           TensorQuantizer(disabled)
model.18.m.0.cv1.conv.weight_quantizer                                           TensorQuantizer(8 bit fake axis=0 amax=[0.0667, 0.1622](16) calibrator=MaxCalibrator quant)
model.18.m.0.cv1.bn.input_quantizer                                              TensorQuantizer(disabled)
model.18.m.0.cv1.bn.output_quantizer                                             TensorQuantizer(disabled)
model.18.m.0.cv2.conv.input_quantizer                                            TensorQuantizer(8 bit fake per-tensor amax=6.2658 calibrator=MaxCalibrator quant)
model.18.m.0.cv2.conv.output_quantizer                                           TensorQuantizer(disabled)
model.18.m.0.cv2.conv.weight_quantizer                                           TensorQuantizer(8 bit fake axis=0 amax=[0.0352, 0.0753](16) calibrator=MaxCalibrator quant)
model.18.m.0.cv2.bn.input_quantizer                                              TensorQuantizer(disabled)
model.18.m.0.cv2.bn.output_quantizer                                             TensorQuantizer(disabled)
model.18.m.0.cv3.conv.input_quantizer                                            TensorQuantizer(8 bit fake per-tensor amax=16.8755 calibrator=MaxCalibrator quant)
model.18.m.0.cv3.conv.output_quantizer                                           TensorQuantizer(disabled)
model.18.m.0.cv3.conv.weight_quantizer                                           TensorQuantizer(8 bit fake axis=0 amax=[0.0444, 0.1349](32) calibrator=MaxCalibrator quant)
model.18.m.0.cv3.bn.input_quantizer                                              TensorQuantizer(disabled)
model.18.m.0.cv3.bn.output_quantizer                                             TensorQuantizer(disabled)
model.18.m.0.m.0.cv1.conv.input_quantizer                                        TensorQuantizer(8 bit fake per-tensor amax=0.9944 calibrator=MaxCalibrator quant)
model.18.m.0.m.0.cv1.conv.output_quantizer                                       TensorQuantizer(disabled)
model.18.m.0.m.0.cv1.conv.weight_quantizer                                       TensorQuantizer(8 bit fake axis=0 amax=[0.0756, 0.1243](16) calibrator=MaxCalibrator quant)
model.18.m.0.m.0.cv1.bn.input_quantizer                                          TensorQuantizer(disabled)
model.18.m.0.m.0.cv1.bn.output_quantizer                                         TensorQuantizer(disabled)
model.18.m.0.m.0.cv2.conv.input_quantizer                                        TensorQuantizer(8 bit fake per-tensor amax=6.2818 calibrator=MaxCalibrator quant)
model.18.m.0.m.0.cv2.conv.output_quantizer                                       TensorQuantizer(disabled)
model.18.m.0.m.0.cv2.conv.weight_quantizer                                       TensorQuantizer(8 bit fake axis=0 amax=[0.0620, 0.1824](16) calibrator=MaxCalibrator quant)
model.18.m.0.m.0.cv2.bn.input_quantizer                                          TensorQuantizer(disabled)
model.18.m.0.m.0.cv2.bn.output_quantizer                                         TensorQuantizer(disabled)
model.18.m.0.m.1.cv1.conv.input_quantizer                                        TensorQuantizer(8 bit fake per-tensor amax=5.5739 calibrator=MaxCalibrator quant)
model.18.m.0.m.1.cv1.conv.output_quantizer                                       TensorQuantizer(disabled)
model.18.m.0.m.1.cv1.conv.weight_quantizer                                       TensorQuantizer(8 bit fake axis=0 amax=[0.0734, 0.1879](16) calibrator=MaxCalibrator quant)
model.18.m.0.m.1.cv1.bn.input_quantizer                                          TensorQuantizer(disabled)
model.18.m.0.m.1.cv1.bn.output_quantizer                                         TensorQuantizer(disabled)
model.18.m.0.m.1.cv2.conv.input_quantizer                                        TensorQuantizer(8 bit fake per-tensor amax=5.9796 calibrator=MaxCalibrator quant)
model.18.m.0.m.1.cv2.conv.output_quantizer                                       TensorQuantizer(disabled)
model.18.m.0.m.1.cv2.conv.weight_quantizer                                       TensorQuantizer(8 bit fake axis=0 amax=[0.0596, 0.1670](16) calibrator=MaxCalibrator quant)
model.18.m.0.m.1.cv2.bn.input_quantizer                                          TensorQuantizer(disabled)
model.18.m.0.m.1.cv2.bn.output_quantizer                                         TensorQuantizer(disabled)
model.19.conv.input_quantizer                                                    TensorQuantizer(8 bit fake per-tensor amax=6.7061 calibrator=MaxCalibrator quant)
model.19.conv.output_quantizer                                                   TensorQuantizer(disabled)
model.19.conv.weight_quantizer                                                   TensorQuantizer(8 bit fake axis=0 amax=[0.0214, 0.0773](64) calibrator=MaxCalibrator quant)
model.19.bn.input_quantizer                                                      TensorQuantizer(disabled)
model.19.bn.output_quantizer                                                     TensorQuantizer(disabled)
model.21.cv1.conv.input_quantizer                                                TensorQuantizer(8 bit fake per-tensor amax=13.0057 calibrator=MaxCalibrator quant)
model.21.cv1.conv.output_quantizer                                               TensorQuantizer(disabled)
model.21.cv1.conv.weight_quantizer                                               TensorQuantizer(8 bit fake axis=0 amax=[0.0262, 0.1094](128) calibrator=MaxCalibrator quant)
model.21.cv1.bn.input_quantizer                                                  TensorQuantizer(disabled)
model.21.cv1.bn.output_quantizer                                                 TensorQuantizer(disabled)
model.21.cv2.conv.input_quantizer                                                TensorQuantizer(8 bit fake per-tensor amax=14.0499 calibrator=MaxCalibrator quant)
model.21.cv2.conv.output_quantizer                                               TensorQuantizer(disabled)
model.21.cv2.conv.weight_quantizer                                               TensorQuantizer(8 bit fake axis=0 amax=[0.0299, 0.1534](128) calibrator=MaxCalibrator quant)
model.21.cv2.bn.input_quantizer                                                  TensorQuantizer(disabled)
model.21.cv2.bn.output_quantizer                                                 TensorQuantizer(disabled)
model.21.m.0.cv1.conv.input_quantizer                                            TensorQuantizer(8 bit fake per-tensor amax=12.5337 calibrator=MaxCalibrator quant)
model.21.m.0.cv1.conv.output_quantizer                                           TensorQuantizer(disabled)
model.21.m.0.cv1.conv.weight_quantizer                                           TensorQuantizer(8 bit fake axis=0 amax=[0.0463, 0.1005](32) calibrator=MaxCalibrator quant)
model.21.m.0.cv1.bn.input_quantizer                                              TensorQuantizer(disabled)
model.21.m.0.cv1.bn.output_quantizer                                             TensorQuantizer(disabled)
model.21.m.0.cv2.conv.input_quantizer                                            TensorQuantizer(8 bit fake per-tensor amax=12.5337 calibrator=MaxCalibrator quant)
model.21.m.0.cv2.conv.output_quantizer                                           TensorQuantizer(disabled)
model.21.m.0.cv2.conv.weight_quantizer                                           TensorQuantizer(8 bit fake axis=0 amax=[0.0239, 0.0555](32) calibrator=MaxCalibrator quant)
model.21.m.0.cv2.bn.input_quantizer                                              TensorQuantizer(disabled)
model.21.m.0.cv2.bn.output_quantizer                                             TensorQuantizer(disabled)
model.21.m.0.cv3.conv.input_quantizer                                            TensorQuantizer(8 bit fake per-tensor amax=15.7462 calibrator=MaxCalibrator quant)
model.21.m.0.cv3.conv.output_quantizer                                           TensorQuantizer(disabled)
model.21.m.0.cv3.conv.weight_quantizer                                           TensorQuantizer(8 bit fake axis=0 amax=[0.0325, 0.1595](64) calibrator=MaxCalibrator quant)
model.21.m.0.cv3.bn.input_quantizer                                              TensorQuantizer(disabled)
model.21.m.0.cv3.bn.output_quantizer                                             TensorQuantizer(disabled)
model.21.m.0.m.0.cv1.conv.input_quantizer                                        TensorQuantizer(8 bit fake per-tensor amax=2.2460 calibrator=MaxCalibrator quant)
model.21.m.0.m.0.cv1.conv.output_quantizer                                       TensorQuantizer(disabled)
model.21.m.0.m.0.cv1.conv.weight_quantizer                                       TensorQuantizer(8 bit fake axis=0 amax=[0.0463, 0.1089](32) calibrator=MaxCalibrator quant)
model.21.m.0.m.0.cv1.bn.input_quantizer                                          TensorQuantizer(disabled)
model.21.m.0.m.0.cv1.bn.output_quantizer                                         TensorQuantizer(disabled)
model.21.m.0.m.0.cv2.conv.input_quantizer                                        TensorQuantizer(8 bit fake per-tensor amax=6.1135 calibrator=MaxCalibrator quant)
model.21.m.0.m.0.cv2.conv.output_quantizer                                       TensorQuantizer(disabled)
model.21.m.0.m.0.cv2.conv.weight_quantizer                                       TensorQuantizer(8 bit fake axis=0 amax=[0.0418, 0.1427](32) calibrator=MaxCalibrator quant)
model.21.m.0.m.0.cv2.bn.input_quantizer                                          TensorQuantizer(disabled)
model.21.m.0.m.0.cv2.bn.output_quantizer                                         TensorQuantizer(disabled)
model.21.m.0.m.1.cv1.conv.input_quantizer                                        TensorQuantizer(8 bit fake per-tensor amax=8.5596 calibrator=MaxCalibrator quant)
model.21.m.0.m.1.cv1.conv.output_quantizer                                       TensorQuantizer(disabled)
model.21.m.0.m.1.cv1.conv.weight_quantizer                                       TensorQuantizer(8 bit fake axis=0 amax=[0.0453, 0.1099](32) calibrator=MaxCalibrator quant)
model.21.m.0.m.1.cv1.bn.input_quantizer                                          TensorQuantizer(disabled)
model.21.m.0.m.1.cv1.bn.output_quantizer                                         TensorQuantizer(disabled)
model.21.m.0.m.1.cv2.conv.input_quantizer                                        TensorQuantizer(8 bit fake per-tensor amax=6.7749 calibrator=MaxCalibrator quant)
model.21.m.0.m.1.cv2.conv.output_quantizer                                       TensorQuantizer(disabled)
model.21.m.0.m.1.cv2.conv.weight_quantizer                                       TensorQuantizer(8 bit fake axis=0 amax=[0.0439, 0.1362](32) calibrator=MaxCalibrator quant)
model.21.m.0.m.1.cv2.bn.input_quantizer                                          TensorQuantizer(disabled)
model.21.m.0.m.1.cv2.bn.output_quantizer                                         TensorQuantizer(disabled)
model.22.conv.input_quantizer                                                    TensorQuantizer(8 bit fake per-tensor amax=12.2457 calibrator=MaxCalibrator quant)
model.22.conv.output_quantizer                                                   TensorQuantizer(disabled)
model.22.conv.weight_quantizer                                                   TensorQuantizer(8 bit fake axis=0 amax=[0.0125, 0.0445](128) calibrator=MaxCalibrator quant)
model.22.bn.input_quantizer                                                      TensorQuantizer(disabled)
model.22.bn.output_quantizer                                                     TensorQuantizer(disabled)
model.24.cv1.conv.input_quantizer                                                TensorQuantizer(8 bit fake per-tensor amax=15.5499 calibrator=MaxCalibrator quant)
model.24.cv1.conv.output_quantizer                                               TensorQuantizer(disabled)
model.24.cv1.conv.weight_quantizer                                               TensorQuantizer(8 bit fake axis=0 amax=[0.0193, 0.1646](128) calibrator=MaxCalibrator quant)
model.24.cv1.bn.input_quantizer                                                  TensorQuantizer(disabled)
model.24.cv1.bn.output_quantizer                                                 TensorQuantizer(disabled)
model.24.cv2.conv.input_quantizer                                                TensorQuantizer(8 bit fake per-tensor amax=11.5175 calibrator=MaxCalibrator quant)
model.24.cv2.conv.output_quantizer                                               TensorQuantizer(disabled)
model.24.cv2.conv.weight_quantizer                                               TensorQuantizer(8 bit fake axis=0 amax=[0.0194, 0.1065](128) calibrator=MaxCalibrator quant)
model.24.cv2.bn.input_quantizer                                                  TensorQuantizer(disabled)
model.24.cv2.bn.output_quantizer                                                 TensorQuantizer(disabled)
model.24.m.0.cv1.conv.input_quantizer                                            TensorQuantizer(8 bit fake per-tensor amax=10.5723 calibrator=MaxCalibrator quant)
model.24.m.0.cv1.conv.output_quantizer                                           TensorQuantizer(disabled)
model.24.m.0.cv1.conv.weight_quantizer                                           TensorQuantizer(8 bit fake axis=0 amax=[0.0359, 0.0856](32) calibrator=MaxCalibrator quant)
model.24.m.0.cv1.bn.input_quantizer                                              TensorQuantizer(disabled)
model.24.m.0.cv1.bn.output_quantizer                                             TensorQuantizer(disabled)
model.24.m.0.cv2.conv.input_quantizer                                            TensorQuantizer(8 bit fake per-tensor amax=10.5723 calibrator=MaxCalibrator quant)
model.24.m.0.cv2.conv.output_quantizer                                           TensorQuantizer(disabled)
model.24.m.0.cv2.conv.weight_quantizer                                           TensorQuantizer(8 bit fake axis=0 amax=[0.0142, 0.0382](32) calibrator=MaxCalibrator quant)
model.24.m.0.cv2.bn.input_quantizer                                              TensorQuantizer(disabled)
model.24.m.0.cv2.bn.output_quantizer                                             TensorQuantizer(disabled)
model.24.m.0.cv3.conv.input_quantizer                                            TensorQuantizer(8 bit fake per-tensor amax=19.7130 calibrator=MaxCalibrator quant)
model.24.m.0.cv3.conv.output_quantizer                                           TensorQuantizer(disabled)
model.24.m.0.cv3.conv.weight_quantizer                                           TensorQuantizer(8 bit fake axis=0 amax=[0.0234, 0.1263](64) calibrator=MaxCalibrator quant)
model.24.m.0.cv3.bn.input_quantizer                                              TensorQuantizer(disabled)
model.24.m.0.cv3.bn.output_quantizer                                             TensorQuantizer(disabled)
model.24.m.0.m.0.cv1.conv.input_quantizer                                        TensorQuantizer(8 bit fake per-tensor amax=2.9577 calibrator=MaxCalibrator quant)
model.24.m.0.m.0.cv1.conv.output_quantizer                                       TensorQuantizer(disabled)
model.24.m.0.m.0.cv1.conv.weight_quantizer                                       TensorQuantizer(8 bit fake axis=0 amax=[0.0313, 0.0965](32) calibrator=MaxCalibrator quant)
model.24.m.0.m.0.cv1.bn.input_quantizer                                          TensorQuantizer(disabled)
model.24.m.0.m.0.cv1.bn.output_quantizer                                         TensorQuantizer(disabled)
model.24.m.0.m.0.cv2.conv.input_quantizer                                        TensorQuantizer(8 bit fake per-tensor amax=7.4353 calibrator=MaxCalibrator quant)
model.24.m.0.m.0.cv2.conv.output_quantizer                                       TensorQuantizer(disabled)
model.24.m.0.m.0.cv2.conv.weight_quantizer                                       TensorQuantizer(8 bit fake axis=0 amax=[0.0336, 0.0914](32) calibrator=MaxCalibrator quant)
model.24.m.0.m.0.cv2.bn.input_quantizer                                          TensorQuantizer(disabled)
model.24.m.0.m.0.cv2.bn.output_quantizer                                         TensorQuantizer(disabled)
model.24.m.0.m.1.cv1.conv.input_quantizer                                        TensorQuantizer(8 bit fake per-tensor amax=9.8525 calibrator=MaxCalibrator quant)
model.24.m.0.m.1.cv1.conv.output_quantizer                                       TensorQuantizer(disabled)
model.24.m.0.m.1.cv1.conv.weight_quantizer                                       TensorQuantizer(8 bit fake axis=0 amax=[0.0394, 0.0915](32) calibrator=MaxCalibrator quant)
model.24.m.0.m.1.cv1.bn.input_quantizer                                          TensorQuantizer(disabled)
model.24.m.0.m.1.cv1.bn.output_quantizer                                         TensorQuantizer(disabled)
model.24.m.0.m.1.cv2.conv.input_quantizer                                        TensorQuantizer(8 bit fake per-tensor amax=7.1292 calibrator=MaxCalibrator quant)
model.24.m.0.m.1.cv2.conv.output_quantizer                                       TensorQuantizer(disabled)
model.24.m.0.m.1.cv2.conv.weight_quantizer                                       TensorQuantizer(8 bit fake axis=0 amax=[0.0331, 0.0889](32) calibrator=MaxCalibrator quant)
model.24.m.0.m.1.cv2.bn.input_quantizer                                          TensorQuantizer(disabled)
model.24.m.0.m.1.cv2.bn.output_quantizer                                         TensorQuantizer(disabled)
model.25.cv2.0.0.conv.input_quantizer                                            TensorQuantizer(8 bit fake per-tensor amax=6.7061 calibrator=MaxCalibrator quant)
model.25.cv2.0.0.conv.output_quantizer                                           TensorQuantizer(disabled)
model.25.cv2.0.0.conv.weight_quantizer                                           TensorQuantizer(8 bit fake axis=0 amax=[0.0239, 0.1019](64) calibrator=MaxCalibrator quant)
model.25.cv2.0.0.bn.input_quantizer                                              TensorQuantizer(disabled)
model.25.cv2.0.0.bn.output_quantizer                                             TensorQuantizer(disabled)
model.25.cv2.0.1.conv.input_quantizer                                            TensorQuantizer(8 bit fake per-tensor amax=9.1721 calibrator=MaxCalibrator quant)
model.25.cv2.0.1.conv.output_quantizer                                           TensorQuantizer(disabled)
model.25.cv2.0.1.conv.weight_quantizer                                           TensorQuantizer(8 bit fake axis=0 amax=[0.0390, 0.1243](64) calibrator=MaxCalibrator quant)
model.25.cv2.0.1.bn.input_quantizer                                              TensorQuantizer(disabled)
model.25.cv2.0.1.bn.output_quantizer                                             TensorQuantizer(disabled)
model.25.cv2.0.2.input_quantizer                                                 TensorQuantizer(8 bit fake per-tensor amax=72.5735 calibrator=MaxCalibrator quant)
model.25.cv2.0.2.output_quantizer                                                TensorQuantizer(disabled)
model.25.cv2.0.2.weight_quantizer                                                TensorQuantizer(8 bit fake axis=0 amax=[0.0511, 0.2330](64) calibrator=MaxCalibrator quant)
model.25.cv2.1.0.conv.input_quantizer                                            TensorQuantizer(8 bit fake per-tensor amax=12.2457 calibrator=MaxCalibrator quant)
model.25.cv2.1.0.conv.output_quantizer                                           TensorQuantizer(disabled)
model.25.cv2.1.0.conv.weight_quantizer                                           TensorQuantizer(8 bit fake axis=0 amax=[0.0156, 0.1327](64) calibrator=MaxCalibrator quant)
model.25.cv2.1.0.bn.input_quantizer                                              TensorQuantizer(disabled)
model.25.cv2.1.0.bn.output_quantizer                                             TensorQuantizer(disabled)
model.25.cv2.1.1.conv.input_quantizer                                            TensorQuantizer(8 bit fake per-tensor amax=14.7184 calibrator=MaxCalibrator quant)
model.25.cv2.1.1.conv.output_quantizer                                           TensorQuantizer(disabled)
model.25.cv2.1.1.conv.weight_quantizer                                           TensorQuantizer(8 bit fake axis=0 amax=[0.0386, 0.1595](64) calibrator=MaxCalibrator quant)
model.25.cv2.1.1.bn.input_quantizer                                              TensorQuantizer(disabled)
model.25.cv2.1.1.bn.output_quantizer                                             TensorQuantizer(disabled)
model.25.cv2.1.2.input_quantizer                                                 TensorQuantizer(8 bit fake per-tensor amax=82.0398 calibrator=MaxCalibrator quant)
model.25.cv2.1.2.output_quantizer                                                TensorQuantizer(disabled)
model.25.cv2.1.2.weight_quantizer                                                TensorQuantizer(8 bit fake axis=0 amax=[0.0788, 0.2546](64) calibrator=MaxCalibrator quant)
model.25.cv2.2.0.conv.input_quantizer                                            TensorQuantizer(8 bit fake per-tensor amax=11.5760 calibrator=MaxCalibrator quant)
model.25.cv2.2.0.conv.output_quantizer                                           TensorQuantizer(disabled)
model.25.cv2.2.0.conv.weight_quantizer                                           TensorQuantizer(8 bit fake axis=0 amax=[0.0154, 0.0959](64) calibrator=MaxCalibrator quant)
model.25.cv2.2.0.bn.input_quantizer                                              TensorQuantizer(disabled)
model.25.cv2.2.0.bn.output_quantizer                                             TensorQuantizer(disabled)
model.25.cv2.2.1.conv.input_quantizer                                            TensorQuantizer(8 bit fake per-tensor amax=12.0974 calibrator=MaxCalibrator quant)
model.25.cv2.2.1.conv.output_quantizer                                           TensorQuantizer(disabled)
model.25.cv2.2.1.conv.weight_quantizer                                           TensorQuantizer(8 bit fake axis=0 amax=[0.0282, 0.0885](64) calibrator=MaxCalibrator quant)
model.25.cv2.2.1.bn.input_quantizer                                              TensorQuantizer(disabled)
model.25.cv2.2.1.bn.output_quantizer                                             TensorQuantizer(disabled)
model.25.cv2.2.2.input_quantizer                                                 TensorQuantizer(8 bit fake per-tensor amax=66.0228 calibrator=MaxCalibrator quant)
model.25.cv2.2.2.output_quantizer                                                TensorQuantizer(disabled)
model.25.cv2.2.2.weight_quantizer                                                TensorQuantizer(8 bit fake axis=0 amax=[0.0176, 0.2380](64) calibrator=MaxCalibrator quant)
model.25.cv3.0.0.0.conv.input_quantizer                                          TensorQuantizer(8 bit fake per-tensor amax=6.7061 calibrator=MaxCalibrator quant)
model.25.cv3.0.0.0.conv.output_quantizer                                         TensorQuantizer(disabled)
model.25.cv3.0.0.0.conv.weight_quantizer                                         TensorQuantizer(8 bit fake axis=0 amax=[0.0181, 0.1042](64) calibrator=MaxCalibrator quant)
model.25.cv3.0.0.0.bn.input_quantizer                                            TensorQuantizer(disabled)
model.25.cv3.0.0.0.bn.output_quantizer                                           TensorQuantizer(disabled)
model.25.cv3.0.0.1.conv.input_quantizer                                          TensorQuantizer(8 bit fake per-tensor amax=7.4358 calibrator=MaxCalibrator quant)
model.25.cv3.0.0.1.conv.output_quantizer                                         TensorQuantizer(disabled)
model.25.cv3.0.0.1.conv.weight_quantizer                                         TensorQuantizer(8 bit fake axis=0 amax=[0.0294, 0.1487](80) calibrator=MaxCalibrator quant)
model.25.cv3.0.0.1.bn.input_quantizer                                            TensorQuantizer(disabled)
model.25.cv3.0.0.1.bn.output_quantizer                                           TensorQuantizer(disabled)
model.25.cv3.0.1.0.conv.input_quantizer                                          TensorQuantizer(8 bit fake per-tensor amax=11.1167 calibrator=MaxCalibrator quant)
model.25.cv3.0.1.0.conv.output_quantizer                                         TensorQuantizer(disabled)
model.25.cv3.0.1.0.conv.weight_quantizer                                         TensorQuantizer(8 bit fake axis=0 amax=[0.0208, 0.1875](80) calibrator=MaxCalibrator quant)
model.25.cv3.0.1.0.bn.input_quantizer                                            TensorQuantizer(disabled)
model.25.cv3.0.1.0.bn.output_quantizer                                           TensorQuantizer(disabled)
model.25.cv3.0.1.1.conv.input_quantizer                                          TensorQuantizer(8 bit fake per-tensor amax=20.4235 calibrator=MaxCalibrator quant)
model.25.cv3.0.1.1.conv.output_quantizer                                         TensorQuantizer(disabled)
model.25.cv3.0.1.1.conv.weight_quantizer                                         TensorQuantizer(8 bit fake axis=0 amax=[0.0358, 0.1252](80) calibrator=MaxCalibrator quant)
model.25.cv3.0.1.1.bn.input_quantizer                                            TensorQuantizer(disabled)
model.25.cv3.0.1.1.bn.output_quantizer                                           TensorQuantizer(disabled)
model.25.cv3.0.2.input_quantizer                                                 TensorQuantizer(8 bit fake per-tensor amax=130.1911 calibrator=MaxCalibrator quant)
model.25.cv3.0.2.output_quantizer                                                TensorQuantizer(disabled)
model.25.cv3.0.2.weight_quantizer                                                TensorQuantizer(8 bit fake axis=0 amax=[0.0634, 0.1646](80) calibrator=MaxCalibrator quant)
model.25.cv3.1.0.0.conv.input_quantizer                                          TensorQuantizer(8 bit fake per-tensor amax=12.2457 calibrator=MaxCalibrator quant)
model.25.cv3.1.0.0.conv.output_quantizer                                         TensorQuantizer(disabled)
model.25.cv3.1.0.0.conv.weight_quantizer                                         TensorQuantizer(8 bit fake axis=0 amax=[0.0072, 0.1005](128) calibrator=MaxCalibrator quant)
model.25.cv3.1.0.0.bn.input_quantizer                                            TensorQuantizer(disabled)
model.25.cv3.1.0.0.bn.output_quantizer                                           TensorQuantizer(disabled)
model.25.cv3.1.0.1.conv.input_quantizer                                          TensorQuantizer(8 bit fake per-tensor amax=15.1810 calibrator=MaxCalibrator quant)
model.25.cv3.1.0.1.conv.output_quantizer                                         TensorQuantizer(disabled)
model.25.cv3.1.0.1.conv.weight_quantizer                                         TensorQuantizer(8 bit fake axis=0 amax=[0.0264, 0.1126](80) calibrator=MaxCalibrator quant)
model.25.cv3.1.0.1.bn.input_quantizer                                            TensorQuantizer(disabled)
model.25.cv3.1.0.1.bn.output_quantizer                                           TensorQuantizer(disabled)
model.25.cv3.1.1.0.conv.input_quantizer                                          TensorQuantizer(8 bit fake per-tensor amax=14.8727 calibrator=MaxCalibrator quant)
model.25.cv3.1.1.0.conv.output_quantizer                                         TensorQuantizer(disabled)
model.25.cv3.1.1.0.conv.weight_quantizer                                         TensorQuantizer(8 bit fake axis=0 amax=[0.0161, 0.1252](80) calibrator=MaxCalibrator quant)
model.25.cv3.1.1.0.bn.input_quantizer                                            TensorQuantizer(disabled)
model.25.cv3.1.1.0.bn.output_quantizer                                           TensorQuantizer(disabled)
model.25.cv3.1.1.1.conv.input_quantizer                                          TensorQuantizer(8 bit fake per-tensor amax=48.8279 calibrator=MaxCalibrator quant)
model.25.cv3.1.1.1.conv.output_quantizer                                         TensorQuantizer(disabled)
model.25.cv3.1.1.1.conv.weight_quantizer                                         TensorQuantizer(8 bit fake axis=0 amax=[0.0337, 0.1092](80) calibrator=MaxCalibrator quant)
model.25.cv3.1.1.1.bn.input_quantizer                                            TensorQuantizer(disabled)
model.25.cv3.1.1.1.bn.output_quantizer                                           TensorQuantizer(disabled)
model.25.cv3.1.2.input_quantizer                                                 TensorQuantizer(8 bit fake per-tensor amax=89.3433 calibrator=MaxCalibrator quant)
model.25.cv3.1.2.output_quantizer                                                TensorQuantizer(disabled)
model.25.cv3.1.2.weight_quantizer                                                TensorQuantizer(8 bit fake axis=0 amax=[0.0676, 0.2083](80) calibrator=MaxCalibrator quant)
model.25.cv3.2.0.0.conv.input_quantizer                                          TensorQuantizer(8 bit fake per-tensor amax=11.5760 calibrator=MaxCalibrator quant)
model.25.cv3.2.0.0.conv.output_quantizer                                         TensorQuantizer(disabled)
model.25.cv3.2.0.0.conv.weight_quantizer                                         TensorQuantizer(8 bit fake axis=0 amax=[0.0072, 0.0789](128) calibrator=MaxCalibrator quant)
model.25.cv3.2.0.0.bn.input_quantizer                                            TensorQuantizer(disabled)
model.25.cv3.2.0.0.bn.output_quantizer                                           TensorQuantizer(disabled)
model.25.cv3.2.0.1.conv.input_quantizer                                          TensorQuantizer(8 bit fake per-tensor amax=14.1406 calibrator=MaxCalibrator quant)
model.25.cv3.2.0.1.conv.output_quantizer                                         TensorQuantizer(disabled)
model.25.cv3.2.0.1.conv.weight_quantizer                                         TensorQuantizer(8 bit fake axis=0 amax=[0.0174, 0.1083](80) calibrator=MaxCalibrator quant)
model.25.cv3.2.0.1.bn.input_quantizer                                            TensorQuantizer(disabled)
model.25.cv3.2.0.1.bn.output_quantizer                                           TensorQuantizer(disabled)
model.25.cv3.2.1.0.conv.input_quantizer                                          TensorQuantizer(8 bit fake per-tensor amax=10.9232 calibrator=MaxCalibrator quant)
model.25.cv3.2.1.0.conv.output_quantizer                                         TensorQuantizer(disabled)
model.25.cv3.2.1.0.conv.weight_quantizer                                         TensorQuantizer(8 bit fake axis=0 amax=[0.0206, 0.0957](80) calibrator=MaxCalibrator quant)
model.25.cv3.2.1.0.bn.input_quantizer                                            TensorQuantizer(disabled)
model.25.cv3.2.1.0.bn.output_quantizer                                           TensorQuantizer(disabled)
model.25.cv3.2.1.1.conv.input_quantizer                                          TensorQuantizer(8 bit fake per-tensor amax=24.2604 calibrator=MaxCalibrator quant)
model.25.cv3.2.1.1.conv.output_quantizer                                         TensorQuantizer(disabled)
model.25.cv3.2.1.1.conv.weight_quantizer                                         TensorQuantizer(8 bit fake axis=0 amax=[0.0288, 0.0792](80) calibrator=MaxCalibrator quant)
model.25.cv3.2.1.1.bn.input_quantizer                                            TensorQuantizer(disabled)
model.25.cv3.2.1.1.bn.output_quantizer                                           TensorQuantizer(disabled)
model.25.cv3.2.2.input_quantizer                                                 TensorQuantizer(8 bit fake per-tensor amax=54.7279 calibrator=MaxCalibrator quant)
model.25.cv3.2.2.output_quantizer                                                TensorQuantizer(disabled)
model.25.cv3.2.2.weight_quantizer                                                TensorQuantizer(8 bit fake axis=0 amax=[0.0405, 0.1390](80) calibrator=MaxCalibrator quant)
model.25.dfl.conv.input_quantizer                                                TensorQuantizer(disabled)
model.25.dfl.conv.output_quantizer                                               TensorQuantizer(disabled)
model.25.dfl.conv.weight_quantizer                                               TensorQuantizer(disabled)
931 TensorQuantizers found in model
[mtq] exporting with 360 active quantizers (1 candidate weight sets)
[onnx] runs/a3/v01n/qdq/qat_qdq_model.onnx
  [audit int8-qdq] engine layer precisions: {'Float': 91, 'Half': 177, 'Int8': 196}
Ultralytics 8.4.101 🚀 Python-3.11.10 torch-2.4.1+cu124 CUDA:0 (NVIDIA L4, 22563MiB)
Loading runs/a3/v01n/qdq/model_int8-qdq_model.engine for TensorRT inference...
[08/23/2026-07:58:43] [TRT] [I] Loaded engine size: 20 MiB
[08/23/2026-07:58:43] [TRT] [I] [MemUsageChange] TensorRT-managed allocation in IExecutionContext creation: CPU +1, GPU +30, now: CPU 1, GPU 42 (MiB)
Setting batch=1 input of shape (1, 3, 640, 640)
WARNING ⚠️ [34m[1mval: [0mSlow image access detected (ping: 0.7±0.1 ms, read: 27.8±12.2 MB/s, size: 148.1 KB). Use local storage instead of remote/mounted storage for better performance. See https://docs.ultralytics.com/guides/model-training-tips/
[K[34m[1mval: [0mScanning /data/datasets/coco/labels/val2017.cache... 4952 images, 48 backgrounds, 0 corrupt: 100% ━━━━━━━━━━━━ 5000/5000 723.2Mit/s 0.0s
[K                 Class     Images  Instances      Box(P          R      mAP50  mAP50-95): 0% ──────────── 10/5000 29.1it/s 0.1s<2:52[K                 Class     Images  Instances      Box(P          R      mAP50  mAP50-95): 0% ──────────── 26/5000 65.8it/s 0.2s<1:16[K                 Class     Images  Instances      Box(P          R      mAP50  mAP50-95): 0% ──────────── 42/5000 92.0it/s 0.3s<53.9s[K                 Class     Images  Instances      Box(P          R      mAP50  mAP50-95): 1% ──────────── 56/5000 105.4it/s 0.4s<46.9s[K                 Class     Images  Instances      Box(P          R      mAP50  mAP50-95): 1% ──────────── 71/5000 117.6it/s 0.5s<41.9s[K                 Class     Images  Instances      Box(P          R      mAP50  mAP50-95): 1% ──────────── 86/5000 124.5it/s 0.6s<39.5s[K                 Class     Images  Instances      Box(P          R      mAP50  mAP50-95): 2% ──────────── 100/5000 127.0it/s 0.7s<38.6s[K                 Class     Images  Instances      Box(P          R      mAP50  mAP50-95): 2% ──────────── 113/5000 126.6it/s 0.8s<38.6s[K                 Class     Images  Instances      Box(P          R      mAP50  mAP50-95): 2% ──────────── 127/5000 129.3it/s 0.9s<37.7s[K                 Class     Images  Instances      Box(P          R      mAP50  mAP50-95): 2% ──────────── 141/5000 129.4it/s 1.0s<37.6s[K                 Class     Images  Instances      Box(P          R      mAP50  mAP50-95): 3% ──────────── 156/5000 133.8it/s 1.1s<36.2s[K                 Class     Images  Instances      Box(P          R      mAP50  mAP50-95): 3% ──────────── 171/5000 136.3it/s 1.3s<35.4s[K                 Class     Images  Instances      Box(P          R      mAP50  mAP50-95): 3% ──────────── 182/5000 122.8it/s 1.4s<39.2s[K                 Class     Images  Instances      Box(P          R      mAP50  mAP50-95): 3% ──────────── 196/5000 127.4it/s 1.5s<37.7s[K                 Class     Images  Instances      Box(P          R      mAP50  mAP50-95): 4% ╸─────────── 210/5000 130.9it/s 1.6s<36.6s[K                 Class     Images  Instances      Box(P          R      mAP50  mAP50-95): 4% ╸─────────── 223/5000 129.5it/s 1.7s<36.9s[K                 Class     Images  Instances      Box(P          R      mAP50  mAP50-95): 4% ╸─────────── 237/5000 132.0it/s 1.8s<36.1s[K                 Class     Images  Instances      Box(P          R      mAP50  mAP50-95): 5% ╸─────────── 251/5000 133.4it/s 1.9s<35.6s[K                 Class     Images  Instances      Box(P          R      mAP50  mAP50-95): 5% ╸─────────── 266/5000 136.7it/s 2.0s<34.6s[K                 Class     Images  Instances      Box(P          R      mAP50  mAP50-95): 5% ╸─────────── 280/5000 136.5it/s 2.1s<34.6s[K                 Class     Images  Instances      Box(P          R      mAP50  mAP50-95): 5% ╸─────────── 294/5000 136.5it/s 2.2s<34.5s[K                 Class     Images  Instances      Box(P          R      mAP50  mAP50-95): 6% ╸─────────── 309/5000 139.0it/s 2.3s<33.8s[K                 Class     Images  Instances      Box(P          R      mAP50  mAP50-95): 6% ╸─────────── 324/5000 139.3it/s 2.4s<33.6s[K                 Class     Images  Instances      Box(P          R      mAP50  mAP50-95): 6% ╸─────────── 338/5000 138.7it/s 2.5s<33.6s[K                 Class     Images  Instances      Box(P          R      mAP50  mAP50-95): 7% ╸─────────── 352/5000 138.8it/s 2.6s<33.5s[K                 Class     Images  Instances      Box(P          R      mAP50  mAP50-95): 7% ╸─────────── 366/5000 137.4it/s 2.7s<33.7s[K                 Class     Images  Instances      Box(P          R      mAP50  mAP50-95): 7% ╸─────────── 382/5000 141.2it/s 2.8s<32.7s[K                 Class     Images  Instances      Box(P          R      mAP50  mAP50-95): 7% ╸─────────── 397/5000 142.5it/s 2.9s<32.3s[K                 Class     Images  Instances      Box(P          R      mAP50  mAP50-95): 8% ╸─────────── 412/5000 142.2it/s 3.0s<32.3s[K                 Class     Images  Instances      Box(P          R      mAP50  mAP50-95): 8% ━─────────── 427/5000 142.2it/s 3.1s<32.2s[K                 Class     Images  Instances      Box(P          R      mAP50  mAP50-95): 8% ━─────────── 442/5000 143.0it/s 3.2s<31.9s[K                 Class     Images  Instances      Box(P          R      mAP50  mAP50-95): 9% ━─────────── 457/5000 143.8it/s 3.3s<31.6s[K                 Class     Images  Instances      Box(P          R      mAP50  mAP50-95): 9% ━─────────── 471/5000 141.3it/s 3.4s<32.0s[K                 Class     Images  Instances      Box(P          R      mAP50  mAP50-95): 9% ━─────────── 485/5000 136.0it/s 3.6s<33.2s[K                 Class     Images  Instances      Box(P          R      mAP50  mAP50-95): 10% ━─────────── 501/5000 141.8it/s 3.7s<31.7s[K                 Class     Images  Instances      Box(P          R      mAP50  mAP50-95): 10% ━─────────── 515/5000 140.2it/s 3.8s<32.0s[K                 Class     Images  Instances      Box(P          R      mAP50  mAP50-95): 10% ━─────────── 530/5000 140.3it/s 3.9s<31.9s[K                 Class     Images  Instances      Box(P          R      mAP50  mAP50-95): 10% ━─────────── 544/5000 138.2it/s 4.0s<32.2s[K                 Class     Images  Instances      Box(P          R      mAP50  mAP50-95): 11% ━─────────── 558/5000 138.1it/s 4.1s<32.2s[K                 Class     Images  Instances      Box(P          R      mAP50  mAP50-95): 11% ━─────────── 572/5000 138.0it/s 4.2s<32.1s[K                 Class     Images  Instances      Box(P          R      mAP50  mAP50-95): 11% ━─────────── 586/5000 136.0it/s 4.3s<32.4s[K                 Class     Images  Instances      Box(P          R      mAP50  mAP50-95): 11% ━─────────── 599/5000 133.8it/s 4.4s<32.9s[K                 Class     Images  Instances      Box(P          R      mAP50  mAP50-95): 12% ━─────────── 615/5000 138.6it/s 4.5s<31.6s[K                 Class     Images  Instances      Box(P          R      mAP50  mAP50-95): 12% ━╸────────── 629/5000 138.7it/s 4.6s<31.5s[K                 Class     Images  Instances      Box(P          R      mAP50  mAP50-95): 12% ━╸────────── 643/5000 137.1it/s 4.7s<31.8s[K                 Class     Images  Instances      Box(P          R      mAP50  mAP50-95): 13% ━╸────────── 657/5000 137.2it/s 4.8s<31.7s[K                 Class     Images  Instances      Box(P          R      mAP50  mAP50-95): 13% ━╸────────── 671/5000 137.7it/s 4.9s<31.4s[K                 Class     Images  Instances      Box(P          R      mAP50  mAP50-95): 13% ━╸────────── 686/5000 139.4it/s 5.0s<31.0s[K                 Class     Images  Instances      Box(P          R      mAP50  mAP50-95): 13% ━╸────────── 696/5000 126.5it/s 5.1s<34.0s[K                 Class     Images  Instances      Box(P          R      mAP50  mAP50-95): 14% ━╸────────── 711/5000 130.8it/s 5.2s<32.8s[K                 Class     Images  Instances      Box(P          R      mAP50  mAP50-95): 14% ━╸────────── 725/5000 131.9it/s 5.3s<32.4s[K                 Class     Images  Instances      Box(P          R      mAP50  mAP50-95): 14% ━╸────────── 740/5000 135.0it/s 5.4s<31.6s[K                 Class     Images  Instances      Box(P          R      mAP50  mAP50-95): 15% ━╸────────── 754/5000 135.6it/s 5.5s<31.3s[K                 Class     Images  Instances      Box(P          R      mAP50  mAP50-95): 15% ━╸────────── 768/5000 136.3it/s 5.6s<31.0s[K                 Class     Images  Instances      Box(P          R      mAP50  mAP50-95): 15% ━╸────────── 783/5000 137.5it/s 5.7s<30.7s[K                 Class     Images  Instances      Box(P          R      mAP50  mAP50-95): 15% ━╸────────── 797/5000 137.1it/s 5.8s<30.7s[K                 Class     Images  Instances      Box(P          R      mAP50  mAP50-95): 16% ━╸────────── 810/5000 134.3it/s 5.9s<31.2s[K                 Class     Images  Instances      Box(P          R      mAP50  mAP50-95): 16% ━╸────────── 824/5000 134.8it/s 6.0s<31.0s[K                 Class     Images  Instances      Box(P          R      mAP50  mAP50-95): 16% ━━────────── 835/5000 126.9it/s 6.1s<32.8s[K                 Class     Images  Instances      Box(P          R      mAP50  mAP50-95): 16% ━━────────── 849/5000 129.8it/s 6.2s<32.0s[K                 Class     Images  Instances      Box(P          R      mAP50  mAP50-95): 17% ━━────────── 862/5000 127.8it/s 6.4s<32.4s[K                 Class     Images  Instances      Box(P          R      mAP50  mAP50-95): 17% ━━────────── 875/5000 127.3it/s 6.5s<32.4s[K                 Class     Images  Instances      Box(P          R      mAP50  mAP50-95): 17% ━━────────── 887/5000 123.9it/s 6.6s<33.2s[K                 Class     Images  Instances      Box(P          R      mAP50  mAP50-95): 18% ━━────────── 900/5000 124.6it/s 6.7s<32.9s[K                 Class     Images  Instances      Box(P          R      mAP50  mAP50-95): 18% ━━────────── 912/5000 122.7it/s 6.8s<33.3s[K                 Class     Images  Instances      Box(P          R      mAP50  mAP50-95): 18% ━━────────── 924/5000 121.6it/s 6.9s<33.5s[K                 Class     Images  Instances      Box(P          R      mAP50  mAP50-95): 18% ━━────────── 939/5000 126.7it/s 7.0s<32.0s[K                 Class     Images  Instances      Box(P          R      mAP50  mAP50-95): 19% ━━────────── 952/5000 127.0it/s 7.1s<31.9s[K                 Class     Images  Instances      Box(P          R      mAP50  mAP50-95): 19% ━━────────── 965/5000 127.2it/s 7.2s<31.7s[K                 Class     Images  Instances      Box(P          R      mAP50  mAP50-95): 19% ━━────────── 978/5000 125.8it/s 7.3s<32.0s[K                 Class     Images  Instances      Box(P          R      mAP50  mAP50-95): 19% ━━────────── 991/5000 125.9it/s 7.4s<31.8s[K                 Class     Images  Instances      Box(P          R      mAP50  mAP50-95): 20% ━━────────── 1004/5000 126.4it/s 7.5s<31.6s[K                 Class     Images  Instances      Box(P          R      mAP50  mAP50-95): 20% ━━────────── 1014/5000 116.2it/s 7.6s<34.3s[K                 Class     Images  Instances      Box(P          R      mAP50  mAP50-95): 20% ━━────────── 1028/5000 122.1it/s 7.7s<32.5s[K                 Class     Images  Instances      Box(P          R      mAP50  mAP50-95): 20% ━━────────── 1040/5000 121.1it/s 7.8s<32.7s[K                 Class     Images  Instances      Box(P          R      mAP50  mAP50-95): 21% ━━╸───────── 1055/5000 127.2it/s 7.9s<31.0s[K                 Class     Images  Instances      Box(P          R      mAP50  mAP50-95): 21% ━━╸───────── 1069/5000 129.2it/s 8.0s<30.4s[K                 Class     Images  Instances      Box(P          R      mAP50  mAP50-95): 21% ━━╸───────── 1082/5000 129.2it/s 8.1s<30.3s[K                 Class     Images  Instances      Box(P          R      mAP50  mAP50-95): 21% ━━╸───────── 1096/5000 132.1it/s 8.2s<29.5s[K                 Class     Images  Instances      Box(P          R      mAP50  mAP50-95): 22% ━━╸───────── 1110/5000 133.3it/s 8.3s<29.2s[K                 Class     Images  Instances      Box(P          R      mAP50  mAP50-95): 22% ━━╸───────── 1124/5000 134.2it/s 8.4s<28.9s[K                 Class     Images  Instances      Box(P          R      mAP50  mAP50-95): 22% ━━╸───────── 1138/5000 134.9it/s 8.5s<28.6s[K                 Class     Images  Instances      Box(P          R      mAP50  mAP50-95): 23% ━━╸───────── 1152/5000 135.8it/s 8.6s<28.3s[K                 Class     Images  Instances      Box(P          R      mAP50  mAP50-95): 23% ━━╸───────── 1166/5000 136.5it/s 8.7s<28.1s[K                 Class     Images  Instances      Box(P          R      mAP50  mAP50-95): 23% ━━╸───────── 1180/5000 136.9it/s 8.8s<27.9s[K                 Class     Images  Instances      Box(P          R      mAP50  mAP50-95): 23% ━━╸───────── 1194/5000 136.5it/s 8.9s<27.9s[K                 Class     Images  Instances      Box(P          R      mAP50  mAP50-95): 24% ━━╸───────── 1208/5000 135.6it/s 9.0s<28.0s[K                 Class     Images  Instances      Box(P          R      mAP50  mAP50-95): 24% ━━╸───────── 1221/5000 133.0it/s 9.1s<28.4s[K                 Class     Images  Instances      Box(P          R      mAP50  mAP50-95): 24% ━━╸───────── 1234/5000 132.0it/s 9.2s<28.5s[K                 Class     Images  Instances      Box(P          R      mAP50  mAP50-95): 24% ━━╸───────── 1248/5000 132.7it/s 9.3s<28.3s[K                 Class     Images  Instances      Box(P          R      mAP50  mAP50-95): 25% ━━━───────── 1262/5000 133.1it/s 9.4s<28.1s[K                 Class     Images  Instances      Box(P          R      mAP50  mAP50-95): 25% ━━━───────── 1276/5000 134.2it/s 9.5s<27.7s[K                 Class     Images  Instances      Box(P          R      mAP50  mAP50-95): 25% ━━━───────── 1291/5000 135.5it/s 9.7s<27.4s[K                 Class     Images  Instances      Box(P          R      mAP50  mAP50-95): 26% ━━━───────── 1305/5000 136.6it/s 9.8s<27.0s[K                 Class     Images  Instances      Box(P          R      mAP50  mAP50-95): 26% ━━━───────── 1317/5000 131.1it/s 9.9s<28.1s[K                 Class     Images  Instances      Box(P          R      mAP50  mAP50-95): 26% ━━━───────── 1330/5000 130.5it/s 10.0s<28.1s[K                 Class     Images  Instances      Box(P          R      mAP50  mAP50-95): 26% ━━━───────── 1342/5000 126.8it/s 10.1s<28.9s[K                 Class     Images  Instances      Box(P          R      mAP50  mAP50-95): 27% ━━━───────── 1357/5000 132.1it/s 10.2s<27.6s[K                 Class     Images  Instances      Box(P          R      mAP50  mAP50-95): 27% ━━━───────── 1371/5000 131.8it/s 10.3s<27.5s[K                 Class     Images  Instances      Box(P          R      mAP50  mAP50-95): 27% ━━━───────── 1385/5000 132.8it/s 10.4s<27.2s[K                 Class     Images  Instances      Box(P          R      mAP50  mAP50-95): 27% ━━━───────── 1399/5000 132.4it/s 10.5s<27.2s[K                 Class     Images  Instances      Box(P          R      mAP50  mAP50-95): 28% ━━━───────── 1413/5000 133.5it/s 10.6s<26.9s[K                 Class     Images  Instances      Box(P          R      mAP50  mAP50-95): 28% ━━━───────── 1426/5000 131.6it/s 10.7s<27.2s[K                 Class     Images  Instances      Box(P          R      mAP50  mAP50-95): 28% ━━━───────── 1439/5000 130.1it/s 10.8s<27.4s[K                 Class     Images  Instances      Box(P          R      mAP50  mAP50-95): 29% ━━━───────── 1452/5000 128.8it/s 10.9s<27.6s[K                 Class     Images  Instances      Box(P          R      mAP50  mAP50-95): 29% ━━━╸──────── 1466/5000 131.5it/s 11.0s<26.9s[K                 Class     Images  Instances      Box(P          R      mAP50  mAP50-95): 29% ━━━╸──────── 1479/5000 129.8it/s 11.1s<27.1s[K                 Class     Images  Instances      Box(P          R      mAP50  mAP50-95): 29% ━━━╸──────── 1492/5000 129.5it/s 11.2s<27.1s[K                 Class     Images  Instances      Box(P          R      mAP50  mAP50-95): 30% ━━━╸──────── 1505/5000 129.0it/s 11.3s<27.1s[K                 Class     Images  Instances      Box(P          R      mAP50  mAP50-95): 30% ━━━╸──────── 1519/5000 131.1it/s 11.4s<26.5s[K                 Class     Images  Instances      Box(P          R      mAP50  mAP50-95): 30% ━━━╸──────── 1533/5000 130.6it/s 11.5s<26.6s[K                 Class     Images  Instances      Box(P          R      mAP50  mAP50-95): 30% ━━━╸──────── 1546/5000 128.5it/s 11.6s<26.9s[K                 Class     Images  Instances      Box(P          R      mAP50  mAP50-95): 31% ━━━╸──────── 1560/5000 130.9it/s 11.7s<26.3s[K                 Class     Images  Instances      Box(P          R      mAP50  mAP50-95): 31% ━━━╸──────── 1574/5000 131.3it/s 11.8s<26.1s[K                 Class     Images  Instances      Box(P          R      mAP50  mAP50-95): 31% ━━━╸──────── 1587/5000 129.9it/s 11.9s<26.3s[K                 Class     Images  Instances      Box(P          R      mAP50  mAP50-95): 32% ━━━╸──────── 1600/5000 129.1it/s 12.0s<26.3s[K                 Class     Images  Instances      Box(P          R      mAP50  mAP50-95): 32% ━━━╸──────── 1614/5000 130.0it/s 12.1s<26.0s[K                 Class     Images  Instances      Box(P          R      mAP50  mAP50-95): 32% ━━━╸──────── 1627/5000 128.3it/s 12.2s<26.3s[K                 Class     Images  Instances      Box(P          R      mAP50  mAP50-95): 32% ━━━╸──────── 1640/5000 128.8it/s 12.3s<26.1s[K                 Class     Images  Instances      Box(P          R      mAP50  mAP50-95): 33% ━━━╸──────── 1654/5000 130.5it/s 12.4s<25.6s[K                 Class     Images  Instances      Box(P          R      mAP50  mAP50-95): 33% ━━━━──────── 1667/5000 130.2it/s 12.5s<25.6s[K                 Class     Images  Instances      Box(P          R      mAP50  mAP50-95): 33% ━━━━──────── 1681/5000 130.4it/s 12.6s<25.5s[K                 Class     Images  Instances      Box(P          R      mAP50  mAP50-95): 33% ━━━━──────── 1694/5000 129.7it/s 12.7s<25.5s[K                 Class     Images  Instances      Box(P          R      mAP50  mAP50-95): 34% ━━━━──────── 1708/5000 130.4it/s 12.9s<25.3s[K                 Class     Images  Instances      Box(P          R      mAP50  mAP50-95): 34% ━━━━──────── 1721/5000 128.3it/s 13.0s<25.6s[K                 Class     Images  Instances      Box(P          R      mAP50  mAP50-95): 34% ━━━━──────── 1737/5000 134.7it/s 13.1s<24.2s[K                 Class     Images  Instances      Box(P          R      mAP50  mAP50-95): 35% ━━━━──────── 1753/5000 139.8it/s 13.2s<23.2s[K                 Class     Images  Instances      Box(P          R      mAP50  mAP50-95): 35% ━━━━──────── 1768/5000 141.6it/s 13.3s<22.8s[K                 Class     Images  Instances      Box(P          R      mAP50  mAP50-95): 35% ━━━━──────── 1783/5000 141.5it/s 13.4s<22.7s[K                 Class     Images  Instances      Box(P          R      mAP50  mAP50-95): 35% ━━━━──────── 1798/5000 142.6it/s 13.5s<22.5s[K                 Class     Images  Instances      Box(P          R      mAP50  mAP50-95): 36% ━━━━──────── 1812/5000 141.7it/s 13.6s<22.5s[K                 Class     Images  Instances      Box(P          R      mAP50  mAP50-95): 36% ━━━━──────── 1826/5000 140.7it/s 13.7s<22.6s[K                 Class     Images  Instances      Box(P          R      mAP50  mAP50-95): 36% ━━━━──────── 1840/5000 139.5it/s 13.8s<22.7s[K                 Class     Images  Instances      Box(P          R      mAP50  mAP50-95): 37% ━━━━──────── 1855/5000 136.4it/s 13.9s<23.1s[K                 Class     Images  Instances      Box(P          R      mAP50  mAP50-95): 37% ━━━━──────── 1871/5000 142.9it/s 14.0s<21.9s[K                 Class     Images  Instances      Box(P          R      mAP50  mAP50-95): 37% ━━━━╸─────── 1886/5000 143.3it/s 14.1s<21.7s[K                 Class     Images  Instances      Box(P          R      mAP50  mAP50-95): 38% ━━━━╸─────── 1901/5000 144.1it/s 14.2s<21.5s[K                 Class     Images  Instances      Box(P          R      mAP50  mAP50-95): 38% ━━━━╸─────── 1916/5000 144.0it/s 14.3s<21.4s[K                 Class     Images  Instances      Box(P          R      mAP50  mAP50-95): 38% ━━━━╸─────── 1929/5000 138.4it/s 14.4s<22.2s[K                 Class     Images  Instances      Box(P          R      mAP50  mAP50-95): 38% ━━━━╸─────── 1944/5000 140.1it/s 14.5s<21.8s[K                 Class     Images  Instances      Box(P          R      mAP50  mAP50-95): 39% ━━━━╸─────── 1958/5000 139.0it/s 14.6s<21.9s[K                 Class     Images  Instances      Box(P          R      mAP50  mAP50-95): 39% ━━━━╸─────── 1973/5000 140.4it/s 14.7s<21.6s[K                 Class     Images  Instances      Box(P          R      mAP50  mAP50-95): 39% ━━━━╸─────── 1988/5000 141.1it/s 14.8s<21.3s[K                 Class     Images  Instances      Box(P          R      mAP50  mAP50-95): 40% ━━━━╸─────── 2003/5000 141.6it/s 14.9s<21.2s[K                 Class     Images  Instances      Box(P          R      mAP50  mAP50-95): 40% ━━━━╸─────── 2018/5000 142.1it/s 15.0s<21.0s[K                 Class     Images  Instances      Box(P          R      mAP50  mAP50-95): 40% ━━━━╸─────── 2033/5000 141.8it/s 15.2s<20.9s[K                 Class     Images  Instances      Box(P          R      mAP50  mAP50-95): 40% ━━━━╸─────── 2047/5000 139.9it/s 15.3s<21.1s[K                 Class     Images  Instances      Box(P          R      mAP50  mAP50-95): 41% ━━━━╸─────── 2062/5000 142.8it/s 15.4s<20.6s[K                 Class     Images  Instances      Box(P          R      mAP50  mAP50-95): 41% ━━━━╸─────── 2077/5000 142.1it/s 15.5s<20.6s[K                 Class     Images  Instances      Box(P          R      mAP50  mAP50-95): 41% ━━━━━─────── 2090/5000 137.8it/s 15.6s<21.1s[K                 Class     Images  Instances      Box(P          R      mAP50  mAP50-95): 42% ━━━━━─────── 2106/5000 143.8it/s 15.7s<20.1s[K                 Class     Images  Instances      Box(P          R      mAP50  mAP50-95): 42% ━━━━━─────── 2121/5000 143.5it/s 15.8s<20.1s[K                 Class     Images  Instances      Box(P          R      mAP50  mAP50-95): 42% ━━━━━─────── 2130/5000 109.8it/s 16.1s<26.1s[K                 Class     Images  Instances      Box(P          R      mAP50  mAP50-95): 42% ━━━━━─────── 2144/5000 117.8it/s 16.2s<24.3s[K                 Class     Images  Instances      Box(P          R      mAP50  mAP50-95): 43% ━━━━━─────── 2158/5000 121.9it/s 16.3s<23.3s[K                 Class     Images  Instances      Box(P          R      mAP50  mAP50-95): 43% ━━━━━─────── 2172/5000 125.9it/s 16.4s<22.5s[K                 Class     Images  Instances      Box(P          R      mAP50  mAP50-95): 43% ━━━━━─────── 2187/5000 131.2it/s 16.5s<21.4s[K                 Class     Images  Instances      Box(P          R      mAP50  mAP50-95): 44% ━━━━━─────── 2201/5000 132.7it/s 16.6s<21.1s[K                 Class     Images  Instances      Box(P          R      mAP50  mAP50-95): 44% ━━━━━─────── 2214/5000 131.8it/s 16.7s<21.1s[K                 Class     Images  Instances      Box(P          R      mAP50  mAP50-95): 44% ━━━━━─────── 2228/5000 133.3it/s 16.8s<20.8s[K                 Class     Images  Instances      Box(P          R      mAP50  mAP50-95): 44% ━━━━━─────── 2242/5000 134.9it/s 16.9s<20.4s[K                 Class     Images  Instances      Box(P          R      mAP50  mAP50-95): 45% ━━━━━─────── 2257/5000 137.1it/s 17.0s<20.0s[K                 Class     Images  Instances      Box(P          R      mAP50  mAP50-95): 45% ━━━━━─────── 2271/5000 135.6it/s 17.1s<20.1s[K                 Class     Images  Instances      Box(P          R      mAP50  mAP50-95): 45% ━━━━━─────── 2285/5000 135.7it/s 17.2s<20.0s[K                 Class     Images  Instances      Box(P          R      mAP50  mAP50-95): 46% ━━━━━╸────── 2300/5000 139.6it/s 17.3s<19.3s[K                 Class     Images  Instances      Box(P          R      mAP50  mAP50-95): 46% ━━━━━╸────── 2314/5000 137.6it/s 17.4s<19.5s[K                 Class     Images  Instances      Box(P          R      mAP50  mAP50-95): 46% ━━━━━╸────── 2329/5000 139.0it/s 17.5s<19.2s[K                 Class     Images  Instances      Box(P          R      mAP50  mAP50-95): 46% ━━━━━╸────── 2344/5000 140.3it/s 17.6s<18.9s[K                 Class     Images  Instances      Box(P          R      mAP50  mAP50-95): 47% ━━━━━╸────── 2359/5000 140.9it/s 17.7s<18.7s[K                 Class     Images  Instances      Box(P          R      mAP50  mAP50-95): 47% ━━━━━╸────── 2372/5000 136.4it/s 17.8s<19.3s[K                 Class     Images  Instances      Box(P          R      mAP50  mAP50-95): 47% ━━━━━╸────── 2386/5000 135.2it/s 17.9s<19.3s[K                 Class     Images  Instances      Box(P          R      mAP50  mAP50-95): 48% ━━━━━╸────── 2401/5000 138.0it/s 18.0s<18.8s[K                 Class     Images  Instances      Box(P          R      mAP50  mAP50-95): 48% ━━━━━╸────── 2415/5000 137.1it/s 18.1s<18.9s[K                 Class     Images  Instances      Box(P          R      mAP50  mAP50-95): 48% ━━━━━╸────── 2429/5000 136.8it/s 18.2s<18.8s[K                 Class     Images  Instances      Box(P          R      mAP50  mAP50-95): 48% ━━━━━╸────── 2443/5000 137.0it/s 18.3s<18.7s[K                 Class     Images  Instances      Box(P          R      mAP50  mAP50-95): 49% ━━━━━╸────── 2457/5000 137.3it/s 18.4s<18.5s[K                 Class     Images  Instances      Box(P          R      mAP50  mAP50-95): 49% ━━━━━╸────── 2465/5000 118.4it/s 18.6s<21.4s[K                 Class     Images  Instances      Box(P          R      mAP50  mAP50-95): 49% ━━━━━╸────── 2478/5000 119.8it/s 18.7s<21.1s[K                 Class     Images  Instances      Box(P          R      mAP50  mAP50-95): 49% ━━━━━╸────── 2493/5000 126.7it/s 18.8s<19.8s[K                 Class     Images  Instances      Box(P          R      mAP50  mAP50-95): 50% ━━━━━━────── 2508/5000 131.6it/s 18.9s<18.9s[K                 Class     Images  Instances      Box(P          R      mAP50  mAP50-95): 50% ━━━━━━────── 2522/5000 132.5it/s 19.0s<18.7s[K                 Class     Images  Instances      Box(P          R      mAP50  mAP50-95): 50% ━━━━━━────── 2536/5000 134.7it/s 19.1s<18.3s[K                 Class     Images  Instances      Box(P          R      mAP50  mAP50-95): 51% ━━━━━━────── 2550/5000 135.2it/s 19.2s<18.1s[K                 Class     Images  Instances      Box(P          R      mAP50  mAP50-95): 51% ━━━━━━────── 2565/5000 137.4it/s 19.3s<17.7s[K                 Class     Images  Instances      Box(P          R      mAP50  mAP50-95): 51% ━━━━━━────── 2577/5000 131.9it/s 19.4s<18.4s[K                 Class     Images  Instances      Box(P          R      mAP50  mAP50-95): 51% ━━━━━━────── 2590/5000 129.5it/s 19.5s<18.6s[K                 Class     Images  Instances      Box(P          R      mAP50  mAP50-95): 52% ━━━━━━────── 2606/5000 136.2it/s 19.6s<17.6s[K                 Class     Images  Instances      Box(P          R      mAP50  mAP50-95): 52% ━━━━━━────── 2620/5000 137.0it/s 19.7s<17.4s[K                 Class     Images  Instances      Box(P          R      mAP50  mAP50-95): 52% ━━━━━━────── 2633/5000 134.3it/s 19.8s<17.6s[K                 Class     Images  Instances      Box(P          R      mAP50  mAP50-95): 52% ━━━━━━────── 2647/5000 135.2it/s 19.9s<17.4s[K                 Class     Images  Instances      Box(P          R      mAP50  mAP50-95): 53% ━━━━━━────── 2661/5000 136.1it/s 20.0s<17.2s[K                 Class     Images  Instances      Box(P          R      mAP50  mAP50-95): 53% ━━━━━━────── 2676/5000 134.7it/s 20.1s<17.2s[K                 Class     Images  Instances      Box(P          R      mAP50  mAP50-95): 53% ━━━━━━────── 2690/5000 136.2it/s 20.2s<17.0s[K                 Class     Images  Instances      Box(P          R      mAP50  mAP50-95): 54% ━━━━━━────── 2704/5000 136.0it/s 20.3s<16.9s[K                 Class     Images  Instances      Box(P          R      mAP50  mAP50-95): 54% ━━━━━━╸───── 2718/5000 136.8it/s 20.4s<16.7s[K                 Class     Images  Instances      Box(P          R      mAP50  mAP50-95): 54% ━━━━━━╸───── 2733/5000 138.6it/s 20.5s<16.4s[K                 Class     Images  Instances      Box(P          R      mAP50  mAP50-95): 54% ━━━━━━╸───── 2748/5000 139.4it/s 20.6s<16.2s[K                 Class     Images  Instances      Box(P          R      mAP50  mAP50-95): 55% ━━━━━━╸───── 2763/5000 139.6it/s 20.7s<16.0s[K                 Class     Images  Instances      Box(P          R      mAP50  mAP50-95): 55% ━━━━━━╸───── 2778/5000 140.8it/s 20.8s<15.8s[K                 Class     Images  Instances      Box(P          R      mAP50  mAP50-95): 55% ━━━━━━╸───── 2791/5000 136.2it/s 20.9s<16.2s[K                 Class     Images  Instances      Box(P          R      mAP50  mAP50-95): 56% ━━━━━━╸───── 2805/5000 137.3it/s 21.0s<16.0s[K                 Class     Images  Instances      Box(P          R      mAP50  mAP50-95): 56% ━━━━━━╸───── 2819/5000 136.5it/s 21.1s<16.0s[K                 Class     Images  Instances      Box(P          R      mAP50  mAP50-95): 56% ━━━━━━╸───── 2834/5000 140.0it/s 21.2s<15.5s[K                 Class     Images  Instances      Box(P          R      mAP50  mAP50-95): 56% ━━━━━━╸───── 2848/5000 138.9it/s 21.3s<15.5s[K                 Class     Images  Instances      Box(P          R      mAP50  mAP50-95): 57% ━━━━━━╸───── 2863/5000 141.7it/s 21.4s<15.1s[K                 Class     Images  Instances      Box(P          R      mAP50  mAP50-95): 57% ━━━━━━╸───── 2877/5000 140.3it/s 21.6s<15.1s[K                 Class     Images  Instances      Box(P          R      mAP50  mAP50-95): 57% ━━━━━━╸───── 2891/5000 140.0it/s 21.7s<15.1s[K                 Class     Images  Instances      Box(P          R      mAP50  mAP50-95): 58% ━━━━━━╸───── 2905/5000 137.0it/s 21.8s<15.3s[K                 Class     Images  Instances      Box(P          R      mAP50  mAP50-95): 58% ━━━━━━━───── 2919/5000 136.3it/s 21.9s<15.3s[K                 Class     Images  Instances      Box(P          R      mAP50  mAP50-95): 58% ━━━━━━━───── 2934/5000 138.7it/s 22.0s<14.9s[K                 Class     Images  Instances      Box(P          R      mAP50  mAP50-95): 58% ━━━━━━━───── 2949/5000 139.3it/s 22.1s<14.7s[K                 Class     Images  Instances      Box(P          R      mAP50  mAP50-95): 59% ━━━━━━━───── 2964/5000 140.4it/s 22.2s<14.5s[K                 Class     Images  Instances      Box(P          R      mAP50  mAP50-95): 59% ━━━━━━━───── 2979/5000 142.4it/s 22.3s<14.2s[K                 Class     Images  Instances      Box(P          R      mAP50  mAP50-95): 59% ━━━━━━━───── 2993/5000 140.9it/s 22.4s<14.2s[K                 Class     Images  Instances      Box(P          R      mAP50  mAP50-95): 60% ━━━━━━━───── 3008/5000 142.1it/s 22.5s<14.0s[K                 Class     Images  Instances      Box(P          R      mAP50  mAP50-95): 60% ━━━━━━━───── 3023/5000 142.1it/s 22.6s<13.9s[K                 Class     Images  Instances      Box(P          R      mAP50  mAP50-95): 60% ━━━━━━━───── 3037/5000 140.4it/s 22.7s<14.0s[K                 Class     Images  Instances      Box(P          R      mAP50  mAP50-95): 61% ━━━━━━━───── 3052/5000 141.2it/s 22.8s<13.8s[K                 Class     Images  Instances      Box(P          R      mAP50  mAP50-95): 61% ━━━━━━━───── 3067/5000 141.2it/s 22.9s<13.7s[K                 Class     Images  Instances      Box(P          R      mAP50  mAP50-95): 61% ━━━━━━━───── 3081/5000 139.8it/s 23.0s<13.7s[K                 Class     Images  Instances      Box(P          R      mAP50  mAP50-95): 61% ━━━━━━━───── 3095/5000 137.9it/s 23.1s<13.8s[K                 Class     Images  Instances      Box(P          R      mAP50  mAP50-95): 62% ━━━━━━━───── 3109/5000 137.8it/s 23.2s<13.7s[K                 Class     Images  Instances      Box(P          R      mAP50  mAP50-95): 62% ━━━━━━━───── 3123/5000 136.7it/s 23.3s<13.7s[K                 Class     Images  Instances      Box(P          R      mAP50  mAP50-95): 62% ━━━━━━━╸──── 3137/5000 137.1it/s 23.4s<13.6s[K                 Class     Images  Instances      Box(P          R      mAP50  mAP50-95): 63% ━━━━━━━╸──── 3151/5000 136.2it/s 23.5s<13.6s[K                 Class     Images  Instances      Box(P          R      mAP50  mAP50-95): 63% ━━━━━━━╸──── 3166/5000 138.8it/s 23.6s<13.2s[K                 Class     Images  Instances      Box(P          R      mAP50  mAP50-95): 63% ━━━━━━━╸──── 3180/5000 138.4it/s 23.7s<13.2s[K                 Class     Images  Instances      Box(P          R      mAP50  mAP50-95): 63% ━━━━━━━╸──── 3195/5000 139.7it/s 23.8s<12.9s[K                 Class     Images  Instances      Box(P          R      mAP50  mAP50-95): 64% ━━━━━━━╸──── 3209/5000 138.1it/s 23.9s<13.0s[K                 Class     Images  Instances      Box(P          R      mAP50  mAP50-95): 64% ━━━━━━━╸──── 3223/5000 136.9it/s 24.0s<13.0s[K                 Class     Images  Instances      Box(P          R      mAP50  mAP50-95): 64% ━━━━━━━╸──── 3237/5000 137.7it/s 24.1s<12.8s[K                 Class     Images  Instances      Box(P          R      mAP50  mAP50-95): 65% ━━━━━━━╸──── 3250/5000 135.2it/s 24.2s<12.9s[K                 Class     Images  Instances      Box(P          R      mAP50  mAP50-95): 65% ━━━━━━━╸──── 3266/5000 139.5it/s 24.4s<12.4s[K                 Class     Images  Instances      Box(P          R      mAP50  mAP50-95): 65% ━━━━━━━╸──── 3280/5000 138.3it/s 24.5s<12.4s[K                 Class     Images  Instances      Box(P          R      mAP50  mAP50-95): 65% ━━━━━━━╸──── 3293/5000 135.3it/s 24.6s<12.6s[K                 Class     Images  Instances      Box(P          R      mAP50  mAP50-95): 66% ━━━━━━━╸──── 3308/5000 137.2it/s 24.7s<12.3s[K                 Class     Images  Instances      Box(P          R      mAP50  mAP50-95): 66% ━━━━━━━╸──── 3323/5000 138.6it/s 24.8s<12.1s[K                 Class     Images  Instances      Box(P          R      mAP50  mAP50-95): 66% ━━━━━━━━──── 3337/5000 137.4it/s 24.9s<12.1s[K                 Class     Images  Instances      Box(P          R      mAP50  mAP50-95): 67% ━━━━━━━━──── 3351/5000 137.8it/s 25.0s<12.0s[K                 Class     Images  Instances      Box(P          R      mAP50  mAP50-95): 67% ━━━━━━━━──── 3365/5000 135.3it/s 25.1s<12.1s[K                 Class     Images  Instances      Box(P          R      mAP50  mAP50-95): 67% ━━━━━━━━──── 3380/5000 138.6it/s 25.2s<11.7s[K                 Class     Images  Instances      Box(P          R      mAP50  mAP50-95): 67% ━━━━━━━━──── 3395/5000 139.6it/s 25.3s<11.5s[K                 Class     Images  Instances      Box(P          R      mAP50  mAP50-95): 68% ━━━━━━━━──── 3409/5000 139.5it/s 25.4s<11.4s[K                 Class     Images  Instances      Box(P          R      mAP50  mAP50-95): 68% ━━━━━━━━──── 3423/5000 139.7it/s 25.5s<11.3s[K                 Class     Images  Instances      Box(P          R      mAP50  mAP50-95): 68% ━━━━━━━━──── 3437/5000 133.0it/s 25.6s<11.8s[K                 Class     Images  Instances      Box(P          R      mAP50  mAP50-95): 69% ━━━━━━━━──── 3451/5000 133.4it/s 25.7s<11.6s[K                 Class     Images  Instances      Box(P          R      mAP50  mAP50-95): 69% ━━━━━━━━──── 3465/5000 134.7it/s 25.8s<11.4s[K                 Class     Images  Instances      Box(P          R      mAP50  mAP50-95): 69% ━━━━━━━━──── 3480/5000 137.0it/s 25.9s<11.1s[K                 Class     Images  Instances      Box(P          R      mAP50  mAP50-95): 69% ━━━━━━━━──── 3495/5000 138.6it/s 26.0s<10.9s[K                 Class     Images  Instances      Box(P          R      mAP50  mAP50-95): 70% ━━━━━━━━──── 3509/5000 137.6it/s 26.1s<10.8s[K                 Class     Images  Instances      Box(P          R      mAP50  mAP50-95): 70% ━━━━━━━━──── 3524/5000 139.4it/s 26.2s<10.6s[K                 Class     Images  Instances      Box(P          R      mAP50  mAP50-95): 70% ━━━━━━━━──── 3539/5000 140.5it/s 26.3s<10.4s[K                 Class     Images  Instances      Box(P          R      mAP50  mAP50-95): 71% ━━━━━━━━╸─── 3553/5000 139.6it/s 26.4s<10.4s[K                 Class     Images  Instances      Box(P          R      mAP50  mAP50-95): 71% ━━━━━━━━╸─── 3567/5000 139.2it/s 26.5s<10.3s[K                 Class     Images  Instances      Box(P          R      mAP50  mAP50-95): 71% ━━━━━━━━╸─── 3582/5000 139.2it/s 26.6s<10.2s[K                 Class     Images  Instances      Box(P          R      mAP50  mAP50-95): 71% ━━━━━━━━╸─── 3596/5000 139.1it/s 26.7s<10.1s[K                 Class     Images  Instances      Box(P          R      mAP50  mAP50-95): 72% ━━━━━━━━╸─── 3610/5000 138.2it/s 26.9s<10.1s[K                 Class     Images  Instances      Box(P          R      mAP50  mAP50-95): 72% ━━━━━━━━╸─── 3625/5000 136.9it/s 27.0s<10.0s[K                 Class     Images  Instances      Box(P          R      mAP50  mAP50-95): 72% ━━━━━━━━╸─── 3640/5000 140.6it/s 27.1s<9.7s[K                 Class     Images  Instances      Box(P          R      mAP50  mAP50-95): 73% ━━━━━━━━╸─── 3655/5000 141.1it/s 27.2s<9.5s[K                 Class     Images  Instances      Box(P          R      mAP50  mAP50-95): 73% ━━━━━━━━╸─── 3669/5000 140.7it/s 27.3s<9.5s[K                 Class     Images  Instances      Box(P          R      mAP50  mAP50-95): 73% ━━━━━━━━╸─── 3684/5000 141.0it/s 27.4s<9.3s[K                 Class     Images  Instances      Box(P          R      mAP50  mAP50-95): 73% ━━━━━━━━╸─── 3698/5000 139.3it/s 27.5s<9.3s[K                 Class     Images  Instances      Box(P          R      mAP50  mAP50-95): 74% ━━━━━━━━╸─── 3713/5000 140.4it/s 27.6s<9.2s[K                 Class     Images  Instances      Box(P          R      mAP50  mAP50-95): 74% ━━━━━━━━╸─── 3728/5000 141.1it/s 27.7s<9.0s[K                 Class     Images  Instances      Box(P          R      mAP50  mAP50-95): 74% ━━━━━━━━╸─── 3742/5000 139.0it/s 27.8s<9.0s[K                 Class     Images  Instances      Box(P          R      mAP50  mAP50-95): 75% ━━━━━━━━━─── 3752/5000 127.0it/s 27.9s<9.8s[K                 Class     Images  Instances      Box(P          R      mAP50  mAP50-95): 75% ━━━━━━━━━─── 3766/5000 129.2it/s 28.0s<9.5s[K                 Class     Images  Instances      Box(P          R      mAP50  mAP50-95): 75% ━━━━━━━━━─── 3781/5000 133.2it/s 28.1s<9.1s[K                 Class     Images  Instances      Box(P          R      mAP50  mAP50-95): 75% ━━━━━━━━━─── 3795/5000 134.4it/s 28.2s<9.0s[K                 Class     Images  Instances      Box(P          R      mAP50  mAP50-95): 76% ━━━━━━━━━─── 3809/5000 135.9it/s 28.3s<8.8s[K                 Class     Images  Instances      Box(P          R      mAP50  mAP50-95): 76% ━━━━━━━━━─── 3824/5000 137.4it/s 28.4s<8.6s[K                 Class     Images  Instances      Box(P          R      mAP50  mAP50-95): 76% ━━━━━━━━━─── 3839/5000 138.6it/s 28.5s<8.4s[K                 Class     Images  Instances      Box(P          R      mAP50  mAP50-95): 77% ━━━━━━━━━─── 3853/5000 138.4it/s 28.6s<8.3s[K                 Class     Images  Instances      Box(P          R      mAP50  mAP50-95): 77% ━━━━━━━━━─── 3868/5000 139.3it/s 28.7s<8.1s[K                 Class     Images  Instances      Box(P          R      mAP50  mAP50-95): 77% ━━━━━━━━━─── 3882/5000 137.1it/s 28.8s<8.2s[K                 Class     Images  Instances      Box(P          R      mAP50  mAP50-95): 77% ━━━━━━━━━─── 3896/5000 137.6it/s 28.9s<8.0s[K                 Class     Images  Instances      Box(P          R      mAP50  mAP50-95): 78% ━━━━━━━━━─── 3909/5000 133.5it/s 29.0s<8.2s[K                 Class     Images  Instances      Box(P          R      mAP50  mAP50-95): 78% ━━━━━━━━━─── 3923/5000 134.1it/s 29.1s<8.0s[K                 Class     Images  Instances      Box(P          R      mAP50  mAP50-95): 78% ━━━━━━━━━─── 3937/5000 134.2it/s 29.2s<7.9s[K                 Class     Images  Instances      Box(P          R      mAP50  mAP50-95): 79% ━━━━━━━━━─── 3951/5000 133.7it/s 29.4s<7.8s[K                 Class     Images  Instances      Box(P          R      mAP50  mAP50-95): 79% ━━━━━━━━━╸── 3965/5000 134.5it/s 29.5s<7.7s[K                 Class     Images  Instances      Box(P          R      mAP50  mAP50-95): 79% ━━━━━━━━━╸── 3979/5000 135.4it/s 29.6s<7.5s[K                 Class     Images  Instances      Box(P          R      mAP50  mAP50-95): 79% ━━━━━━━━━╸── 3993/5000 135.9it/s 29.7s<7.4s[K                 Class     Images  Instances      Box(P          R      mAP50  mAP50-95): 80% ━━━━━━━━━╸── 4007/5000 134.7it/s 29.8s<7.4s[K                 Class     Images  Instances      Box(P          R      mAP50  mAP50-95): 80% ━━━━━━━━━╸── 4020/5000 132.6it/s 29.9s<7.4s[K                 Class     Images  Instances      Box(P          R      mAP50  mAP50-95): 80% ━━━━━━━━━╸── 4033/5000 131.2it/s 30.0s<7.4s[K                 Class     Images  Instances      Box(P          R      mAP50  mAP50-95): 80% ━━━━━━━━━╸── 4048/5000 134.1it/s 30.1s<7.1s[K                 Class     Images  Instances      Box(P          R      mAP50  mAP50-95): 81% ━━━━━━━━━╸── 4062/5000 134.6it/s 30.2s<7.0s[K                 Class     Images  Instances      Box(P          R      mAP50  mAP50-95): 81% ━━━━━━━━━╸── 4075/5000 131.0it/s 30.3s<7.1s[K                 Class     Images  Instances      Box(P          R      mAP50  mAP50-95): 81% ━━━━━━━━━╸── 4089/5000 133.3it/s 30.4s<6.8s[K                 Class     Images  Instances      Box(P          R      mAP50  mAP50-95): 82% ━━━━━━━━━╸── 4103/5000 133.6it/s 30.5s<6.7s[K                 Class     Images  Instances      Box(P          R      mAP50  mAP50-95): 82% ━━━━━━━━━╸── 4118/5000 136.7it/s 30.6s<6.5s[K                 Class     Images  Instances      Box(P          R      mAP50  mAP50-95): 82% ━━━━━━━━━╸── 4133/5000 138.1it/s 30.7s<6.3s[K                 Class     Images  Instances      Box(P          R      mAP50  mAP50-95): 82% ━━━━━━━━━╸── 4148/5000 139.0it/s 30.8s<6.1s[K                 Class     Images  Instances      Box(P          R      mAP50  mAP50-95): 83% ━━━━━━━━━╸── 4161/5000 135.6it/s 30.9s<6.2s[K                 Class     Images  Instances      Box(P          R      mAP50  mAP50-95): 83% ━━━━━━━━━━── 4176/5000 137.8it/s 31.0s<6.0s[K                 Class     Images  Instances      Box(P          R      mAP50  mAP50-95): 83% ━━━━━━━━━━── 4190/5000 138.3it/s 31.1s<5.9s[K                 Class     Images  Instances      Box(P          R      mAP50  mAP50-95): 84% ━━━━━━━━━━── 4203/5000 135.4it/s 31.2s<5.9s[K                 Class     Images  Instances      Box(P          R      mAP50  mAP50-95): 84% ━━━━━━━━━━── 4217/5000 136.2it/s 31.3s<5.7s[K                 Class     Images  Instances      Box(P          R      mAP50  mAP50-95): 84% ━━━━━━━━━━── 4232/5000 137.5it/s 31.4s<5.6s[K                 Class     Images  Instances      Box(P          R      mAP50  mAP50-95): 84% ━━━━━━━━━━── 4246/5000 136.0it/s 31.5s<5.5s[K                 Class     Images  Instances      Box(P          R      mAP50  mAP50-95): 85% ━━━━━━━━━━── 4260/5000 135.9it/s 31.6s<5.4s[K                 Class     Images  Instances      Box(P          R      mAP50  mAP50-95): 85% ━━━━━━━━━━── 4275/5000 138.4it/s 31.7s<5.2s[K                 Class     Images  Instances      Box(P          R      mAP50  mAP50-95): 85% ━━━━━━━━━━── 4289/5000 138.1it/s 31.8s<5.1s[K                 Class     Images  Instances      Box(P          R      mAP50  mAP50-95): 86% ━━━━━━━━━━── 4303/5000 138.4it/s 31.9s<5.0s[K                 Class     Images  Instances      Box(P          R      mAP50  mAP50-95): 86% ━━━━━━━━━━── 4317/5000 138.1it/s 32.0s<4.9s[K                 Class     Images  Instances      Box(P          R      mAP50  mAP50-95): 86% ━━━━━━━━━━── 4331/5000 138.1it/s 32.1s<4.8s[K                 Class     Images  Instances      Box(P          R      mAP50  mAP50-95): 86% ━━━━━━━━━━── 4346/5000 139.6it/s 32.2s<4.7s[K                 Class     Images  Instances      Box(P          R      mAP50  mAP50-95): 87% ━━━━━━━━━━── 4361/5000 139.5it/s 32.4s<4.6s[K                 Class     Images  Instances      Box(P          R      mAP50  mAP50-95): 87% ━━━━━━━━━━╸─ 4376/5000 140.3it/s 32.5s<4.4s[K                 Class     Images  Instances      Box(P          R      mAP50  mAP50-95): 87% ━━━━━━━━━━╸─ 4390/5000 139.4it/s 32.6s<4.4s[K                 Class     Images  Instances      Box(P          R      mAP50  mAP50-95): 88% ━━━━━━━━━━╸─ 4404/5000 139.5it/s 32.7s<4.3s[K                 Class     Images  Instances      Box(P          R      mAP50  mAP50-95): 88% ━━━━━━━━━━╸─ 4418/5000 138.8it/s 32.8s<4.2s[K                 Class     Images  Instances      Box(P          R      mAP50  mAP50-95): 88% ━━━━━━━━━━╸─ 4432/5000 136.8it/s 32.9s<4.2s[K                 Class     Images  Instances      Box(P          R      mAP50  mAP50-95): 88% ━━━━━━━━━━╸─ 4446/5000 137.7it/s 33.0s<4.0s[K                 Class     Images  Instances      Box(P          R      mAP50  mAP50-95): 89% ━━━━━━━━━━╸─ 4460/5000 137.4it/s 33.1s<3.9s[K                 Class     Images  Instances      Box(P          R      mAP50  mAP50-95): 89% ━━━━━━━━━━╸─ 4473/5000 133.6it/s 33.2s<3.9s[K                 Class     Images  Instances      Box(P          R      mAP50  mAP50-95): 89% ━━━━━━━━━━╸─ 4489/5000 140.3it/s 33.3s<3.6s[K                 Class     Images  Instances      Box(P          R      mAP50  mAP50-95): 90% ━━━━━━━━━━╸─ 4503/5000 140.2it/s 33.4s<3.5s[K                 Class     Images  Instances      Box(P          R      mAP50  mAP50-95): 90% ━━━━━━━━━━╸─ 4518/5000 140.4it/s 33.5s<3.4s[K                 Class     Images  Instances      Box(P          R      mAP50  mAP50-95): 90% ━━━━━━━━━━╸─ 4532/5000 140.1it/s 33.6s<3.3s[K                 Class     Images  Instances      Box(P          R      mAP50  mAP50-95): 90% ━━━━━━━━━━╸─ 4546/5000 139.8it/s 33.7s<3.2s[K                 Class     Images  Instances      Box(P          R      mAP50  mAP50-95): 91% ━━━━━━━━━━╸─ 4561/5000 140.6it/s 33.8s<3.1s[K                 Class     Images  Instances      Box(P          R      mAP50  mAP50-95): 91% ━━━━━━━━━━╸─ 4575/5000 138.1it/s 33.9s<3.1s[K                 Class     Images  Instances      Box(P          R      mAP50  mAP50-95): 91% ━━━━━━━━━━━─ 4589/5000 138.2it/s 34.0s<3.0s[K                 Class     Images  Instances      Box(P          R      mAP50  mAP50-95): 92% ━━━━━━━━━━━─ 4604/5000 139.5it/s 34.1s<2.8s[K                 Class     Images  Instances      Box(P          R      mAP50  mAP50-95): 92% ━━━━━━━━━━━─ 4619/5000 139.8it/s 34.2s<2.7s[K                 Class     Images  Instances      Box(P          R      mAP50  mAP50-95): 92% ━━━━━━━━━━━─ 4634/5000 141.2it/s 34.3s<2.6s[K                 Class     Images  Instances      Box(P          R      mAP50  mAP50-95): 92% ━━━━━━━━━━━─ 4648/5000 139.3it/s 34.4s<2.5s[K                 Class     Images  Instances      Box(P          R      mAP50  mAP50-95): 93% ━━━━━━━━━━━─ 4662/5000 139.3it/s 34.5s<2.4s[K                 Class     Images  Instances      Box(P          R      mAP50  mAP50-95): 93% ━━━━━━━━━━━─ 4676/5000 139.4it/s 34.6s<2.3s[K                 Class     Images  Instances      Box(P          R      mAP50  mAP50-95): 93% ━━━━━━━━━━━─ 4690/5000 137.8it/s 34.7s<2.2s[K                 Class     Images  Instances      Box(P          R      mAP50  mAP50-95): 94% ━━━━━━━━━━━─ 4704/5000 136.6it/s 34.8s<2.2s[K                 Class     Images  Instances      Box(P          R      mAP50  mAP50-95): 94% ━━━━━━━━━━━─ 4719/5000 138.6it/s 34.9s<2.0s[K                 Class     Images  Instances      Box(P          R      mAP50  mAP50-95): 94% ━━━━━━━━━━━─ 4734/5000 139.9it/s 35.0s<1.9s[K                 Class     Images  Instances      Box(P          R      mAP50  mAP50-95): 94% ━━━━━━━━━━━─ 4748/5000 139.4it/s 35.1s<1.8s[K                 Class     Images  Instances      Box(P          R      mAP50  mAP50-95): 95% ━━━━━━━━━━━─ 4762/5000 138.8it/s 35.2s<1.7s[K                 Class     Images  Instances      Box(P          R      mAP50  mAP50-95): 95% ━━━━━━━━━━━─ 4776/5000 138.6it/s 35.3s<1.6s[K                 Class     Images  Instances      Box(P          R      mAP50  mAP50-95): 95% ━━━━━━━━━━━─ 4791/5000 140.1it/s 35.4s<1.5s[K                 Class     Images  Instances      Box(P          R      mAP50  mAP50-95): 96% ━━━━━━━━━━━╸ 4805/5000 137.6it/s 35.6s<1.4s[K                 Class     Images  Instances      Box(P          R      mAP50  mAP50-95): 96% ━━━━━━━━━━━╸ 4818/5000 135.0it/s 35.7s<1.3s[K                 Class     Images  Instances      Box(P          R      mAP50  mAP50-95): 96% ━━━━━━━━━━━╸ 4834/5000 139.8it/s 35.8s<1.2s[K                 Class     Images  Instances      Box(P          R      mAP50  mAP50-95): 96% ━━━━━━━━━━━╸ 4849/5000 140.1it/s 35.9s<1.1s[K                 Class     Images  Instances      Box(P          R      mAP50  mAP50-95): 97% ━━━━━━━━━━━╸ 4864/5000 140.6it/s 36.0s<1.0s[K                 Class     Images  Instances      Box(P          R      mAP50  mAP50-95): 97% ━━━━━━━━━━━╸ 4879/5000 141.1it/s 36.1s<0.9s[K                 Class     Images  Instances      Box(P          R      mAP50  mAP50-95): 97% ━━━━━━━━━━━╸ 4894/5000 140.8it/s 36.2s<0.8s[K                 Class     Images  Instances      Box(P          R      mAP50  mAP50-95): 98% ━━━━━━━━━━━╸ 4908/5000 139.4it/s 36.3s<0.7s[K                 Class     Images  Instances      Box(P          R      mAP50  mAP50-95): 98% ━━━━━━━━━━━╸ 4922/5000 139.2it/s 36.4s<0.6s[K                 Class     Images  Instances      Box(P          R      mAP50  mAP50-95): 98% ━━━━━━━━━━━╸ 4935/5000 135.5it/s 36.5s<0.5s[K                 Class     Images  Instances      Box(P          R      mAP50  mAP50-95): 99% ━━━━━━━━━━━╸ 4950/5000 139.3it/s 36.6s<0.4s[K                 Class     Images  Instances      Box(P          R      mAP50  mAP50-95): 99% ━━━━━━━━━━━╸ 4964/5000 138.9it/s 36.7s<0.3s[K                 Class     Images  Instances      Box(P          R      mAP50  mAP50-95): 99% ━━━━━━━━━━━╸ 4978/5000 138.7it/s 36.8s<0.2s[K                 Class     Images  Instances      Box(P          R      mAP50  mAP50-95): 99% ━━━━━━━━━━━╸ 4993/5000 139.3it/s 36.9s<0.1s[K                 Class     Images  Instances      Box(P          R      mAP50  mAP50-95): 100% ━━━━━━━━━━━━ 5000/5000 135.3it/s 37.0s
                   all       5000      36335      0.676      0.533      0.577      0.413
Speed: 0.8ms preprocess, 2.7ms inference, 0.0ms loss, 1.0ms postprocess per image
[int8-qdq model] 2.238ms  mAP50 0.5773  mAP50-95 0.4129  size 21.1MB
