/usr/local/lib/python3.11/dist-packages/torch/cuda/__init__.py:58: FutureWarning: The pynvml package is deprecated. Please install nvidia-ml-py instead. If you did not install pynvml directly, please report this to the maintainers of the package that installed pynvml for you.
  import pynvml  # type: ignore[import]
[repair] add_residual forced False on 3 blocks; property shadows stripped 0; ES_MOE dense=False
[repair] attached moe_loss_fn to model.6 (E=4)
[repair] attached moe_loss_fn to model.9 (E=8)
[repair] attached moe_loss_fn to model.12 (E=16)
[mtq] sensitive set 'default': ('*model.0.*', '*model.1.*', '*routing*', '*router*', '*dfl*')
[calib] 1024 train images from /data/datasets/coco/images/train2017
Inserted 931 quantizers
[mtq] calibrated in 31s, 360 active quantizers, 0 uncalibrated->disabled
model.0.conv.input_quantizer                                                     TensorQuantizer(disabled)
model.0.conv.output_quantizer                                                    TensorQuantizer(disabled)
model.0.conv.weight_quantizer                                                    TensorQuantizer(disabled)
model.0.bn.input_quantizer                                                       TensorQuantizer(disabled)
model.0.bn.output_quantizer                                                      TensorQuantizer(disabled)
model.1.conv.input_quantizer                                                     TensorQuantizer(disabled)
model.1.conv.output_quantizer                                                    TensorQuantizer(disabled)
model.1.conv.weight_quantizer                                                    TensorQuantizer(disabled)
model.1.bn.input_quantizer                                                       TensorQuantizer(disabled)
model.1.bn.output_quantizer                                                      TensorQuantizer(disabled)
model.2.cv1.conv.input_quantizer                                                 TensorQuantizer(8 bit fake per-tensor amax=121.8418 calibrator=MaxCalibrator quant)
model.2.cv1.conv.output_quantizer                                                TensorQuantizer(disabled)
model.2.cv1.conv.weight_quantizer                                                TensorQuantizer(8 bit fake axis=0 amax=[0.1113, 0.3723](32) calibrator=MaxCalibrator quant)
model.2.cv1.bn.input_quantizer                                                   TensorQuantizer(disabled)
model.2.cv1.bn.output_quantizer                                                  TensorQuantizer(disabled)
model.2.cv2.conv.input_quantizer                                                 TensorQuantizer(8 bit fake per-tensor amax=43.1684 calibrator=MaxCalibrator quant)
model.2.cv2.conv.output_quantizer                                                TensorQuantizer(disabled)
model.2.cv2.conv.weight_quantizer                                                TensorQuantizer(8 bit fake axis=0 amax=[0.0818, 0.2629](64) calibrator=MaxCalibrator quant)
model.2.cv2.bn.input_quantizer                                                   TensorQuantizer(disabled)
model.2.cv2.bn.output_quantizer                                                  TensorQuantizer(disabled)
model.2.m.0.cv1.conv.input_quantizer                                             TensorQuantizer(8 bit fake per-tensor amax=14.8057 calibrator=MaxCalibrator quant)
model.2.m.0.cv1.conv.output_quantizer                                            TensorQuantizer(disabled)
model.2.m.0.cv1.conv.weight_quantizer                                            TensorQuantizer(8 bit fake axis=0 amax=[0.1067, 0.3032](8) calibrator=MaxCalibrator quant)
model.2.m.0.cv1.bn.input_quantizer                                               TensorQuantizer(disabled)
model.2.m.0.cv1.bn.output_quantizer                                              TensorQuantizer(disabled)
model.2.m.0.cv2.conv.input_quantizer                                             TensorQuantizer(8 bit fake per-tensor amax=16.0400 calibrator=MaxCalibrator quant)
model.2.m.0.cv2.conv.output_quantizer                                            TensorQuantizer(disabled)
model.2.m.0.cv2.conv.weight_quantizer                                            TensorQuantizer(8 bit fake axis=0 amax=[0.0636, 0.1589](16) calibrator=MaxCalibrator quant)
model.2.m.0.cv2.bn.input_quantizer                                               TensorQuantizer(disabled)
model.2.m.0.cv2.bn.output_quantizer                                              TensorQuantizer(disabled)
model.3.cv1.conv.input_quantizer                                                 TensorQuantizer(8 bit fake per-tensor amax=31.4483 calibrator=MaxCalibrator quant)
model.3.cv1.conv.output_quantizer                                                TensorQuantizer(disabled)
model.3.cv1.conv.weight_quantizer                                                TensorQuantizer(8 bit fake axis=0 amax=[0.0997, 0.2355](32) calibrator=MaxCalibrator quant)
model.3.cv1.bn.input_quantizer                                                   TensorQuantizer(disabled)
model.3.cv1.bn.output_quantizer                                                  TensorQuantizer(disabled)
model.3.cv2.conv.input_quantizer                                                 TensorQuantizer(8 bit fake per-tensor amax=10.5344 calibrator=MaxCalibrator quant)
model.3.cv2.conv.output_quantizer                                                TensorQuantizer(disabled)
model.3.cv2.conv.weight_quantizer                                                TensorQuantizer(8 bit fake axis=0 amax=[0.0754, 0.2793](64) calibrator=MaxCalibrator quant)
model.3.cv2.bn.input_quantizer                                                   TensorQuantizer(disabled)
model.3.cv2.bn.output_quantizer                                                  TensorQuantizer(disabled)
model.3.m.0.cv1.conv.input_quantizer                                             TensorQuantizer(8 bit fake per-tensor amax=5.9708 calibrator=MaxCalibrator quant)
model.3.m.0.cv1.conv.output_quantizer                                            TensorQuantizer(disabled)
model.3.m.0.cv1.conv.weight_quantizer                                            TensorQuantizer(8 bit fake axis=0 amax=[0.1609, 0.2383](8) calibrator=MaxCalibrator quant)
model.3.m.0.cv1.bn.input_quantizer                                               TensorQuantizer(disabled)
model.3.m.0.cv1.bn.output_quantizer                                              TensorQuantizer(disabled)
model.3.m.0.cv2.conv.input_quantizer                                             TensorQuantizer(8 bit fake per-tensor amax=8.2136 calibrator=MaxCalibrator quant)
model.3.m.0.cv2.conv.output_quantizer                                            TensorQuantizer(disabled)
model.3.m.0.cv2.conv.weight_quantizer                                            TensorQuantizer(8 bit fake axis=0 amax=[0.1006, 0.1682](16) calibrator=MaxCalibrator quant)
model.3.m.0.cv2.bn.input_quantizer                                               TensorQuantizer(disabled)
model.3.m.0.cv2.bn.output_quantizer                                              TensorQuantizer(disabled)
model.4.conv.input_quantizer                                                     TensorQuantizer(8 bit fake per-tensor amax=7.5298 calibrator=MaxCalibrator quant)
model.4.conv.output_quantizer                                                    TensorQuantizer(disabled)
model.4.conv.weight_quantizer                                                    TensorQuantizer(8 bit fake axis=0 amax=[0.0407, 0.1992](64) calibrator=MaxCalibrator quant)
model.4.bn.input_quantizer                                                       TensorQuantizer(disabled)
model.4.bn.output_quantizer                                                      TensorQuantizer(disabled)
model.5.cv1.conv.input_quantizer                                                 TensorQuantizer(8 bit fake per-tensor amax=5.8502 calibrator=MaxCalibrator quant)
model.5.cv1.conv.output_quantizer                                                TensorQuantizer(disabled)
model.5.cv1.conv.weight_quantizer                                                TensorQuantizer(8 bit fake axis=0 amax=[0.0658, 0.2085](64) calibrator=MaxCalibrator quant)
model.5.cv1.bn.input_quantizer                                                   TensorQuantizer(disabled)
model.5.cv1.bn.output_quantizer                                                  TensorQuantizer(disabled)
model.5.cv2.conv.input_quantizer                                                 TensorQuantizer(8 bit fake per-tensor amax=6.0167 calibrator=MaxCalibrator quant)
model.5.cv2.conv.output_quantizer                                                TensorQuantizer(disabled)
model.5.cv2.conv.weight_quantizer                                                TensorQuantizer(8 bit fake axis=0 amax=[0.0536, 0.2854](128) calibrator=MaxCalibrator quant)
model.5.cv2.bn.input_quantizer                                                   TensorQuantizer(disabled)
model.5.cv2.bn.output_quantizer                                                  TensorQuantizer(disabled)
model.5.m.0.cv1.conv.input_quantizer                                             TensorQuantizer(8 bit fake per-tensor amax=4.0984 calibrator=MaxCalibrator quant)
model.5.m.0.cv1.conv.output_quantizer                                            TensorQuantizer(disabled)
model.5.m.0.cv1.conv.weight_quantizer                                            TensorQuantizer(8 bit fake axis=0 amax=[0.0894, 0.1796](16) calibrator=MaxCalibrator quant)
model.5.m.0.cv1.bn.input_quantizer                                               TensorQuantizer(disabled)
model.5.m.0.cv1.bn.output_quantizer                                              TensorQuantizer(disabled)
model.5.m.0.cv2.conv.input_quantizer                                             TensorQuantizer(8 bit fake per-tensor amax=4.5262 calibrator=MaxCalibrator quant)
model.5.m.0.cv2.conv.output_quantizer                                            TensorQuantizer(disabled)
model.5.m.0.cv2.conv.weight_quantizer                                            TensorQuantizer(8 bit fake axis=0 amax=[0.0642, 0.1780](32) calibrator=MaxCalibrator quant)
model.5.m.0.cv2.bn.input_quantizer                                               TensorQuantizer(disabled)
model.5.m.0.cv2.bn.output_quantizer                                              TensorQuantizer(disabled)
model.6.routing.router.0.input_quantizer                                         TensorQuantizer(disabled)
model.6.routing.router.0.output_quantizer                                        TensorQuantizer(disabled)
model.6.routing.router.0.weight_quantizer                                        TensorQuantizer(disabled)
model.6.routing.router.1.input_quantizer                                         TensorQuantizer(disabled)
model.6.routing.router.1.output_quantizer                                        TensorQuantizer(disabled)
model.6.routing.router.3.input_quantizer                                         TensorQuantizer(disabled)
model.6.routing.router.3.output_quantizer                                        TensorQuantizer(disabled)
model.6.routing.router.3.weight_quantizer                                        TensorQuantizer(disabled)
model.6.routing.router.4.input_quantizer                                         TensorQuantizer(disabled)
model.6.routing.router.4.output_quantizer                                        TensorQuantizer(disabled)
model.6.experts.0.conv.0.input_quantizer                                         TensorQuantizer(8 bit fake per-tensor amax=6.7020 calibrator=MaxCalibrator quant)
model.6.experts.0.conv.0.output_quantizer                                        TensorQuantizer(disabled)
model.6.experts.0.conv.0.weight_quantizer                                        TensorQuantizer(8 bit fake axis=0 amax=[0.1011, 0.2131](256) calibrator=MaxCalibrator quant)
model.6.experts.0.conv.1.input_quantizer                                         TensorQuantizer(disabled)
model.6.experts.0.conv.1.output_quantizer                                        TensorQuantizer(disabled)
model.6.experts.0.conv.3.input_quantizer                                         TensorQuantizer(8 bit fake per-tensor amax=8.3163 calibrator=MaxCalibrator quant)
model.6.experts.0.conv.3.output_quantizer                                        TensorQuantizer(disabled)
model.6.experts.0.conv.3.weight_quantizer                                        TensorQuantizer(8 bit fake axis=0 amax=[0.1759, 0.3584](128) calibrator=MaxCalibrator quant)
model.6.experts.0.conv.4.input_quantizer                                         TensorQuantizer(disabled)
model.6.experts.0.conv.4.output_quantizer                                        TensorQuantizer(disabled)
model.6.experts.1.conv.0.input_quantizer                                         TensorQuantizer(8 bit fake per-tensor amax=6.7020 calibrator=MaxCalibrator quant)
model.6.experts.1.conv.0.output_quantizer                                        TensorQuantizer(disabled)
model.6.experts.1.conv.0.weight_quantizer                                        TensorQuantizer(8 bit fake axis=0 amax=[0.1046, 0.2155](256) calibrator=MaxCalibrator quant)
model.6.experts.1.conv.1.input_quantizer                                         TensorQuantizer(disabled)
model.6.experts.1.conv.1.output_quantizer                                        TensorQuantizer(disabled)
model.6.experts.1.conv.3.input_quantizer                                         TensorQuantizer(8 bit fake per-tensor amax=7.6090 calibrator=MaxCalibrator quant)
model.6.experts.1.conv.3.output_quantizer                                        TensorQuantizer(disabled)
model.6.experts.1.conv.3.weight_quantizer                                        TensorQuantizer(8 bit fake axis=0 amax=[0.1698, 0.3279](128) calibrator=MaxCalibrator quant)
model.6.experts.1.conv.4.input_quantizer                                         TensorQuantizer(disabled)
model.6.experts.1.conv.4.output_quantizer                                        TensorQuantizer(disabled)
model.6.experts.2.conv.0.input_quantizer                                         TensorQuantizer(8 bit fake per-tensor amax=6.7020 calibrator=MaxCalibrator quant)
model.6.experts.2.conv.0.output_quantizer                                        TensorQuantizer(disabled)
model.6.experts.2.conv.0.weight_quantizer                                        TensorQuantizer(8 bit fake axis=0 amax=[0.0292, 0.1624](256) calibrator=MaxCalibrator quant)
model.6.experts.2.conv.1.input_quantizer                                         TensorQuantizer(disabled)
model.6.experts.2.conv.1.output_quantizer                                        TensorQuantizer(disabled)
model.6.experts.2.conv.3.input_quantizer                                         TensorQuantizer(8 bit fake per-tensor amax=5.8502 calibrator=MaxCalibrator quant)
model.6.experts.2.conv.3.output_quantizer                                        TensorQuantizer(disabled)
model.6.experts.2.conv.3.weight_quantizer                                        TensorQuantizer(8 bit fake axis=0 amax=[0.0269, 0.1581](128) calibrator=MaxCalibrator quant)
model.6.experts.2.conv.4.input_quantizer                                         TensorQuantizer(disabled)
model.6.experts.2.conv.4.output_quantizer                                        TensorQuantizer(disabled)
model.6.experts.3.conv.0.input_quantizer                                         TensorQuantizer(8 bit fake per-tensor amax=6.7020 calibrator=MaxCalibrator quant)
model.6.experts.3.conv.0.output_quantizer                                        TensorQuantizer(disabled)
model.6.experts.3.conv.0.weight_quantizer                                        TensorQuantizer(8 bit fake axis=0 amax=[0.0272, 0.1265](256) calibrator=MaxCalibrator quant)
model.6.experts.3.conv.1.input_quantizer                                         TensorQuantizer(disabled)
model.6.experts.3.conv.1.output_quantizer                                        TensorQuantizer(disabled)
model.6.experts.3.conv.3.input_quantizer                                         TensorQuantizer(8 bit fake per-tensor amax=5.2593 calibrator=MaxCalibrator quant)
model.6.experts.3.conv.3.output_quantizer                                        TensorQuantizer(disabled)
model.6.experts.3.conv.3.weight_quantizer                                        TensorQuantizer(8 bit fake axis=0 amax=[0.0131, 0.1034](128) calibrator=MaxCalibrator quant)
model.6.experts.3.conv.4.input_quantizer                                         TensorQuantizer(disabled)
model.6.experts.3.conv.4.output_quantizer                                        TensorQuantizer(disabled)
model.6.shared_expert.0.input_quantizer                                          TensorQuantizer(8 bit fake per-tensor amax=6.7020 calibrator=MaxCalibrator quant)
model.6.shared_expert.0.output_quantizer                                         TensorQuantizer(disabled)
model.6.shared_expert.0.weight_quantizer                                         TensorQuantizer(8 bit fake axis=0 amax=[0.0363, 0.2461](128) calibrator=MaxCalibrator quant)
model.6.shared_expert.1.input_quantizer                                          TensorQuantizer(disabled)
model.6.shared_expert.1.output_quantizer                                         TensorQuantizer(disabled)
model.7.conv.input_quantizer                                                     TensorQuantizer(8 bit fake per-tensor amax=10.5712 calibrator=MaxCalibrator quant)
model.7.conv.output_quantizer                                                    TensorQuantizer(disabled)
model.7.conv.weight_quantizer                                                    TensorQuantizer(8 bit fake axis=0 amax=[0.0231, 0.1938](128) calibrator=MaxCalibrator quant)
model.7.bn.input_quantizer                                                       TensorQuantizer(disabled)
model.7.bn.output_quantizer                                                      TensorQuantizer(disabled)
model.8.cv1.conv.input_quantizer                                                 TensorQuantizer(8 bit fake per-tensor amax=15.1140 calibrator=MaxCalibrator quant)
model.8.cv1.conv.output_quantizer                                                TensorQuantizer(disabled)
model.8.cv1.conv.weight_quantizer                                                TensorQuantizer(8 bit fake axis=0 amax=[0.0670, 0.3242](64) calibrator=MaxCalibrator quant)
model.8.cv1.bn.input_quantizer                                                   TensorQuantizer(disabled)
model.8.cv1.bn.output_quantizer                                                  TensorQuantizer(disabled)
model.8.cv2.conv.input_quantizer                                                 TensorQuantizer(8 bit fake per-tensor amax=16.6395 calibrator=MaxCalibrator quant)
model.8.cv2.conv.output_quantizer                                                TensorQuantizer(disabled)
model.8.cv2.conv.weight_quantizer                                                TensorQuantizer(8 bit fake axis=0 amax=[0.0414, 0.1665](128) calibrator=MaxCalibrator quant)
model.8.cv2.bn.input_quantizer                                                   TensorQuantizer(disabled)
model.8.cv2.bn.output_quantizer                                                  TensorQuantizer(disabled)
model.8.m.0.0.attn.qkv.conv.input_quantizer                                      TensorQuantizer(8 bit fake per-tensor amax=15.1049 calibrator=MaxCalibrator quant)
model.8.m.0.0.attn.qkv.conv.output_quantizer                                     TensorQuantizer(disabled)
model.8.m.0.0.attn.qkv.conv.weight_quantizer                                     TensorQuantizer(8 bit fake axis=0 amax=[0.0154, 0.1637](192) calibrator=MaxCalibrator quant)
model.8.m.0.0.attn.qkv.bn.input_quantizer                                        TensorQuantizer(disabled)
model.8.m.0.0.attn.qkv.bn.output_quantizer                                       TensorQuantizer(disabled)
model.8.m.0.0.attn.proj.conv.input_quantizer                                     TensorQuantizer(8 bit fake per-tensor amax=14.0653 calibrator=MaxCalibrator quant)
model.8.m.0.0.attn.proj.conv.output_quantizer                                    TensorQuantizer(disabled)
model.8.m.0.0.attn.proj.conv.weight_quantizer                                    TensorQuantizer(8 bit fake axis=0 amax=[0.0420, 0.1864](64) calibrator=MaxCalibrator quant)
model.8.m.0.0.attn.proj.bn.input_quantizer                                       TensorQuantizer(disabled)
model.8.m.0.0.attn.proj.bn.output_quantizer                                      TensorQuantizer(disabled)
model.8.m.0.0.attn.pe.conv.input_quantizer                                       TensorQuantizer(8 bit fake per-tensor amax=19.2495 calibrator=MaxCalibrator quant)
model.8.m.0.0.attn.pe.conv.output_quantizer                                      TensorQuantizer(disabled)
model.8.m.0.0.attn.pe.conv.weight_quantizer                                      TensorQuantizer(8 bit fake axis=0 amax=[0.0350, 0.1998](64) calibrator=MaxCalibrator quant)
model.8.m.0.0.attn.pe.bn.input_quantizer                                         TensorQuantizer(disabled)
model.8.m.0.0.attn.pe.bn.output_quantizer                                        TensorQuantizer(disabled)
model.8.m.0.0.mlp.0.conv.input_quantizer                                         TensorQuantizer(8 bit fake per-tensor amax=14.3975 calibrator=MaxCalibrator quant)
model.8.m.0.0.mlp.0.conv.output_quantizer                                        TensorQuantizer(disabled)
model.8.m.0.0.mlp.0.conv.weight_quantizer                                        TensorQuantizer(8 bit fake axis=0 amax=[0.0325, 0.1963](128) calibrator=MaxCalibrator quant)
model.8.m.0.0.mlp.0.bn.input_quantizer                                           TensorQuantizer(disabled)
model.8.m.0.0.mlp.0.bn.output_quantizer                                          TensorQuantizer(disabled)
model.8.m.0.0.mlp.1.conv.input_quantizer                                         TensorQuantizer(8 bit fake per-tensor amax=5.0703 calibrator=MaxCalibrator quant)
model.8.m.0.0.mlp.1.conv.output_quantizer                                        TensorQuantizer(disabled)
model.8.m.0.0.mlp.1.conv.weight_quantizer                                        TensorQuantizer(8 bit fake axis=0 amax=[0.0327, 0.1064](64) calibrator=MaxCalibrator quant)
model.8.m.0.0.mlp.1.bn.input_quantizer                                           TensorQuantizer(disabled)
model.8.m.0.0.mlp.1.bn.output_quantizer                                          TensorQuantizer(disabled)
model.8.m.0.1.attn.qkv.conv.input_quantizer                                      TensorQuantizer(8 bit fake per-tensor amax=12.3052 calibrator=MaxCalibrator quant)
model.8.m.0.1.attn.qkv.conv.output_quantizer                                     TensorQuantizer(disabled)
model.8.m.0.1.attn.qkv.conv.weight_quantizer                                     TensorQuantizer(8 bit fake axis=0 amax=[0.0272, 0.1633](192) calibrator=MaxCalibrator quant)
model.8.m.0.1.attn.qkv.bn.input_quantizer                                        TensorQuantizer(disabled)
model.8.m.0.1.attn.qkv.bn.output_quantizer                                       TensorQuantizer(disabled)
model.8.m.0.1.attn.proj.conv.input_quantizer                                     TensorQuantizer(8 bit fake per-tensor amax=6.7482 calibrator=MaxCalibrator quant)
model.8.m.0.1.attn.proj.conv.output_quantizer                                    TensorQuantizer(disabled)
model.8.m.0.1.attn.proj.conv.weight_quantizer                                    TensorQuantizer(8 bit fake axis=0 amax=[0.0378, 0.1736](64) calibrator=MaxCalibrator quant)
model.8.m.0.1.attn.proj.bn.input_quantizer                                       TensorQuantizer(disabled)
model.8.m.0.1.attn.proj.bn.output_quantizer                                      TensorQuantizer(disabled)
model.8.m.0.1.attn.pe.conv.input_quantizer                                       TensorQuantizer(8 bit fake per-tensor amax=12.3298 calibrator=MaxCalibrator quant)
model.8.m.0.1.attn.pe.conv.output_quantizer                                      TensorQuantizer(disabled)
model.8.m.0.1.attn.pe.conv.weight_quantizer                                      TensorQuantizer(8 bit fake axis=0 amax=[0.0391, 0.2473](64) calibrator=MaxCalibrator quant)
model.8.m.0.1.attn.pe.bn.input_quantizer                                         TensorQuantizer(disabled)
model.8.m.0.1.attn.pe.bn.output_quantizer                                        TensorQuantizer(disabled)
model.8.m.0.1.mlp.0.conv.input_quantizer                                         TensorQuantizer(8 bit fake per-tensor amax=13.1092 calibrator=MaxCalibrator quant)
model.8.m.0.1.mlp.0.conv.output_quantizer                                        TensorQuantizer(disabled)
model.8.m.0.1.mlp.0.conv.weight_quantizer                                        TensorQuantizer(8 bit fake axis=0 amax=[0.0316, 0.1163](128) calibrator=MaxCalibrator quant)
model.8.m.0.1.mlp.0.bn.input_quantizer                                           TensorQuantizer(disabled)
model.8.m.0.1.mlp.0.bn.output_quantizer                                          TensorQuantizer(disabled)
model.8.m.0.1.mlp.1.conv.input_quantizer                                         TensorQuantizer(8 bit fake per-tensor amax=7.4646 calibrator=MaxCalibrator quant)
model.8.m.0.1.mlp.1.conv.output_quantizer                                        TensorQuantizer(disabled)
model.8.m.0.1.mlp.1.conv.weight_quantizer                                        TensorQuantizer(8 bit fake axis=0 amax=[0.0277, 0.0815](64) calibrator=MaxCalibrator quant)
model.8.m.0.1.mlp.1.bn.input_quantizer                                           TensorQuantizer(disabled)
model.8.m.0.1.mlp.1.bn.output_quantizer                                          TensorQuantizer(disabled)
model.8.m.1.0.attn.qkv.conv.input_quantizer                                      TensorQuantizer(8 bit fake per-tensor amax=16.6395 calibrator=MaxCalibrator quant)
model.8.m.1.0.attn.qkv.conv.output_quantizer                                     TensorQuantizer(disabled)
model.8.m.1.0.attn.qkv.conv.weight_quantizer                                     TensorQuantizer(8 bit fake axis=0 amax=[0.0160, 0.1000](192) calibrator=MaxCalibrator quant)
model.8.m.1.0.attn.qkv.bn.input_quantizer                                        TensorQuantizer(disabled)
model.8.m.1.0.attn.qkv.bn.output_quantizer                                       TensorQuantizer(disabled)
model.8.m.1.0.attn.proj.conv.input_quantizer                                     TensorQuantizer(8 bit fake per-tensor amax=9.1652 calibrator=MaxCalibrator quant)
model.8.m.1.0.attn.proj.conv.output_quantizer                                    TensorQuantizer(disabled)
model.8.m.1.0.attn.proj.conv.weight_quantizer                                    TensorQuantizer(8 bit fake axis=0 amax=[0.0390, 0.0896](64) calibrator=MaxCalibrator quant)
model.8.m.1.0.attn.proj.bn.input_quantizer                                       TensorQuantizer(disabled)
model.8.m.1.0.attn.proj.bn.output_quantizer                                      TensorQuantizer(disabled)
model.8.m.1.0.attn.pe.conv.input_quantizer                                       TensorQuantizer(8 bit fake per-tensor amax=18.1753 calibrator=MaxCalibrator quant)
model.8.m.1.0.attn.pe.conv.output_quantizer                                      TensorQuantizer(disabled)
model.8.m.1.0.attn.pe.conv.weight_quantizer                                      TensorQuantizer(8 bit fake axis=0 amax=[0.0354, 0.1677](64) calibrator=MaxCalibrator quant)
model.8.m.1.0.attn.pe.bn.input_quantizer                                         TensorQuantizer(disabled)
model.8.m.1.0.attn.pe.bn.output_quantizer                                        TensorQuantizer(disabled)
model.8.m.1.0.mlp.0.conv.input_quantizer                                         TensorQuantizer(8 bit fake per-tensor amax=13.5093 calibrator=MaxCalibrator quant)
model.8.m.1.0.mlp.0.conv.output_quantizer                                        TensorQuantizer(disabled)
model.8.m.1.0.mlp.0.conv.weight_quantizer                                        TensorQuantizer(8 bit fake axis=0 amax=[0.0292, 0.1162](128) calibrator=MaxCalibrator quant)
model.8.m.1.0.mlp.0.bn.input_quantizer                                           TensorQuantizer(disabled)
model.8.m.1.0.mlp.0.bn.output_quantizer                                          TensorQuantizer(disabled)
model.8.m.1.0.mlp.1.conv.input_quantizer                                         TensorQuantizer(8 bit fake per-tensor amax=8.6711 calibrator=MaxCalibrator quant)
model.8.m.1.0.mlp.1.conv.output_quantizer                                        TensorQuantizer(disabled)
model.8.m.1.0.mlp.1.conv.weight_quantizer                                        TensorQuantizer(8 bit fake axis=0 amax=[0.0265, 0.0769](64) calibrator=MaxCalibrator quant)
model.8.m.1.0.mlp.1.bn.input_quantizer                                           TensorQuantizer(disabled)
model.8.m.1.0.mlp.1.bn.output_quantizer                                          TensorQuantizer(disabled)
model.8.m.1.1.attn.qkv.conv.input_quantizer                                      TensorQuantizer(8 bit fake per-tensor amax=14.3001 calibrator=MaxCalibrator quant)
model.8.m.1.1.attn.qkv.conv.output_quantizer                                     TensorQuantizer(disabled)
model.8.m.1.1.attn.qkv.conv.weight_quantizer                                     TensorQuantizer(8 bit fake axis=0 amax=[0.0126, 0.1532](192) calibrator=MaxCalibrator quant)
model.8.m.1.1.attn.qkv.bn.input_quantizer                                        TensorQuantizer(disabled)
model.8.m.1.1.attn.qkv.bn.output_quantizer                                       TensorQuantizer(disabled)
model.8.m.1.1.attn.proj.conv.input_quantizer                                     TensorQuantizer(8 bit fake per-tensor amax=10.1306 calibrator=MaxCalibrator quant)
model.8.m.1.1.attn.proj.conv.output_quantizer                                    TensorQuantizer(disabled)
model.8.m.1.1.attn.proj.conv.weight_quantizer                                    TensorQuantizer(8 bit fake axis=0 amax=[0.0405, 0.1500](64) calibrator=MaxCalibrator quant)
model.8.m.1.1.attn.proj.bn.input_quantizer                                       TensorQuantizer(disabled)
model.8.m.1.1.attn.proj.bn.output_quantizer                                      TensorQuantizer(disabled)
model.8.m.1.1.attn.pe.conv.input_quantizer                                       TensorQuantizer(8 bit fake per-tensor amax=14.6200 calibrator=MaxCalibrator quant)
model.8.m.1.1.attn.pe.conv.output_quantizer                                      TensorQuantizer(disabled)
model.8.m.1.1.attn.pe.conv.weight_quantizer                                      TensorQuantizer(8 bit fake axis=0 amax=[0.0475, 0.1644](64) calibrator=MaxCalibrator quant)
model.8.m.1.1.attn.pe.bn.input_quantizer                                         TensorQuantizer(disabled)
model.8.m.1.1.attn.pe.bn.output_quantizer                                        TensorQuantizer(disabled)
model.8.m.1.1.mlp.0.conv.input_quantizer                                         TensorQuantizer(8 bit fake per-tensor amax=16.2380 calibrator=MaxCalibrator quant)
model.8.m.1.1.mlp.0.conv.output_quantizer                                        TensorQuantizer(disabled)
model.8.m.1.1.mlp.0.conv.weight_quantizer                                        TensorQuantizer(8 bit fake axis=0 amax=[0.0289, 0.1234](128) calibrator=MaxCalibrator quant)
model.8.m.1.1.mlp.0.bn.input_quantizer                                           TensorQuantizer(disabled)
model.8.m.1.1.mlp.0.bn.output_quantizer                                          TensorQuantizer(disabled)
model.8.m.1.1.mlp.1.conv.input_quantizer                                         TensorQuantizer(8 bit fake per-tensor amax=6.4059 calibrator=MaxCalibrator quant)
model.8.m.1.1.mlp.1.conv.output_quantizer                                        TensorQuantizer(disabled)
model.8.m.1.1.mlp.1.conv.weight_quantizer                                        TensorQuantizer(8 bit fake axis=0 amax=[0.0259, 0.0651](64) calibrator=MaxCalibrator quant)
model.8.m.1.1.mlp.1.bn.input_quantizer                                           TensorQuantizer(disabled)
model.8.m.1.1.mlp.1.bn.output_quantizer                                          TensorQuantizer(disabled)
model.9.routing.router.0.input_quantizer                                         TensorQuantizer(disabled)
model.9.routing.router.0.output_quantizer                                        TensorQuantizer(disabled)
model.9.routing.router.0.weight_quantizer                                        TensorQuantizer(disabled)
model.9.routing.router.1.input_quantizer                                         TensorQuantizer(disabled)
model.9.routing.router.1.output_quantizer                                        TensorQuantizer(disabled)
model.9.routing.router.3.input_quantizer                                         TensorQuantizer(disabled)
model.9.routing.router.3.output_quantizer                                        TensorQuantizer(disabled)
model.9.routing.router.3.weight_quantizer                                        TensorQuantizer(disabled)
model.9.routing.router.4.input_quantizer                                         TensorQuantizer(disabled)
model.9.routing.router.4.output_quantizer                                        TensorQuantizer(disabled)
model.9.experts.0.conv.0.input_quantizer                                         TensorQuantizer(8 bit fake per-tensor amax=13.5549 calibrator=MaxCalibrator quant)
model.9.experts.0.conv.0.output_quantizer                                        TensorQuantizer(disabled)
model.9.experts.0.conv.0.weight_quantizer                                        TensorQuantizer(8 bit fake axis=0 amax=[0.0000, 0.0008](256) calibrator=MaxCalibrator quant)
model.9.experts.0.conv.1.input_quantizer                                         TensorQuantizer(disabled)
model.9.experts.0.conv.1.output_quantizer                                        TensorQuantizer(disabled)
model.9.experts.0.conv.3.input_quantizer                                         TensorQuantizer(8 bit fake per-tensor amax=0.2080 calibrator=MaxCalibrator quant)
model.9.experts.0.conv.3.output_quantizer                                        TensorQuantizer(disabled)
model.9.experts.0.conv.3.weight_quantizer                                        TensorQuantizer(8 bit fake axis=0 amax=[0.0001, 0.0013](128) calibrator=MaxCalibrator quant)
model.9.experts.0.conv.4.input_quantizer                                         TensorQuantizer(disabled)
model.9.experts.0.conv.4.output_quantizer                                        TensorQuantizer(disabled)
model.9.experts.1.conv.0.input_quantizer                                         TensorQuantizer(8 bit fake per-tensor amax=13.5549 calibrator=MaxCalibrator quant)
model.9.experts.1.conv.0.output_quantizer                                        TensorQuantizer(disabled)
model.9.experts.1.conv.0.weight_quantizer                                        TensorQuantizer(8 bit fake axis=0 amax=[0.0001, 0.0060](256) calibrator=MaxCalibrator quant)
model.9.experts.1.conv.1.input_quantizer                                         TensorQuantizer(disabled)
model.9.experts.1.conv.1.output_quantizer                                        TensorQuantizer(disabled)
model.9.experts.1.conv.3.input_quantizer                                         TensorQuantizer(8 bit fake per-tensor amax=3.0943 calibrator=MaxCalibrator quant)
model.9.experts.1.conv.3.output_quantizer                                        TensorQuantizer(disabled)
model.9.experts.1.conv.3.weight_quantizer                                        TensorQuantizer(8 bit fake axis=0 amax=[0.0011, 0.0066](128) calibrator=MaxCalibrator quant)
model.9.experts.1.conv.4.input_quantizer                                         TensorQuantizer(disabled)
model.9.experts.1.conv.4.output_quantizer                                        TensorQuantizer(disabled)
model.9.experts.2.conv.0.input_quantizer                                         TensorQuantizer(8 bit fake per-tensor amax=13.5549 calibrator=MaxCalibrator quant)
model.9.experts.2.conv.0.output_quantizer                                        TensorQuantizer(disabled)
model.9.experts.2.conv.0.weight_quantizer                                        TensorQuantizer(8 bit fake axis=0 amax=[0.0293, 0.1188](256) calibrator=MaxCalibrator quant)
model.9.experts.2.conv.1.input_quantizer                                         TensorQuantizer(disabled)
model.9.experts.2.conv.1.output_quantizer                                        TensorQuantizer(disabled)
model.9.experts.2.conv.3.input_quantizer                                         TensorQuantizer(8 bit fake per-tensor amax=6.0944 calibrator=MaxCalibrator quant)
model.9.experts.2.conv.3.output_quantizer                                        TensorQuantizer(disabled)
model.9.experts.2.conv.3.weight_quantizer                                        TensorQuantizer(8 bit fake axis=0 amax=[0.0001, 0.1089](128) calibrator=MaxCalibrator quant)
model.9.experts.2.conv.4.input_quantizer                                         TensorQuantizer(disabled)
model.9.experts.2.conv.4.output_quantizer                                        TensorQuantizer(disabled)
model.9.experts.3.conv.0.input_quantizer                                         TensorQuantizer(8 bit fake per-tensor amax=13.5549 calibrator=MaxCalibrator quant)
model.9.experts.3.conv.0.output_quantizer                                        TensorQuantizer(disabled)
model.9.experts.3.conv.0.weight_quantizer                                        TensorQuantizer(8 bit fake axis=0 amax=[0.0000, 0.0005](256) calibrator=MaxCalibrator quant)
model.9.experts.3.conv.1.input_quantizer                                         TensorQuantizer(disabled)
model.9.experts.3.conv.1.output_quantizer                                        TensorQuantizer(disabled)
model.9.experts.3.conv.3.input_quantizer                                         TensorQuantizer(8 bit fake per-tensor amax=0.1797 calibrator=MaxCalibrator quant)
model.9.experts.3.conv.3.output_quantizer                                        TensorQuantizer(disabled)
model.9.experts.3.conv.3.weight_quantizer                                        TensorQuantizer(8 bit fake axis=0 amax=[0.0000, 0.0008](128) calibrator=MaxCalibrator quant)
model.9.experts.3.conv.4.input_quantizer                                         TensorQuantizer(disabled)
model.9.experts.3.conv.4.output_quantizer                                        TensorQuantizer(disabled)
model.9.experts.4.conv.0.input_quantizer                                         TensorQuantizer(8 bit fake per-tensor amax=13.5549 calibrator=MaxCalibrator quant)
model.9.experts.4.conv.0.output_quantizer                                        TensorQuantizer(disabled)
model.9.experts.4.conv.0.weight_quantizer                                        TensorQuantizer(8 bit fake axis=0 amax=[0.0276, 0.0589](256) calibrator=MaxCalibrator quant)
model.9.experts.4.conv.1.input_quantizer                                         TensorQuantizer(disabled)
model.9.experts.4.conv.1.output_quantizer                                        TensorQuantizer(disabled)
model.9.experts.4.conv.3.input_quantizer                                         TensorQuantizer(8 bit fake per-tensor amax=8.6002 calibrator=MaxCalibrator quant)
model.9.experts.4.conv.3.output_quantizer                                        TensorQuantizer(disabled)
model.9.experts.4.conv.3.weight_quantizer                                        TensorQuantizer(8 bit fake axis=0 amax=[0.0094, 0.0915](128) calibrator=MaxCalibrator quant)
model.9.experts.4.conv.4.input_quantizer                                         TensorQuantizer(disabled)
model.9.experts.4.conv.4.output_quantizer                                        TensorQuantizer(disabled)
model.9.experts.5.conv.0.input_quantizer                                         TensorQuantizer(8 bit fake per-tensor amax=13.5549 calibrator=MaxCalibrator quant)
model.9.experts.5.conv.0.output_quantizer                                        TensorQuantizer(disabled)
model.9.experts.5.conv.0.weight_quantizer                                        TensorQuantizer(8 bit fake axis=0 amax=[0.0000, 0.0011](256) calibrator=MaxCalibrator quant)
model.9.experts.5.conv.1.input_quantizer                                         TensorQuantizer(disabled)
model.9.experts.5.conv.1.output_quantizer                                        TensorQuantizer(disabled)
model.9.experts.5.conv.3.input_quantizer                                         TensorQuantizer(8 bit fake per-tensor amax=0.1941 calibrator=MaxCalibrator quant)
model.9.experts.5.conv.3.output_quantizer                                        TensorQuantizer(disabled)
model.9.experts.5.conv.3.weight_quantizer                                        TensorQuantizer(8 bit fake axis=0 amax=[0.0000, 0.0014](128) calibrator=MaxCalibrator quant)
model.9.experts.5.conv.4.input_quantizer                                         TensorQuantizer(disabled)
model.9.experts.5.conv.4.output_quantizer                                        TensorQuantizer(disabled)
model.9.experts.6.conv.0.input_quantizer                                         TensorQuantizer(8 bit fake per-tensor amax=13.5549 calibrator=MaxCalibrator quant)
model.9.experts.6.conv.0.output_quantizer                                        TensorQuantizer(disabled)
model.9.experts.6.conv.0.weight_quantizer                                        TensorQuantizer(8 bit fake axis=0 amax=[0.0006, 0.0123](256) calibrator=MaxCalibrator quant)
model.9.experts.6.conv.1.input_quantizer                                         TensorQuantizer(disabled)
model.9.experts.6.conv.1.output_quantizer                                        TensorQuantizer(disabled)
model.9.experts.6.conv.3.input_quantizer                                         TensorQuantizer(8 bit fake per-tensor amax=4.3743 calibrator=MaxCalibrator quant)
model.9.experts.6.conv.3.output_quantizer                                        TensorQuantizer(disabled)
model.9.experts.6.conv.3.weight_quantizer                                        TensorQuantizer(8 bit fake axis=0 amax=[0.0020, 0.0130](128) calibrator=MaxCalibrator quant)
model.9.experts.6.conv.4.input_quantizer                                         TensorQuantizer(disabled)
model.9.experts.6.conv.4.output_quantizer                                        TensorQuantizer(disabled)
model.9.experts.7.conv.0.input_quantizer                                         TensorQuantizer(8 bit fake per-tensor amax=13.5549 calibrator=MaxCalibrator quant)
model.9.experts.7.conv.0.output_quantizer                                        TensorQuantizer(disabled)
model.9.experts.7.conv.0.weight_quantizer                                        TensorQuantizer(8 bit fake axis=0 amax=[0.0000, 0.0004](256) calibrator=MaxCalibrator quant)
model.9.experts.7.conv.1.input_quantizer                                         TensorQuantizer(disabled)
model.9.experts.7.conv.1.output_quantizer                                        TensorQuantizer(disabled)
model.9.experts.7.conv.3.input_quantizer                                         TensorQuantizer(8 bit fake per-tensor amax=0.1037 calibrator=MaxCalibrator quant)
model.9.experts.7.conv.3.output_quantizer                                        TensorQuantizer(disabled)
model.9.experts.7.conv.3.weight_quantizer                                        TensorQuantizer(8 bit fake axis=0 amax=[0.0000, 0.0004](128) calibrator=MaxCalibrator quant)
model.9.experts.7.conv.4.input_quantizer                                         TensorQuantizer(disabled)
model.9.experts.7.conv.4.output_quantizer                                        TensorQuantizer(disabled)
model.9.shared_expert.0.input_quantizer                                          TensorQuantizer(8 bit fake per-tensor amax=13.5549 calibrator=MaxCalibrator quant)
model.9.shared_expert.0.output_quantizer                                         TensorQuantizer(disabled)
model.9.shared_expert.0.weight_quantizer                                         TensorQuantizer(8 bit fake axis=0 amax=[0.0336, 0.1924](128) calibrator=MaxCalibrator quant)
model.9.shared_expert.1.input_quantizer                                          TensorQuantizer(disabled)
model.9.shared_expert.1.output_quantizer                                         TensorQuantizer(disabled)
model.10.conv.input_quantizer                                                    TensorQuantizer(8 bit fake per-tensor amax=12.8613 calibrator=MaxCalibrator quant)
model.10.conv.output_quantizer                                                   TensorQuantizer(disabled)
model.10.conv.weight_quantizer                                                   TensorQuantizer(8 bit fake axis=0 amax=[0.0194, 0.0878](256) calibrator=MaxCalibrator quant)
model.10.bn.input_quantizer                                                      TensorQuantizer(disabled)
model.10.bn.output_quantizer                                                     TensorQuantizer(disabled)
model.11.cv1.conv.input_quantizer                                                TensorQuantizer(8 bit fake per-tensor amax=14.1493 calibrator=MaxCalibrator quant)
model.11.cv1.conv.output_quantizer                                               TensorQuantizer(disabled)
model.11.cv1.conv.weight_quantizer                                               TensorQuantizer(8 bit fake axis=0 amax=[0.0370, 0.1918](128) calibrator=MaxCalibrator quant)
model.11.cv1.bn.input_quantizer                                                  TensorQuantizer(disabled)
model.11.cv1.bn.output_quantizer                                                 TensorQuantizer(disabled)
model.11.cv2.conv.input_quantizer                                                TensorQuantizer(8 bit fake per-tensor amax=24.1376 calibrator=MaxCalibrator quant)
model.11.cv2.conv.output_quantizer                                               TensorQuantizer(disabled)
model.11.cv2.conv.weight_quantizer                                               TensorQuantizer(8 bit fake axis=0 amax=[0.0303, 0.1215](256) calibrator=MaxCalibrator quant)
model.11.cv2.bn.input_quantizer                                                  TensorQuantizer(disabled)
model.11.cv2.bn.output_quantizer                                                 TensorQuantizer(disabled)
model.11.m.0.0.attn.qkv.conv.input_quantizer                                     TensorQuantizer(8 bit fake per-tensor amax=22.1668 calibrator=MaxCalibrator quant)
model.11.m.0.0.attn.qkv.conv.output_quantizer                                    TensorQuantizer(disabled)
model.11.m.0.0.attn.qkv.conv.weight_quantizer                                    TensorQuantizer(8 bit fake axis=0 amax=[0.0044, 0.2137](384) calibrator=MaxCalibrator quant)
model.11.m.0.0.attn.qkv.bn.input_quantizer                                       TensorQuantizer(disabled)
model.11.m.0.0.attn.qkv.bn.output_quantizer                                      TensorQuantizer(disabled)
model.11.m.0.0.attn.proj.conv.input_quantizer                                    TensorQuantizer(8 bit fake per-tensor amax=12.6540 calibrator=MaxCalibrator quant)
model.11.m.0.0.attn.proj.conv.output_quantizer                                   TensorQuantizer(disabled)
model.11.m.0.0.attn.proj.conv.weight_quantizer                                   TensorQuantizer(8 bit fake axis=0 amax=[0.0223, 0.2014](128) calibrator=MaxCalibrator quant)
model.11.m.0.0.attn.proj.bn.input_quantizer                                      TensorQuantizer(disabled)
model.11.m.0.0.attn.proj.bn.output_quantizer                                     TensorQuantizer(disabled)
model.11.m.0.0.attn.pe.conv.input_quantizer                                      TensorQuantizer(8 bit fake per-tensor amax=12.2957 calibrator=MaxCalibrator quant)
model.11.m.0.0.attn.pe.conv.output_quantizer                                     TensorQuantizer(disabled)
model.11.m.0.0.attn.pe.conv.weight_quantizer                                     TensorQuantizer(8 bit fake axis=0 amax=[0.0336, 0.1431](128) calibrator=MaxCalibrator quant)
model.11.m.0.0.attn.pe.bn.input_quantizer                                        TensorQuantizer(disabled)
model.11.m.0.0.attn.pe.bn.output_quantizer                                       TensorQuantizer(disabled)
model.11.m.0.0.mlp.0.conv.input_quantizer                                        TensorQuantizer(8 bit fake per-tensor amax=19.0416 calibrator=MaxCalibrator quant)
model.11.m.0.0.mlp.0.conv.output_quantizer                                       TensorQuantizer(disabled)
model.11.m.0.0.mlp.0.conv.weight_quantizer                                       TensorQuantizer(8 bit fake axis=0 amax=[0.0243, 0.1610](256) calibrator=MaxCalibrator quant)
model.11.m.0.0.mlp.0.bn.input_quantizer                                          TensorQuantizer(disabled)
model.11.m.0.0.mlp.0.bn.output_quantizer                                         TensorQuantizer(disabled)
model.11.m.0.0.mlp.1.conv.input_quantizer                                        TensorQuantizer(8 bit fake per-tensor amax=9.6812 calibrator=MaxCalibrator quant)
model.11.m.0.0.mlp.1.conv.output_quantizer                                       TensorQuantizer(disabled)
model.11.m.0.0.mlp.1.conv.weight_quantizer                                       TensorQuantizer(8 bit fake axis=0 amax=[0.0241, 0.1135](128) calibrator=MaxCalibrator quant)
model.11.m.0.0.mlp.1.bn.input_quantizer                                          TensorQuantizer(disabled)
model.11.m.0.0.mlp.1.bn.output_quantizer                                         TensorQuantizer(disabled)
model.11.m.0.1.attn.qkv.conv.input_quantizer                                     TensorQuantizer(8 bit fake per-tensor amax=19.7782 calibrator=MaxCalibrator quant)
model.11.m.0.1.attn.qkv.conv.output_quantizer                                    TensorQuantizer(disabled)
model.11.m.0.1.attn.qkv.conv.weight_quantizer                                    TensorQuantizer(8 bit fake axis=0 amax=[0.0145, 0.1578](384) calibrator=MaxCalibrator quant)
model.11.m.0.1.attn.qkv.bn.input_quantizer                                       TensorQuantizer(disabled)
model.11.m.0.1.attn.qkv.bn.output_quantizer                                      TensorQuantizer(disabled)
model.11.m.0.1.attn.proj.conv.input_quantizer                                    TensorQuantizer(8 bit fake per-tensor amax=10.4327 calibrator=MaxCalibrator quant)
model.11.m.0.1.attn.proj.conv.output_quantizer                                   TensorQuantizer(disabled)
model.11.m.0.1.attn.proj.conv.weight_quantizer                                   TensorQuantizer(8 bit fake axis=0 amax=[0.0280, 0.1306](128) calibrator=MaxCalibrator quant)
model.11.m.0.1.attn.proj.bn.input_quantizer                                      TensorQuantizer(disabled)
model.11.m.0.1.attn.proj.bn.output_quantizer                                     TensorQuantizer(disabled)
model.11.m.0.1.attn.pe.conv.input_quantizer                                      TensorQuantizer(8 bit fake per-tensor amax=14.8941 calibrator=MaxCalibrator quant)
model.11.m.0.1.attn.pe.conv.output_quantizer                                     TensorQuantizer(disabled)
model.11.m.0.1.attn.pe.conv.weight_quantizer                                     TensorQuantizer(8 bit fake axis=0 amax=[0.0259, 0.1549](128) calibrator=MaxCalibrator quant)
model.11.m.0.1.attn.pe.bn.input_quantizer                                        TensorQuantizer(disabled)
model.11.m.0.1.attn.pe.bn.output_quantizer                                       TensorQuantizer(disabled)
model.11.m.0.1.mlp.0.conv.input_quantizer                                        TensorQuantizer(8 bit fake per-tensor amax=18.9731 calibrator=MaxCalibrator quant)
model.11.m.0.1.mlp.0.conv.output_quantizer                                       TensorQuantizer(disabled)
model.11.m.0.1.mlp.0.conv.weight_quantizer                                       TensorQuantizer(8 bit fake axis=0 amax=[0.0255, 0.1151](256) calibrator=MaxCalibrator quant)
model.11.m.0.1.mlp.0.bn.input_quantizer                                          TensorQuantizer(disabled)
model.11.m.0.1.mlp.0.bn.output_quantizer                                         TensorQuantizer(disabled)
model.11.m.0.1.mlp.1.conv.input_quantizer                                        TensorQuantizer(8 bit fake per-tensor amax=12.7565 calibrator=MaxCalibrator quant)
model.11.m.0.1.mlp.1.conv.output_quantizer                                       TensorQuantizer(disabled)
model.11.m.0.1.mlp.1.conv.weight_quantizer                                       TensorQuantizer(8 bit fake axis=0 amax=[0.0252, 0.1167](128) calibrator=MaxCalibrator quant)
model.11.m.0.1.mlp.1.bn.input_quantizer                                          TensorQuantizer(disabled)
model.11.m.0.1.mlp.1.bn.output_quantizer                                         TensorQuantizer(disabled)
model.11.m.1.0.attn.qkv.conv.input_quantizer                                     TensorQuantizer(8 bit fake per-tensor amax=23.9159 calibrator=MaxCalibrator quant)
model.11.m.1.0.attn.qkv.conv.output_quantizer                                    TensorQuantizer(disabled)
model.11.m.1.0.attn.qkv.conv.weight_quantizer                                    TensorQuantizer(8 bit fake axis=0 amax=[0.0146, 0.0869](384) calibrator=MaxCalibrator quant)
model.11.m.1.0.attn.qkv.bn.input_quantizer                                       TensorQuantizer(disabled)
model.11.m.1.0.attn.qkv.bn.output_quantizer                                      TensorQuantizer(disabled)
model.11.m.1.0.attn.proj.conv.input_quantizer                                    TensorQuantizer(8 bit fake per-tensor amax=8.0177 calibrator=MaxCalibrator quant)
model.11.m.1.0.attn.proj.conv.output_quantizer                                   TensorQuantizer(disabled)
model.11.m.1.0.attn.proj.conv.weight_quantizer                                   TensorQuantizer(8 bit fake axis=0 amax=[0.0245, 0.1179](128) calibrator=MaxCalibrator quant)
model.11.m.1.0.attn.proj.bn.input_quantizer                                      TensorQuantizer(disabled)
model.11.m.1.0.attn.proj.bn.output_quantizer                                     TensorQuantizer(disabled)
model.11.m.1.0.attn.pe.conv.input_quantizer                                      TensorQuantizer(8 bit fake per-tensor amax=11.2547 calibrator=MaxCalibrator quant)
model.11.m.1.0.attn.pe.conv.output_quantizer                                     TensorQuantizer(disabled)
model.11.m.1.0.attn.pe.conv.weight_quantizer                                     TensorQuantizer(8 bit fake axis=0 amax=[0.0152, 0.1383](128) calibrator=MaxCalibrator quant)
model.11.m.1.0.attn.pe.bn.input_quantizer                                        TensorQuantizer(disabled)
model.11.m.1.0.attn.pe.bn.output_quantizer                                       TensorQuantizer(disabled)
model.11.m.1.0.mlp.0.conv.input_quantizer                                        TensorQuantizer(8 bit fake per-tensor amax=26.3346 calibrator=MaxCalibrator quant)
model.11.m.1.0.mlp.0.conv.output_quantizer                                       TensorQuantizer(disabled)
model.11.m.1.0.mlp.0.conv.weight_quantizer                                       TensorQuantizer(8 bit fake axis=0 amax=[0.0209, 0.1963](256) calibrator=MaxCalibrator quant)
model.11.m.1.0.mlp.0.bn.input_quantizer                                          TensorQuantizer(disabled)
model.11.m.1.0.mlp.0.bn.output_quantizer                                         TensorQuantizer(disabled)
model.11.m.1.0.mlp.1.conv.input_quantizer                                        TensorQuantizer(8 bit fake per-tensor amax=9.3959 calibrator=MaxCalibrator quant)
model.11.m.1.0.mlp.1.conv.output_quantizer                                       TensorQuantizer(disabled)
model.11.m.1.0.mlp.1.conv.weight_quantizer                                       TensorQuantizer(8 bit fake axis=0 amax=[0.0229, 0.1166](128) calibrator=MaxCalibrator quant)
model.11.m.1.0.mlp.1.bn.input_quantizer                                          TensorQuantizer(disabled)
model.11.m.1.0.mlp.1.bn.output_quantizer                                         TensorQuantizer(disabled)
model.11.m.1.1.attn.qkv.conv.input_quantizer                                     TensorQuantizer(8 bit fake per-tensor amax=23.4347 calibrator=MaxCalibrator quant)
model.11.m.1.1.attn.qkv.conv.output_quantizer                                    TensorQuantizer(disabled)
model.11.m.1.1.attn.qkv.conv.weight_quantizer                                    TensorQuantizer(8 bit fake axis=0 amax=[0.0166, 0.0853](384) calibrator=MaxCalibrator quant)
model.11.m.1.1.attn.qkv.bn.input_quantizer                                       TensorQuantizer(disabled)
model.11.m.1.1.attn.qkv.bn.output_quantizer                                      TensorQuantizer(disabled)
model.11.m.1.1.attn.proj.conv.input_quantizer                                    TensorQuantizer(8 bit fake per-tensor amax=7.0119 calibrator=MaxCalibrator quant)
model.11.m.1.1.attn.proj.conv.output_quantizer                                   TensorQuantizer(disabled)
model.11.m.1.1.attn.proj.conv.weight_quantizer                                   TensorQuantizer(8 bit fake axis=0 amax=[0.0320, 0.0786](128) calibrator=MaxCalibrator quant)
model.11.m.1.1.attn.proj.bn.input_quantizer                                      TensorQuantizer(disabled)
model.11.m.1.1.attn.proj.bn.output_quantizer                                     TensorQuantizer(disabled)
model.11.m.1.1.attn.pe.conv.input_quantizer                                      TensorQuantizer(8 bit fake per-tensor amax=12.6166 calibrator=MaxCalibrator quant)
model.11.m.1.1.attn.pe.conv.output_quantizer                                     TensorQuantizer(disabled)
model.11.m.1.1.attn.pe.conv.weight_quantizer                                     TensorQuantizer(8 bit fake axis=0 amax=[0.0137, 0.1464](128) calibrator=MaxCalibrator quant)
model.11.m.1.1.attn.pe.bn.input_quantizer                                        TensorQuantizer(disabled)
model.11.m.1.1.attn.pe.bn.output_quantizer                                       TensorQuantizer(disabled)
model.11.m.1.1.mlp.0.conv.input_quantizer                                        TensorQuantizer(8 bit fake per-tensor amax=25.0408 calibrator=MaxCalibrator quant)
model.11.m.1.1.mlp.0.conv.output_quantizer                                       TensorQuantizer(disabled)
model.11.m.1.1.mlp.0.conv.weight_quantizer                                       TensorQuantizer(8 bit fake axis=0 amax=[0.0228, 0.0696](256) calibrator=MaxCalibrator quant)
model.11.m.1.1.mlp.0.bn.input_quantizer                                          TensorQuantizer(disabled)
model.11.m.1.1.mlp.0.bn.output_quantizer                                         TensorQuantizer(disabled)
model.11.m.1.1.mlp.1.conv.input_quantizer                                        TensorQuantizer(8 bit fake per-tensor amax=8.7674 calibrator=MaxCalibrator quant)
model.11.m.1.1.mlp.1.conv.output_quantizer                                       TensorQuantizer(disabled)
model.11.m.1.1.mlp.1.conv.weight_quantizer                                       TensorQuantizer(8 bit fake axis=0 amax=[0.0188, 0.0609](128) calibrator=MaxCalibrator quant)
model.11.m.1.1.mlp.1.bn.input_quantizer                                          TensorQuantizer(disabled)
model.11.m.1.1.mlp.1.bn.output_quantizer                                         TensorQuantizer(disabled)
model.12.routing.router.0.input_quantizer                                        TensorQuantizer(disabled)
model.12.routing.router.0.output_quantizer                                       TensorQuantizer(disabled)
model.12.routing.router.0.weight_quantizer                                       TensorQuantizer(disabled)
model.12.routing.router.1.input_quantizer                                        TensorQuantizer(disabled)
model.12.routing.router.1.output_quantizer                                       TensorQuantizer(disabled)
model.12.routing.router.3.input_quantizer                                        TensorQuantizer(disabled)
model.12.routing.router.3.output_quantizer                                       TensorQuantizer(disabled)
model.12.routing.router.3.weight_quantizer                                       TensorQuantizer(disabled)
model.12.routing.router.4.input_quantizer                                        TensorQuantizer(disabled)
model.12.routing.router.4.output_quantizer                                       TensorQuantizer(disabled)
model.12.experts.0.conv.0.input_quantizer                                        TensorQuantizer(8 bit fake per-tensor amax=12.6595 calibrator=MaxCalibrator quant)
model.12.experts.0.conv.0.output_quantizer                                       TensorQuantizer(disabled)
model.12.experts.0.conv.0.weight_quantizer                                       TensorQuantizer(8 bit fake axis=0 amax=[0.0052, 0.0117](512) calibrator=MaxCalibrator quant)
model.12.experts.0.conv.1.input_quantizer                                        TensorQuantizer(disabled)
model.12.experts.0.conv.1.output_quantizer                                       TensorQuantizer(disabled)
model.12.experts.0.conv.3.input_quantizer                                        TensorQuantizer(8 bit fake per-tensor amax=4.3558 calibrator=MaxCalibrator quant)
model.12.experts.0.conv.3.output_quantizer                                       TensorQuantizer(disabled)
model.12.experts.0.conv.3.weight_quantizer                                       TensorQuantizer(8 bit fake axis=0 amax=[0.0061, 0.0119](256) calibrator=MaxCalibrator quant)
model.12.experts.0.conv.4.input_quantizer                                        TensorQuantizer(disabled)
model.12.experts.0.conv.4.output_quantizer                                       TensorQuantizer(disabled)
model.12.experts.1.conv.0.input_quantizer                                        TensorQuantizer(8 bit fake per-tensor amax=12.6595 calibrator=MaxCalibrator quant)
model.12.experts.1.conv.0.output_quantizer                                       TensorQuantizer(disabled)
model.12.experts.1.conv.0.weight_quantizer                                       TensorQuantizer(8 bit fake axis=0 amax=[0.0200, 0.0413](512) calibrator=MaxCalibrator quant)
model.12.experts.1.conv.1.input_quantizer                                        TensorQuantizer(disabled)
model.12.experts.1.conv.1.output_quantizer                                       TensorQuantizer(disabled)
model.12.experts.1.conv.3.input_quantizer                                        TensorQuantizer(8 bit fake per-tensor amax=7.8703 calibrator=MaxCalibrator quant)
model.12.experts.1.conv.3.output_quantizer                                       TensorQuantizer(disabled)
model.12.experts.1.conv.3.weight_quantizer                                       TensorQuantizer(8 bit fake axis=0 amax=[0.0315, 0.0671](256) calibrator=MaxCalibrator quant)
model.12.experts.1.conv.4.input_quantizer                                        TensorQuantizer(disabled)
model.12.experts.1.conv.4.output_quantizer                                       TensorQuantizer(disabled)
model.12.experts.2.conv.0.input_quantizer                                        TensorQuantizer(8 bit fake per-tensor amax=12.6595 calibrator=MaxCalibrator quant)
model.12.experts.2.conv.0.output_quantizer                                       TensorQuantizer(disabled)
model.12.experts.2.conv.0.weight_quantizer                                       TensorQuantizer(8 bit fake axis=0 amax=[0.0183, 0.0374](512) calibrator=MaxCalibrator quant)
model.12.experts.2.conv.1.input_quantizer                                        TensorQuantizer(disabled)
model.12.experts.2.conv.1.output_quantizer                                       TensorQuantizer(disabled)
model.12.experts.2.conv.3.input_quantizer                                        TensorQuantizer(8 bit fake per-tensor amax=7.3528 calibrator=MaxCalibrator quant)
model.12.experts.2.conv.3.output_quantizer                                       TensorQuantizer(disabled)
model.12.experts.2.conv.3.weight_quantizer                                       TensorQuantizer(8 bit fake axis=0 amax=[0.0314, 0.0546](256) calibrator=MaxCalibrator quant)
model.12.experts.2.conv.4.input_quantizer                                        TensorQuantizer(disabled)
model.12.experts.2.conv.4.output_quantizer                                       TensorQuantizer(disabled)
model.12.experts.3.conv.0.input_quantizer                                        TensorQuantizer(8 bit fake per-tensor amax=12.6595 calibrator=MaxCalibrator quant)
model.12.experts.3.conv.0.output_quantizer                                       TensorQuantizer(disabled)
model.12.experts.3.conv.0.weight_quantizer                                       TensorQuantizer(8 bit fake axis=0 amax=[0.0187, 0.0395](512) calibrator=MaxCalibrator quant)
model.12.experts.3.conv.1.input_quantizer                                        TensorQuantizer(disabled)
model.12.experts.3.conv.1.output_quantizer                                       TensorQuantizer(disabled)
model.12.experts.3.conv.3.input_quantizer                                        TensorQuantizer(8 bit fake per-tensor amax=6.8685 calibrator=MaxCalibrator quant)
model.12.experts.3.conv.3.output_quantizer                                       TensorQuantizer(disabled)
model.12.experts.3.conv.3.weight_quantizer                                       TensorQuantizer(8 bit fake axis=0 amax=[0.0281, 0.0523](256) calibrator=MaxCalibrator quant)
model.12.experts.3.conv.4.input_quantizer                                        TensorQuantizer(disabled)
model.12.experts.3.conv.4.output_quantizer                                       TensorQuantizer(disabled)
model.12.experts.4.conv.0.input_quantizer                                        TensorQuantizer(8 bit fake per-tensor amax=12.6595 calibrator=MaxCalibrator quant)
model.12.experts.4.conv.0.output_quantizer                                       TensorQuantizer(disabled)
model.12.experts.4.conv.0.weight_quantizer                                       TensorQuantizer(8 bit fake axis=0 amax=[0.0185, 0.0388](512) calibrator=MaxCalibrator quant)
model.12.experts.4.conv.1.input_quantizer                                        TensorQuantizer(disabled)
model.12.experts.4.conv.1.output_quantizer                                       TensorQuantizer(disabled)
model.12.experts.4.conv.3.input_quantizer                                        TensorQuantizer(8 bit fake per-tensor amax=7.6757 calibrator=MaxCalibrator quant)
model.12.experts.4.conv.3.output_quantizer                                       TensorQuantizer(disabled)
model.12.experts.4.conv.3.weight_quantizer                                       TensorQuantizer(8 bit fake axis=0 amax=[0.0306, 0.0558](256) calibrator=MaxCalibrator quant)
model.12.experts.4.conv.4.input_quantizer                                        TensorQuantizer(disabled)
model.12.experts.4.conv.4.output_quantizer                                       TensorQuantizer(disabled)
model.12.experts.5.conv.0.input_quantizer                                        TensorQuantizer(8 bit fake per-tensor amax=12.6595 calibrator=MaxCalibrator quant)
model.12.experts.5.conv.0.output_quantizer                                       TensorQuantizer(disabled)
model.12.experts.5.conv.0.weight_quantizer                                       TensorQuantizer(8 bit fake axis=0 amax=[0.0198, 0.0448](512) calibrator=MaxCalibrator quant)
model.12.experts.5.conv.1.input_quantizer                                        TensorQuantizer(disabled)
model.12.experts.5.conv.1.output_quantizer                                       TensorQuantizer(disabled)
model.12.experts.5.conv.3.input_quantizer                                        TensorQuantizer(8 bit fake per-tensor amax=7.4689 calibrator=MaxCalibrator quant)
model.12.experts.5.conv.3.output_quantizer                                       TensorQuantizer(disabled)
model.12.experts.5.conv.3.weight_quantizer                                       TensorQuantizer(8 bit fake axis=0 amax=[0.0302, 0.0551](256) calibrator=MaxCalibrator quant)
model.12.experts.5.conv.4.input_quantizer                                        TensorQuantizer(disabled)
model.12.experts.5.conv.4.output_quantizer                                       TensorQuantizer(disabled)
model.12.experts.6.conv.0.input_quantizer                                        TensorQuantizer(8 bit fake per-tensor amax=12.6595 calibrator=MaxCalibrator quant)
model.12.experts.6.conv.0.output_quantizer                                       TensorQuantizer(disabled)
model.12.experts.6.conv.0.weight_quantizer                                       TensorQuantizer(8 bit fake axis=0 amax=[0.0184, 0.0606](512) calibrator=MaxCalibrator quant)
model.12.experts.6.conv.1.input_quantizer                                        TensorQuantizer(disabled)
model.12.experts.6.conv.1.output_quantizer                                       TensorQuantizer(disabled)
model.12.experts.6.conv.3.input_quantizer                                        TensorQuantizer(8 bit fake per-tensor amax=9.0526 calibrator=MaxCalibrator quant)
model.12.experts.6.conv.3.output_quantizer                                       TensorQuantizer(disabled)
model.12.experts.6.conv.3.weight_quantizer                                       TensorQuantizer(8 bit fake axis=0 amax=[0.0115, 0.0444](256) calibrator=MaxCalibrator quant)
model.12.experts.6.conv.4.input_quantizer                                        TensorQuantizer(disabled)
model.12.experts.6.conv.4.output_quantizer                                       TensorQuantizer(disabled)
model.12.experts.7.conv.0.input_quantizer                                        TensorQuantizer(8 bit fake per-tensor amax=12.6595 calibrator=MaxCalibrator quant)
model.12.experts.7.conv.0.output_quantizer                                       TensorQuantizer(disabled)
model.12.experts.7.conv.0.weight_quantizer                                       TensorQuantizer(8 bit fake axis=0 amax=[0.0205, 0.0392](512) calibrator=MaxCalibrator quant)
model.12.experts.7.conv.1.input_quantizer                                        TensorQuantizer(disabled)
model.12.experts.7.conv.1.output_quantizer                                       TensorQuantizer(disabled)
model.12.experts.7.conv.3.input_quantizer                                        TensorQuantizer(8 bit fake per-tensor amax=7.6294 calibrator=MaxCalibrator quant)
model.12.experts.7.conv.3.output_quantizer                                       TensorQuantizer(disabled)
model.12.experts.7.conv.3.weight_quantizer                                       TensorQuantizer(8 bit fake axis=0 amax=[0.0325, 0.0646](256) calibrator=MaxCalibrator quant)
model.12.experts.7.conv.4.input_quantizer                                        TensorQuantizer(disabled)
model.12.experts.7.conv.4.output_quantizer                                       TensorQuantizer(disabled)
model.12.experts.8.conv.0.input_quantizer                                        TensorQuantizer(8 bit fake per-tensor amax=12.6595 calibrator=MaxCalibrator quant)
model.12.experts.8.conv.0.output_quantizer                                       TensorQuantizer(disabled)
model.12.experts.8.conv.0.weight_quantizer                                       TensorQuantizer(8 bit fake axis=0 amax=[0.0191, 0.0371](512) calibrator=MaxCalibrator quant)
model.12.experts.8.conv.1.input_quantizer                                        TensorQuantizer(disabled)
model.12.experts.8.conv.1.output_quantizer                                       TensorQuantizer(disabled)
model.12.experts.8.conv.3.input_quantizer                                        TensorQuantizer(8 bit fake per-tensor amax=6.3905 calibrator=MaxCalibrator quant)
model.12.experts.8.conv.3.output_quantizer                                       TensorQuantizer(disabled)
model.12.experts.8.conv.3.weight_quantizer                                       TensorQuantizer(8 bit fake axis=0 amax=[0.0291, 0.0539](256) calibrator=MaxCalibrator quant)
model.12.experts.8.conv.4.input_quantizer                                        TensorQuantizer(disabled)
model.12.experts.8.conv.4.output_quantizer                                       TensorQuantizer(disabled)
model.12.experts.9.conv.0.input_quantizer                                        TensorQuantizer(8 bit fake per-tensor amax=12.6595 calibrator=MaxCalibrator quant)
model.12.experts.9.conv.0.output_quantizer                                       TensorQuantizer(disabled)
model.12.experts.9.conv.0.weight_quantizer                                       TensorQuantizer(8 bit fake axis=0 amax=[0.0181, 0.0395](512) calibrator=MaxCalibrator quant)
model.12.experts.9.conv.1.input_quantizer                                        TensorQuantizer(disabled)
model.12.experts.9.conv.1.output_quantizer                                       TensorQuantizer(disabled)
model.12.experts.9.conv.3.input_quantizer                                        TensorQuantizer(8 bit fake per-tensor amax=8.2317 calibrator=MaxCalibrator quant)
model.12.experts.9.conv.3.output_quantizer                                       TensorQuantizer(disabled)
model.12.experts.9.conv.3.weight_quantizer                                       TensorQuantizer(8 bit fake axis=0 amax=[0.0310, 0.0575](256) calibrator=MaxCalibrator quant)
model.12.experts.9.conv.4.input_quantizer                                        TensorQuantizer(disabled)
model.12.experts.9.conv.4.output_quantizer                                       TensorQuantizer(disabled)
model.12.experts.10.conv.0.input_quantizer                                       TensorQuantizer(8 bit fake per-tensor amax=12.6595 calibrator=MaxCalibrator quant)
model.12.experts.10.conv.0.output_quantizer                                      TensorQuantizer(disabled)
model.12.experts.10.conv.0.weight_quantizer                                      TensorQuantizer(8 bit fake axis=0 amax=[0.0198, 0.0415](512) calibrator=MaxCalibrator quant)
model.12.experts.10.conv.1.input_quantizer                                       TensorQuantizer(disabled)
model.12.experts.10.conv.1.output_quantizer                                      TensorQuantizer(disabled)
model.12.experts.10.conv.3.input_quantizer                                       TensorQuantizer(8 bit fake per-tensor amax=6.7658 calibrator=MaxCalibrator quant)
model.12.experts.10.conv.3.output_quantizer                                      TensorQuantizer(disabled)
model.12.experts.10.conv.3.weight_quantizer                                      TensorQuantizer(8 bit fake axis=0 amax=[0.0305, 0.0565](256) calibrator=MaxCalibrator quant)
model.12.experts.10.conv.4.input_quantizer                                       TensorQuantizer(disabled)
model.12.experts.10.conv.4.output_quantizer                                      TensorQuantizer(disabled)
model.12.experts.11.conv.0.input_quantizer                                       TensorQuantizer(8 bit fake per-tensor amax=12.6595 calibrator=MaxCalibrator quant)
model.12.experts.11.conv.0.output_quantizer                                      TensorQuantizer(disabled)
model.12.experts.11.conv.0.weight_quantizer                                      TensorQuantizer(8 bit fake axis=0 amax=[0.0199, 0.0411](512) calibrator=MaxCalibrator quant)
model.12.experts.11.conv.1.input_quantizer                                       TensorQuantizer(disabled)
model.12.experts.11.conv.1.output_quantizer                                      TensorQuantizer(disabled)
model.12.experts.11.conv.3.input_quantizer                                       TensorQuantizer(8 bit fake per-tensor amax=7.0733 calibrator=MaxCalibrator quant)
model.12.experts.11.conv.3.output_quantizer                                      TensorQuantizer(disabled)
model.12.experts.11.conv.3.weight_quantizer                                      TensorQuantizer(8 bit fake axis=0 amax=[0.0308, 0.0546](256) calibrator=MaxCalibrator quant)
model.12.experts.11.conv.4.input_quantizer                                       TensorQuantizer(disabled)
model.12.experts.11.conv.4.output_quantizer                                      TensorQuantizer(disabled)
model.12.experts.12.conv.0.input_quantizer                                       TensorQuantizer(8 bit fake per-tensor amax=12.6595 calibrator=MaxCalibrator quant)
model.12.experts.12.conv.0.output_quantizer                                      TensorQuantizer(disabled)
model.12.experts.12.conv.0.weight_quantizer                                      TensorQuantizer(8 bit fake axis=0 amax=[0.0102, 0.0227](512) calibrator=MaxCalibrator quant)
model.12.experts.12.conv.1.input_quantizer                                       TensorQuantizer(disabled)
model.12.experts.12.conv.1.output_quantizer                                      TensorQuantizer(disabled)
model.12.experts.12.conv.3.input_quantizer                                       TensorQuantizer(8 bit fake per-tensor amax=6.0398 calibrator=MaxCalibrator quant)
model.12.experts.12.conv.3.output_quantizer                                      TensorQuantizer(disabled)
model.12.experts.12.conv.3.weight_quantizer                                      TensorQuantizer(8 bit fake axis=0 amax=[0.0158, 0.0272](256) calibrator=MaxCalibrator quant)
model.12.experts.12.conv.4.input_quantizer                                       TensorQuantizer(disabled)
model.12.experts.12.conv.4.output_quantizer                                      TensorQuantizer(disabled)
model.12.experts.13.conv.0.input_quantizer                                       TensorQuantizer(8 bit fake per-tensor amax=12.6595 calibrator=MaxCalibrator quant)
model.12.experts.13.conv.0.output_quantizer                                      TensorQuantizer(disabled)
model.12.experts.13.conv.0.weight_quantizer                                      TensorQuantizer(8 bit fake axis=0 amax=[0.0137, 0.0294](512) calibrator=MaxCalibrator quant)
model.12.experts.13.conv.1.input_quantizer                                       TensorQuantizer(disabled)
model.12.experts.13.conv.1.output_quantizer                                      TensorQuantizer(disabled)
model.12.experts.13.conv.3.input_quantizer                                       TensorQuantizer(8 bit fake per-tensor amax=7.2948 calibrator=MaxCalibrator quant)
model.12.experts.13.conv.3.output_quantizer                                      TensorQuantizer(disabled)
model.12.experts.13.conv.3.weight_quantizer                                      TensorQuantizer(8 bit fake axis=0 amax=[0.0218, 0.0404](256) calibrator=MaxCalibrator quant)
model.12.experts.13.conv.4.input_quantizer                                       TensorQuantizer(disabled)
model.12.experts.13.conv.4.output_quantizer                                      TensorQuantizer(disabled)
model.12.experts.14.conv.0.input_quantizer                                       TensorQuantizer(8 bit fake per-tensor amax=12.6595 calibrator=MaxCalibrator quant)
model.12.experts.14.conv.0.output_quantizer                                      TensorQuantizer(disabled)
model.12.experts.14.conv.0.weight_quantizer                                      TensorQuantizer(8 bit fake axis=0 amax=[0.0209, 0.0435](512) calibrator=MaxCalibrator quant)
model.12.experts.14.conv.1.input_quantizer                                       TensorQuantizer(disabled)
model.12.experts.14.conv.1.output_quantizer                                      TensorQuantizer(disabled)
model.12.experts.14.conv.3.input_quantizer                                       TensorQuantizer(8 bit fake per-tensor amax=7.0082 calibrator=MaxCalibrator quant)
model.12.experts.14.conv.3.output_quantizer                                      TensorQuantizer(disabled)
model.12.experts.14.conv.3.weight_quantizer                                      TensorQuantizer(8 bit fake axis=0 amax=[0.0333, 0.0599](256) calibrator=MaxCalibrator quant)
model.12.experts.14.conv.4.input_quantizer                                       TensorQuantizer(disabled)
model.12.experts.14.conv.4.output_quantizer                                      TensorQuantizer(disabled)
model.12.experts.15.conv.0.input_quantizer                                       TensorQuantizer(8 bit fake per-tensor amax=12.6595 calibrator=MaxCalibrator quant)
model.12.experts.15.conv.0.output_quantizer                                      TensorQuantizer(disabled)
model.12.experts.15.conv.0.weight_quantizer                                      TensorQuantizer(8 bit fake axis=0 amax=[0.0186, 0.0526](512) calibrator=MaxCalibrator quant)
model.12.experts.15.conv.1.input_quantizer                                       TensorQuantizer(disabled)
model.12.experts.15.conv.1.output_quantizer                                      TensorQuantizer(disabled)
model.12.experts.15.conv.3.input_quantizer                                       TensorQuantizer(8 bit fake per-tensor amax=11.4599 calibrator=MaxCalibrator quant)
model.12.experts.15.conv.3.output_quantizer                                      TensorQuantizer(disabled)
model.12.experts.15.conv.3.weight_quantizer                                      TensorQuantizer(8 bit fake axis=0 amax=[0.0108, 0.0543](256) calibrator=MaxCalibrator quant)
model.12.experts.15.conv.4.input_quantizer                                       TensorQuantizer(disabled)
model.12.experts.15.conv.4.output_quantizer                                      TensorQuantizer(disabled)
model.12.shared_expert.0.input_quantizer                                         TensorQuantizer(8 bit fake per-tensor amax=12.6595 calibrator=MaxCalibrator quant)
model.12.shared_expert.0.output_quantizer                                        TensorQuantizer(disabled)
model.12.shared_expert.0.weight_quantizer                                        TensorQuantizer(8 bit fake axis=0 amax=[0.0216, 0.2267](256) calibrator=MaxCalibrator quant)
model.12.shared_expert.1.input_quantizer                                         TensorQuantizer(disabled)
model.12.shared_expert.1.output_quantizer                                        TensorQuantizer(disabled)
model.15.cv1.conv.input_quantizer                                                TensorQuantizer(8 bit fake per-tensor amax=13.0757 calibrator=MaxCalibrator quant)
model.15.cv1.conv.output_quantizer                                               TensorQuantizer(disabled)
model.15.cv1.conv.weight_quantizer                                               TensorQuantizer(8 bit fake axis=0 amax=[0.0370, 0.2729](128) calibrator=MaxCalibrator quant)
model.15.cv1.bn.input_quantizer                                                  TensorQuantizer(disabled)
model.15.cv1.bn.output_quantizer                                                 TensorQuantizer(disabled)
model.15.cv2.conv.input_quantizer                                                TensorQuantizer(8 bit fake per-tensor amax=9.3650 calibrator=MaxCalibrator quant)
model.15.cv2.conv.output_quantizer                                               TensorQuantizer(disabled)
model.15.cv2.conv.weight_quantizer                                               TensorQuantizer(8 bit fake axis=0 amax=[0.0381, 0.1220](128) calibrator=MaxCalibrator quant)
model.15.cv2.bn.input_quantizer                                                  TensorQuantizer(disabled)
model.15.cv2.bn.output_quantizer                                                 TensorQuantizer(disabled)
model.15.m.0.cv1.conv.input_quantizer                                            TensorQuantizer(8 bit fake per-tensor amax=7.1022 calibrator=MaxCalibrator quant)
model.15.m.0.cv1.conv.output_quantizer                                           TensorQuantizer(disabled)
model.15.m.0.cv1.conv.weight_quantizer                                           TensorQuantizer(8 bit fake axis=0 amax=[0.0543, 0.1338](32) calibrator=MaxCalibrator quant)
model.15.m.0.cv1.bn.input_quantizer                                              TensorQuantizer(disabled)
model.15.m.0.cv1.bn.output_quantizer                                             TensorQuantizer(disabled)
model.15.m.0.cv2.conv.input_quantizer                                            TensorQuantizer(8 bit fake per-tensor amax=7.1022 calibrator=MaxCalibrator quant)
model.15.m.0.cv2.conv.output_quantizer                                           TensorQuantizer(disabled)
model.15.m.0.cv2.conv.weight_quantizer                                           TensorQuantizer(8 bit fake axis=0 amax=[0.0288, 0.0510](32) calibrator=MaxCalibrator quant)
model.15.m.0.cv2.bn.input_quantizer                                              TensorQuantizer(disabled)
model.15.m.0.cv2.bn.output_quantizer                                             TensorQuantizer(disabled)
model.15.m.0.cv3.conv.input_quantizer                                            TensorQuantizer(8 bit fake per-tensor amax=18.8359 calibrator=MaxCalibrator quant)
model.15.m.0.cv3.conv.output_quantizer                                           TensorQuantizer(disabled)
model.15.m.0.cv3.conv.weight_quantizer                                           TensorQuantizer(8 bit fake axis=0 amax=[0.0386, 0.1100](64) calibrator=MaxCalibrator quant)
model.15.m.0.cv3.bn.input_quantizer                                              TensorQuantizer(disabled)
model.15.m.0.cv3.bn.output_quantizer                                             TensorQuantizer(disabled)
model.15.m.0.m.0.cv1.conv.input_quantizer                                        TensorQuantizer(8 bit fake per-tensor amax=3.0690 calibrator=MaxCalibrator quant)
model.15.m.0.m.0.cv1.conv.output_quantizer                                       TensorQuantizer(disabled)
model.15.m.0.m.0.cv1.conv.weight_quantizer                                       TensorQuantizer(8 bit fake axis=0 amax=[0.0469, 0.1130](32) calibrator=MaxCalibrator quant)
model.15.m.0.m.0.cv1.bn.input_quantizer                                          TensorQuantizer(disabled)
model.15.m.0.m.0.cv1.bn.output_quantizer                                         TensorQuantizer(disabled)
model.15.m.0.m.0.cv2.conv.input_quantizer                                        TensorQuantizer(8 bit fake per-tensor amax=9.5610 calibrator=MaxCalibrator quant)
model.15.m.0.m.0.cv2.conv.output_quantizer                                       TensorQuantizer(disabled)
model.15.m.0.m.0.cv2.conv.weight_quantizer                                       TensorQuantizer(8 bit fake axis=0 amax=[0.0319, 0.1373](32) calibrator=MaxCalibrator quant)
model.15.m.0.m.0.cv2.bn.input_quantizer                                          TensorQuantizer(disabled)
model.15.m.0.m.0.cv2.bn.output_quantizer                                         TensorQuantizer(disabled)
model.15.m.0.m.1.cv1.conv.input_quantizer                                        TensorQuantizer(8 bit fake per-tensor amax=12.4813 calibrator=MaxCalibrator quant)
model.15.m.0.m.1.cv1.conv.output_quantizer                                       TensorQuantizer(disabled)
model.15.m.0.m.1.cv1.conv.weight_quantizer                                       TensorQuantizer(8 bit fake axis=0 amax=[0.0444, 0.1398](32) calibrator=MaxCalibrator quant)
model.15.m.0.m.1.cv1.bn.input_quantizer                                          TensorQuantizer(disabled)
model.15.m.0.m.1.cv1.bn.output_quantizer                                         TensorQuantizer(disabled)
model.15.m.0.m.1.cv2.conv.input_quantizer                                        TensorQuantizer(8 bit fake per-tensor amax=9.3985 calibrator=MaxCalibrator quant)
model.15.m.0.m.1.cv2.conv.output_quantizer                                       TensorQuantizer(disabled)
model.15.m.0.m.1.cv2.conv.weight_quantizer                                       TensorQuantizer(8 bit fake axis=0 amax=[0.0352, 0.1473](32) calibrator=MaxCalibrator quant)
model.15.m.0.m.1.cv2.bn.input_quantizer                                          TensorQuantizer(disabled)
model.15.m.0.m.1.cv2.bn.output_quantizer                                         TensorQuantizer(disabled)
model.18.cv1.conv.input_quantizer                                                TensorQuantizer(8 bit fake per-tensor amax=10.5712 calibrator=MaxCalibrator quant)
model.18.cv1.conv.output_quantizer                                               TensorQuantizer(disabled)
model.18.cv1.conv.weight_quantizer                                               TensorQuantizer(8 bit fake axis=0 amax=[0.0330, 0.1840](64) calibrator=MaxCalibrator quant)
model.18.cv1.bn.input_quantizer                                                  TensorQuantizer(disabled)
model.18.cv1.bn.output_quantizer                                                 TensorQuantizer(disabled)
model.18.cv2.conv.input_quantizer                                                TensorQuantizer(8 bit fake per-tensor amax=7.8515 calibrator=MaxCalibrator quant)
model.18.cv2.conv.output_quantizer                                               TensorQuantizer(disabled)
model.18.cv2.conv.weight_quantizer                                               TensorQuantizer(8 bit fake axis=0 amax=[0.0470, 0.1888](64) calibrator=MaxCalibrator quant)
model.18.cv2.bn.input_quantizer                                                  TensorQuantizer(disabled)
model.18.cv2.bn.output_quantizer                                                 TensorQuantizer(disabled)
model.18.m.0.cv1.conv.input_quantizer                                            TensorQuantizer(8 bit fake per-tensor amax=6.2660 calibrator=MaxCalibrator quant)
model.18.m.0.cv1.conv.output_quantizer                                           TensorQuantizer(disabled)
model.18.m.0.cv1.conv.weight_quantizer                                           TensorQuantizer(8 bit fake axis=0 amax=[0.0667, 0.1622](16) calibrator=MaxCalibrator quant)
model.18.m.0.cv1.bn.input_quantizer                                              TensorQuantizer(disabled)
model.18.m.0.cv1.bn.output_quantizer                                             TensorQuantizer(disabled)
model.18.m.0.cv2.conv.input_quantizer                                            TensorQuantizer(8 bit fake per-tensor amax=6.2660 calibrator=MaxCalibrator quant)
model.18.m.0.cv2.conv.output_quantizer                                           TensorQuantizer(disabled)
model.18.m.0.cv2.conv.weight_quantizer                                           TensorQuantizer(8 bit fake axis=0 amax=[0.0352, 0.0753](16) calibrator=MaxCalibrator quant)
model.18.m.0.cv2.bn.input_quantizer                                              TensorQuantizer(disabled)
model.18.m.0.cv2.bn.output_quantizer                                             TensorQuantizer(disabled)
model.18.m.0.cv3.conv.input_quantizer                                            TensorQuantizer(8 bit fake per-tensor amax=16.8759 calibrator=MaxCalibrator quant)
model.18.m.0.cv3.conv.output_quantizer                                           TensorQuantizer(disabled)
model.18.m.0.cv3.conv.weight_quantizer                                           TensorQuantizer(8 bit fake axis=0 amax=[0.0444, 0.1349](32) calibrator=MaxCalibrator quant)
model.18.m.0.cv3.bn.input_quantizer                                              TensorQuantizer(disabled)
model.18.m.0.cv3.bn.output_quantizer                                             TensorQuantizer(disabled)
model.18.m.0.m.0.cv1.conv.input_quantizer                                        TensorQuantizer(8 bit fake per-tensor amax=0.9944 calibrator=MaxCalibrator quant)
model.18.m.0.m.0.cv1.conv.output_quantizer                                       TensorQuantizer(disabled)
model.18.m.0.m.0.cv1.conv.weight_quantizer                                       TensorQuantizer(8 bit fake axis=0 amax=[0.0756, 0.1243](16) calibrator=MaxCalibrator quant)
model.18.m.0.m.0.cv1.bn.input_quantizer                                          TensorQuantizer(disabled)
model.18.m.0.m.0.cv1.bn.output_quantizer                                         TensorQuantizer(disabled)
model.18.m.0.m.0.cv2.conv.input_quantizer                                        TensorQuantizer(8 bit fake per-tensor amax=6.2818 calibrator=MaxCalibrator quant)
model.18.m.0.m.0.cv2.conv.output_quantizer                                       TensorQuantizer(disabled)
model.18.m.0.m.0.cv2.conv.weight_quantizer                                       TensorQuantizer(8 bit fake axis=0 amax=[0.0620, 0.1824](16) calibrator=MaxCalibrator quant)
model.18.m.0.m.0.cv2.bn.input_quantizer                                          TensorQuantizer(disabled)
model.18.m.0.m.0.cv2.bn.output_quantizer                                         TensorQuantizer(disabled)
model.18.m.0.m.1.cv1.conv.input_quantizer                                        TensorQuantizer(8 bit fake per-tensor amax=5.5722 calibrator=MaxCalibrator quant)
model.18.m.0.m.1.cv1.conv.output_quantizer                                       TensorQuantizer(disabled)
model.18.m.0.m.1.cv1.conv.weight_quantizer                                       TensorQuantizer(8 bit fake axis=0 amax=[0.0734, 0.1879](16) calibrator=MaxCalibrator quant)
model.18.m.0.m.1.cv1.bn.input_quantizer                                          TensorQuantizer(disabled)
model.18.m.0.m.1.cv1.bn.output_quantizer                                         TensorQuantizer(disabled)
model.18.m.0.m.1.cv2.conv.input_quantizer                                        TensorQuantizer(8 bit fake per-tensor amax=5.9779 calibrator=MaxCalibrator quant)
model.18.m.0.m.1.cv2.conv.output_quantizer                                       TensorQuantizer(disabled)
model.18.m.0.m.1.cv2.conv.weight_quantizer                                       TensorQuantizer(8 bit fake axis=0 amax=[0.0596, 0.1670](16) calibrator=MaxCalibrator quant)
model.18.m.0.m.1.cv2.bn.input_quantizer                                          TensorQuantizer(disabled)
model.18.m.0.m.1.cv2.bn.output_quantizer                                         TensorQuantizer(disabled)
model.19.conv.input_quantizer                                                    TensorQuantizer(8 bit fake per-tensor amax=6.7062 calibrator=MaxCalibrator quant)
model.19.conv.output_quantizer                                                   TensorQuantizer(disabled)
model.19.conv.weight_quantizer                                                   TensorQuantizer(8 bit fake axis=0 amax=[0.0214, 0.0773](64) calibrator=MaxCalibrator quant)
model.19.bn.input_quantizer                                                      TensorQuantizer(disabled)
model.19.bn.output_quantizer                                                     TensorQuantizer(disabled)
model.21.cv1.conv.input_quantizer                                                TensorQuantizer(8 bit fake per-tensor amax=13.0064 calibrator=MaxCalibrator quant)
model.21.cv1.conv.output_quantizer                                               TensorQuantizer(disabled)
model.21.cv1.conv.weight_quantizer                                               TensorQuantizer(8 bit fake axis=0 amax=[0.0262, 0.1094](128) calibrator=MaxCalibrator quant)
model.21.cv1.bn.input_quantizer                                                  TensorQuantizer(disabled)
model.21.cv1.bn.output_quantizer                                                 TensorQuantizer(disabled)
model.21.cv2.conv.input_quantizer                                                TensorQuantizer(8 bit fake per-tensor amax=14.0497 calibrator=MaxCalibrator quant)
model.21.cv2.conv.output_quantizer                                               TensorQuantizer(disabled)
model.21.cv2.conv.weight_quantizer                                               TensorQuantizer(8 bit fake axis=0 amax=[0.0299, 0.1534](128) calibrator=MaxCalibrator quant)
model.21.cv2.bn.input_quantizer                                                  TensorQuantizer(disabled)
model.21.cv2.bn.output_quantizer                                                 TensorQuantizer(disabled)
model.21.m.0.cv1.conv.input_quantizer                                            TensorQuantizer(8 bit fake per-tensor amax=12.5328 calibrator=MaxCalibrator quant)
model.21.m.0.cv1.conv.output_quantizer                                           TensorQuantizer(disabled)
model.21.m.0.cv1.conv.weight_quantizer                                           TensorQuantizer(8 bit fake axis=0 amax=[0.0463, 0.1005](32) calibrator=MaxCalibrator quant)
model.21.m.0.cv1.bn.input_quantizer                                              TensorQuantizer(disabled)
model.21.m.0.cv1.bn.output_quantizer                                             TensorQuantizer(disabled)
model.21.m.0.cv2.conv.input_quantizer                                            TensorQuantizer(8 bit fake per-tensor amax=12.5328 calibrator=MaxCalibrator quant)
model.21.m.0.cv2.conv.output_quantizer                                           TensorQuantizer(disabled)
model.21.m.0.cv2.conv.weight_quantizer                                           TensorQuantizer(8 bit fake axis=0 amax=[0.0239, 0.0555](32) calibrator=MaxCalibrator quant)
model.21.m.0.cv2.bn.input_quantizer                                              TensorQuantizer(disabled)
model.21.m.0.cv2.bn.output_quantizer                                             TensorQuantizer(disabled)
model.21.m.0.cv3.conv.input_quantizer                                            TensorQuantizer(8 bit fake per-tensor amax=15.7465 calibrator=MaxCalibrator quant)
model.21.m.0.cv3.conv.output_quantizer                                           TensorQuantizer(disabled)
model.21.m.0.cv3.conv.weight_quantizer                                           TensorQuantizer(8 bit fake axis=0 amax=[0.0325, 0.1595](64) calibrator=MaxCalibrator quant)
model.21.m.0.cv3.bn.input_quantizer                                              TensorQuantizer(disabled)
model.21.m.0.cv3.bn.output_quantizer                                             TensorQuantizer(disabled)
model.21.m.0.m.0.cv1.conv.input_quantizer                                        TensorQuantizer(8 bit fake per-tensor amax=2.2465 calibrator=MaxCalibrator quant)
model.21.m.0.m.0.cv1.conv.output_quantizer                                       TensorQuantizer(disabled)
model.21.m.0.m.0.cv1.conv.weight_quantizer                                       TensorQuantizer(8 bit fake axis=0 amax=[0.0463, 0.1089](32) calibrator=MaxCalibrator quant)
model.21.m.0.m.0.cv1.bn.input_quantizer                                          TensorQuantizer(disabled)
model.21.m.0.m.0.cv1.bn.output_quantizer                                         TensorQuantizer(disabled)
model.21.m.0.m.0.cv2.conv.input_quantizer                                        TensorQuantizer(8 bit fake per-tensor amax=6.1139 calibrator=MaxCalibrator quant)
model.21.m.0.m.0.cv2.conv.output_quantizer                                       TensorQuantizer(disabled)
model.21.m.0.m.0.cv2.conv.weight_quantizer                                       TensorQuantizer(8 bit fake axis=0 amax=[0.0418, 0.1427](32) calibrator=MaxCalibrator quant)
model.21.m.0.m.0.cv2.bn.input_quantizer                                          TensorQuantizer(disabled)
model.21.m.0.m.0.cv2.bn.output_quantizer                                         TensorQuantizer(disabled)
model.21.m.0.m.1.cv1.conv.input_quantizer                                        TensorQuantizer(8 bit fake per-tensor amax=8.5616 calibrator=MaxCalibrator quant)
model.21.m.0.m.1.cv1.conv.output_quantizer                                       TensorQuantizer(disabled)
model.21.m.0.m.1.cv1.conv.weight_quantizer                                       TensorQuantizer(8 bit fake axis=0 amax=[0.0453, 0.1099](32) calibrator=MaxCalibrator quant)
model.21.m.0.m.1.cv1.bn.input_quantizer                                          TensorQuantizer(disabled)
model.21.m.0.m.1.cv1.bn.output_quantizer                                         TensorQuantizer(disabled)
model.21.m.0.m.1.cv2.conv.input_quantizer                                        TensorQuantizer(8 bit fake per-tensor amax=6.7755 calibrator=MaxCalibrator quant)
model.21.m.0.m.1.cv2.conv.output_quantizer                                       TensorQuantizer(disabled)
model.21.m.0.m.1.cv2.conv.weight_quantizer                                       TensorQuantizer(8 bit fake axis=0 amax=[0.0439, 0.1362](32) calibrator=MaxCalibrator quant)
model.21.m.0.m.1.cv2.bn.input_quantizer                                          TensorQuantizer(disabled)
model.21.m.0.m.1.cv2.bn.output_quantizer                                         TensorQuantizer(disabled)
model.22.conv.input_quantizer                                                    TensorQuantizer(8 bit fake per-tensor amax=12.2447 calibrator=MaxCalibrator quant)
model.22.conv.output_quantizer                                                   TensorQuantizer(disabled)
model.22.conv.weight_quantizer                                                   TensorQuantizer(8 bit fake axis=0 amax=[0.0125, 0.0445](128) calibrator=MaxCalibrator quant)
model.22.bn.input_quantizer                                                      TensorQuantizer(disabled)
model.22.bn.output_quantizer                                                     TensorQuantizer(disabled)
model.24.cv1.conv.input_quantizer                                                TensorQuantizer(8 bit fake per-tensor amax=15.5494 calibrator=MaxCalibrator quant)
model.24.cv1.conv.output_quantizer                                               TensorQuantizer(disabled)
model.24.cv1.conv.weight_quantizer                                               TensorQuantizer(8 bit fake axis=0 amax=[0.0193, 0.1646](128) calibrator=MaxCalibrator quant)
model.24.cv1.bn.input_quantizer                                                  TensorQuantizer(disabled)
model.24.cv1.bn.output_quantizer                                                 TensorQuantizer(disabled)
model.24.cv2.conv.input_quantizer                                                TensorQuantizer(8 bit fake per-tensor amax=11.5175 calibrator=MaxCalibrator quant)
model.24.cv2.conv.output_quantizer                                               TensorQuantizer(disabled)
model.24.cv2.conv.weight_quantizer                                               TensorQuantizer(8 bit fake axis=0 amax=[0.0194, 0.1065](128) calibrator=MaxCalibrator quant)
model.24.cv2.bn.input_quantizer                                                  TensorQuantizer(disabled)
model.24.cv2.bn.output_quantizer                                                 TensorQuantizer(disabled)
model.24.m.0.cv1.conv.input_quantizer                                            TensorQuantizer(8 bit fake per-tensor amax=10.5729 calibrator=MaxCalibrator quant)
model.24.m.0.cv1.conv.output_quantizer                                           TensorQuantizer(disabled)
model.24.m.0.cv1.conv.weight_quantizer                                           TensorQuantizer(8 bit fake axis=0 amax=[0.0359, 0.0856](32) calibrator=MaxCalibrator quant)
model.24.m.0.cv1.bn.input_quantizer                                              TensorQuantizer(disabled)
model.24.m.0.cv1.bn.output_quantizer                                             TensorQuantizer(disabled)
model.24.m.0.cv2.conv.input_quantizer                                            TensorQuantizer(8 bit fake per-tensor amax=10.5729 calibrator=MaxCalibrator quant)
model.24.m.0.cv2.conv.output_quantizer                                           TensorQuantizer(disabled)
model.24.m.0.cv2.conv.weight_quantizer                                           TensorQuantizer(8 bit fake axis=0 amax=[0.0142, 0.0382](32) calibrator=MaxCalibrator quant)
model.24.m.0.cv2.bn.input_quantizer                                              TensorQuantizer(disabled)
model.24.m.0.cv2.bn.output_quantizer                                             TensorQuantizer(disabled)
model.24.m.0.cv3.conv.input_quantizer                                            TensorQuantizer(8 bit fake per-tensor amax=19.7138 calibrator=MaxCalibrator quant)
model.24.m.0.cv3.conv.output_quantizer                                           TensorQuantizer(disabled)
model.24.m.0.cv3.conv.weight_quantizer                                           TensorQuantizer(8 bit fake axis=0 amax=[0.0234, 0.1263](64) calibrator=MaxCalibrator quant)
model.24.m.0.cv3.bn.input_quantizer                                              TensorQuantizer(disabled)
model.24.m.0.cv3.bn.output_quantizer                                             TensorQuantizer(disabled)
model.24.m.0.m.0.cv1.conv.input_quantizer                                        TensorQuantizer(8 bit fake per-tensor amax=2.9570 calibrator=MaxCalibrator quant)
model.24.m.0.m.0.cv1.conv.output_quantizer                                       TensorQuantizer(disabled)
model.24.m.0.m.0.cv1.conv.weight_quantizer                                       TensorQuantizer(8 bit fake axis=0 amax=[0.0313, 0.0965](32) calibrator=MaxCalibrator quant)
model.24.m.0.m.0.cv1.bn.input_quantizer                                          TensorQuantizer(disabled)
model.24.m.0.m.0.cv1.bn.output_quantizer                                         TensorQuantizer(disabled)
model.24.m.0.m.0.cv2.conv.input_quantizer                                        TensorQuantizer(8 bit fake per-tensor amax=7.4351 calibrator=MaxCalibrator quant)
model.24.m.0.m.0.cv2.conv.output_quantizer                                       TensorQuantizer(disabled)
model.24.m.0.m.0.cv2.conv.weight_quantizer                                       TensorQuantizer(8 bit fake axis=0 amax=[0.0336, 0.0914](32) calibrator=MaxCalibrator quant)
model.24.m.0.m.0.cv2.bn.input_quantizer                                          TensorQuantizer(disabled)
model.24.m.0.m.0.cv2.bn.output_quantizer                                         TensorQuantizer(disabled)
model.24.m.0.m.1.cv1.conv.input_quantizer                                        TensorQuantizer(8 bit fake per-tensor amax=9.8545 calibrator=MaxCalibrator quant)
model.24.m.0.m.1.cv1.conv.output_quantizer                                       TensorQuantizer(disabled)
model.24.m.0.m.1.cv1.conv.weight_quantizer                                       TensorQuantizer(8 bit fake axis=0 amax=[0.0394, 0.0915](32) calibrator=MaxCalibrator quant)
model.24.m.0.m.1.cv1.bn.input_quantizer                                          TensorQuantizer(disabled)
model.24.m.0.m.1.cv1.bn.output_quantizer                                         TensorQuantizer(disabled)
model.24.m.0.m.1.cv2.conv.input_quantizer                                        TensorQuantizer(8 bit fake per-tensor amax=7.1278 calibrator=MaxCalibrator quant)
model.24.m.0.m.1.cv2.conv.output_quantizer                                       TensorQuantizer(disabled)
model.24.m.0.m.1.cv2.conv.weight_quantizer                                       TensorQuantizer(8 bit fake axis=0 amax=[0.0331, 0.0889](32) calibrator=MaxCalibrator quant)
model.24.m.0.m.1.cv2.bn.input_quantizer                                          TensorQuantizer(disabled)
model.24.m.0.m.1.cv2.bn.output_quantizer                                         TensorQuantizer(disabled)
model.25.cv2.0.0.conv.input_quantizer                                            TensorQuantizer(8 bit fake per-tensor amax=6.7062 calibrator=MaxCalibrator quant)
model.25.cv2.0.0.conv.output_quantizer                                           TensorQuantizer(disabled)
model.25.cv2.0.0.conv.weight_quantizer                                           TensorQuantizer(8 bit fake axis=0 amax=[0.0239, 0.1019](64) calibrator=MaxCalibrator quant)
model.25.cv2.0.0.bn.input_quantizer                                              TensorQuantizer(disabled)
model.25.cv2.0.0.bn.output_quantizer                                             TensorQuantizer(disabled)
model.25.cv2.0.1.conv.input_quantizer                                            TensorQuantizer(8 bit fake per-tensor amax=9.1721 calibrator=MaxCalibrator quant)
model.25.cv2.0.1.conv.output_quantizer                                           TensorQuantizer(disabled)
model.25.cv2.0.1.conv.weight_quantizer                                           TensorQuantizer(8 bit fake axis=0 amax=[0.0390, 0.1243](64) calibrator=MaxCalibrator quant)
model.25.cv2.0.1.bn.input_quantizer                                              TensorQuantizer(disabled)
model.25.cv2.0.1.bn.output_quantizer                                             TensorQuantizer(disabled)
model.25.cv2.0.2.input_quantizer                                                 TensorQuantizer(8 bit fake per-tensor amax=72.5709 calibrator=MaxCalibrator quant)
model.25.cv2.0.2.output_quantizer                                                TensorQuantizer(disabled)
model.25.cv2.0.2.weight_quantizer                                                TensorQuantizer(8 bit fake axis=0 amax=[0.0511, 0.2330](64) calibrator=MaxCalibrator quant)
model.25.cv2.1.0.conv.input_quantizer                                            TensorQuantizer(8 bit fake per-tensor amax=12.2447 calibrator=MaxCalibrator quant)
model.25.cv2.1.0.conv.output_quantizer                                           TensorQuantizer(disabled)
model.25.cv2.1.0.conv.weight_quantizer                                           TensorQuantizer(8 bit fake axis=0 amax=[0.0156, 0.1327](64) calibrator=MaxCalibrator quant)
model.25.cv2.1.0.bn.input_quantizer                                              TensorQuantizer(disabled)
model.25.cv2.1.0.bn.output_quantizer                                             TensorQuantizer(disabled)
model.25.cv2.1.1.conv.input_quantizer                                            TensorQuantizer(8 bit fake per-tensor amax=14.7150 calibrator=MaxCalibrator quant)
model.25.cv2.1.1.conv.output_quantizer                                           TensorQuantizer(disabled)
model.25.cv2.1.1.conv.weight_quantizer                                           TensorQuantizer(8 bit fake axis=0 amax=[0.0386, 0.1595](64) calibrator=MaxCalibrator quant)
model.25.cv2.1.1.bn.input_quantizer                                              TensorQuantizer(disabled)
model.25.cv2.1.1.bn.output_quantizer                                             TensorQuantizer(disabled)
model.25.cv2.1.2.input_quantizer                                                 TensorQuantizer(8 bit fake per-tensor amax=82.0414 calibrator=MaxCalibrator quant)
model.25.cv2.1.2.output_quantizer                                                TensorQuantizer(disabled)
model.25.cv2.1.2.weight_quantizer                                                TensorQuantizer(8 bit fake axis=0 amax=[0.0788, 0.2546](64) calibrator=MaxCalibrator quant)
model.25.cv2.2.0.conv.input_quantizer                                            TensorQuantizer(8 bit fake per-tensor amax=11.5755 calibrator=MaxCalibrator quant)
model.25.cv2.2.0.conv.output_quantizer                                           TensorQuantizer(disabled)
model.25.cv2.2.0.conv.weight_quantizer                                           TensorQuantizer(8 bit fake axis=0 amax=[0.0154, 0.0959](64) calibrator=MaxCalibrator quant)
model.25.cv2.2.0.bn.input_quantizer                                              TensorQuantizer(disabled)
model.25.cv2.2.0.bn.output_quantizer                                             TensorQuantizer(disabled)
model.25.cv2.2.1.conv.input_quantizer                                            TensorQuantizer(8 bit fake per-tensor amax=12.0997 calibrator=MaxCalibrator quant)
model.25.cv2.2.1.conv.output_quantizer                                           TensorQuantizer(disabled)
model.25.cv2.2.1.conv.weight_quantizer                                           TensorQuantizer(8 bit fake axis=0 amax=[0.0282, 0.0885](64) calibrator=MaxCalibrator quant)
model.25.cv2.2.1.bn.input_quantizer                                              TensorQuantizer(disabled)
model.25.cv2.2.1.bn.output_quantizer                                             TensorQuantizer(disabled)
model.25.cv2.2.2.input_quantizer                                                 TensorQuantizer(8 bit fake per-tensor amax=66.0124 calibrator=MaxCalibrator quant)
model.25.cv2.2.2.output_quantizer                                                TensorQuantizer(disabled)
model.25.cv2.2.2.weight_quantizer                                                TensorQuantizer(8 bit fake axis=0 amax=[0.0176, 0.2380](64) calibrator=MaxCalibrator quant)
model.25.cv3.0.0.0.conv.input_quantizer                                          TensorQuantizer(8 bit fake per-tensor amax=6.7062 calibrator=MaxCalibrator quant)
model.25.cv3.0.0.0.conv.output_quantizer                                         TensorQuantizer(disabled)
model.25.cv3.0.0.0.conv.weight_quantizer                                         TensorQuantizer(8 bit fake axis=0 amax=[0.0181, 0.1042](64) calibrator=MaxCalibrator quant)
model.25.cv3.0.0.0.bn.input_quantizer                                            TensorQuantizer(disabled)
model.25.cv3.0.0.0.bn.output_quantizer                                           TensorQuantizer(disabled)
model.25.cv3.0.0.1.conv.input_quantizer                                          TensorQuantizer(8 bit fake per-tensor amax=7.4371 calibrator=MaxCalibrator quant)
model.25.cv3.0.0.1.conv.output_quantizer                                         TensorQuantizer(disabled)
model.25.cv3.0.0.1.conv.weight_quantizer                                         TensorQuantizer(8 bit fake axis=0 amax=[0.0294, 0.1487](80) calibrator=MaxCalibrator quant)
model.25.cv3.0.0.1.bn.input_quantizer                                            TensorQuantizer(disabled)
model.25.cv3.0.0.1.bn.output_quantizer                                           TensorQuantizer(disabled)
model.25.cv3.0.1.0.conv.input_quantizer                                          TensorQuantizer(8 bit fake per-tensor amax=11.1175 calibrator=MaxCalibrator quant)
model.25.cv3.0.1.0.conv.output_quantizer                                         TensorQuantizer(disabled)
model.25.cv3.0.1.0.conv.weight_quantizer                                         TensorQuantizer(8 bit fake axis=0 amax=[0.0208, 0.1875](80) calibrator=MaxCalibrator quant)
model.25.cv3.0.1.0.bn.input_quantizer                                            TensorQuantizer(disabled)
model.25.cv3.0.1.0.bn.output_quantizer                                           TensorQuantizer(disabled)
model.25.cv3.0.1.1.conv.input_quantizer                                          TensorQuantizer(8 bit fake per-tensor amax=20.4156 calibrator=MaxCalibrator quant)
model.25.cv3.0.1.1.conv.output_quantizer                                         TensorQuantizer(disabled)
model.25.cv3.0.1.1.conv.weight_quantizer                                         TensorQuantizer(8 bit fake axis=0 amax=[0.0358, 0.1252](80) calibrator=MaxCalibrator quant)
model.25.cv3.0.1.1.bn.input_quantizer                                            TensorQuantizer(disabled)
model.25.cv3.0.1.1.bn.output_quantizer                                           TensorQuantizer(disabled)
model.25.cv3.0.2.input_quantizer                                                 TensorQuantizer(8 bit fake per-tensor amax=130.1064 calibrator=MaxCalibrator quant)
model.25.cv3.0.2.output_quantizer                                                TensorQuantizer(disabled)
model.25.cv3.0.2.weight_quantizer                                                TensorQuantizer(8 bit fake axis=0 amax=[0.0634, 0.1646](80) calibrator=MaxCalibrator quant)
model.25.cv3.1.0.0.conv.input_quantizer                                          TensorQuantizer(8 bit fake per-tensor amax=12.2447 calibrator=MaxCalibrator quant)
model.25.cv3.1.0.0.conv.output_quantizer                                         TensorQuantizer(disabled)
model.25.cv3.1.0.0.conv.weight_quantizer                                         TensorQuantizer(8 bit fake axis=0 amax=[0.0072, 0.1005](128) calibrator=MaxCalibrator quant)
model.25.cv3.1.0.0.bn.input_quantizer                                            TensorQuantizer(disabled)
model.25.cv3.1.0.0.bn.output_quantizer                                           TensorQuantizer(disabled)
model.25.cv3.1.0.1.conv.input_quantizer                                          TensorQuantizer(8 bit fake per-tensor amax=15.1813 calibrator=MaxCalibrator quant)
model.25.cv3.1.0.1.conv.output_quantizer                                         TensorQuantizer(disabled)
model.25.cv3.1.0.1.conv.weight_quantizer                                         TensorQuantizer(8 bit fake axis=0 amax=[0.0264, 0.1126](80) calibrator=MaxCalibrator quant)
model.25.cv3.1.0.1.bn.input_quantizer                                            TensorQuantizer(disabled)
model.25.cv3.1.0.1.bn.output_quantizer                                           TensorQuantizer(disabled)
model.25.cv3.1.1.0.conv.input_quantizer                                          TensorQuantizer(8 bit fake per-tensor amax=14.8741 calibrator=MaxCalibrator quant)
model.25.cv3.1.1.0.conv.output_quantizer                                         TensorQuantizer(disabled)
model.25.cv3.1.1.0.conv.weight_quantizer                                         TensorQuantizer(8 bit fake axis=0 amax=[0.0161, 0.1252](80) calibrator=MaxCalibrator quant)
model.25.cv3.1.1.0.bn.input_quantizer                                            TensorQuantizer(disabled)
model.25.cv3.1.1.0.bn.output_quantizer                                           TensorQuantizer(disabled)
model.25.cv3.1.1.1.conv.input_quantizer                                          TensorQuantizer(8 bit fake per-tensor amax=48.8233 calibrator=MaxCalibrator quant)
model.25.cv3.1.1.1.conv.output_quantizer                                         TensorQuantizer(disabled)
model.25.cv3.1.1.1.conv.weight_quantizer                                         TensorQuantizer(8 bit fake axis=0 amax=[0.0337, 0.1092](80) calibrator=MaxCalibrator quant)
model.25.cv3.1.1.1.bn.input_quantizer                                            TensorQuantizer(disabled)
model.25.cv3.1.1.1.bn.output_quantizer                                           TensorQuantizer(disabled)
model.25.cv3.1.2.input_quantizer                                                 TensorQuantizer(8 bit fake per-tensor amax=89.2456 calibrator=MaxCalibrator quant)
model.25.cv3.1.2.output_quantizer                                                TensorQuantizer(disabled)
model.25.cv3.1.2.weight_quantizer                                                TensorQuantizer(8 bit fake axis=0 amax=[0.0676, 0.2083](80) calibrator=MaxCalibrator quant)
model.25.cv3.2.0.0.conv.input_quantizer                                          TensorQuantizer(8 bit fake per-tensor amax=11.5755 calibrator=MaxCalibrator quant)
model.25.cv3.2.0.0.conv.output_quantizer                                         TensorQuantizer(disabled)
model.25.cv3.2.0.0.conv.weight_quantizer                                         TensorQuantizer(8 bit fake axis=0 amax=[0.0072, 0.0789](128) calibrator=MaxCalibrator quant)
model.25.cv3.2.0.0.bn.input_quantizer                                            TensorQuantizer(disabled)
model.25.cv3.2.0.0.bn.output_quantizer                                           TensorQuantizer(disabled)
model.25.cv3.2.0.1.conv.input_quantizer                                          TensorQuantizer(8 bit fake per-tensor amax=14.1388 calibrator=MaxCalibrator quant)
model.25.cv3.2.0.1.conv.output_quantizer                                         TensorQuantizer(disabled)
model.25.cv3.2.0.1.conv.weight_quantizer                                         TensorQuantizer(8 bit fake axis=0 amax=[0.0174, 0.1083](80) calibrator=MaxCalibrator quant)
model.25.cv3.2.0.1.bn.input_quantizer                                            TensorQuantizer(disabled)
model.25.cv3.2.0.1.bn.output_quantizer                                           TensorQuantizer(disabled)
model.25.cv3.2.1.0.conv.input_quantizer                                          TensorQuantizer(8 bit fake per-tensor amax=10.9222 calibrator=MaxCalibrator quant)
model.25.cv3.2.1.0.conv.output_quantizer                                         TensorQuantizer(disabled)
model.25.cv3.2.1.0.conv.weight_quantizer                                         TensorQuantizer(8 bit fake axis=0 amax=[0.0206, 0.0957](80) calibrator=MaxCalibrator quant)
model.25.cv3.2.1.0.bn.input_quantizer                                            TensorQuantizer(disabled)
model.25.cv3.2.1.0.bn.output_quantizer                                           TensorQuantizer(disabled)
model.25.cv3.2.1.1.conv.input_quantizer                                          TensorQuantizer(8 bit fake per-tensor amax=24.2424 calibrator=MaxCalibrator quant)
model.25.cv3.2.1.1.conv.output_quantizer                                         TensorQuantizer(disabled)
model.25.cv3.2.1.1.conv.weight_quantizer                                         TensorQuantizer(8 bit fake axis=0 amax=[0.0288, 0.0792](80) calibrator=MaxCalibrator quant)
model.25.cv3.2.1.1.bn.input_quantizer                                            TensorQuantizer(disabled)
model.25.cv3.2.1.1.bn.output_quantizer                                           TensorQuantizer(disabled)
model.25.cv3.2.2.input_quantizer                                                 TensorQuantizer(8 bit fake per-tensor amax=54.7252 calibrator=MaxCalibrator quant)
model.25.cv3.2.2.output_quantizer                                                TensorQuantizer(disabled)
model.25.cv3.2.2.weight_quantizer                                                TensorQuantizer(8 bit fake axis=0 amax=[0.0405, 0.1390](80) calibrator=MaxCalibrator quant)
model.25.dfl.conv.input_quantizer                                                TensorQuantizer(disabled)
model.25.dfl.conv.output_quantizer                                               TensorQuantizer(disabled)
model.25.dfl.conv.weight_quantizer                                               TensorQuantizer(disabled)
931 TensorQuantizers found in model
[mtq] exporting with 360 active quantizers (1 candidate weight sets)
[onnx] runs/a3/v01n/qdq/qat_qdq_model.onnx
  [audit int8-qdq] engine layer precisions: {'Float': 85, 'Half': 176, 'Int8': 196}
Ultralytics 8.3.240 🚀 Python-3.11.10 torch-2.4.1+cu124 CUDA:0 (NVIDIA L4, 22563MiB)
Loading runs/a3/v01n/qdq/model_int8-qdq_model.engine for TensorRT inference...
[08/23/2026-02:17:24] [TRT] [I] Loaded engine size: 20 MiB
[08/23/2026-02:17:24] [TRT] [I] [MemUsageChange] TensorRT-managed allocation in IExecutionContext creation: CPU +1, GPU +30, now: CPU 1, GPU 42 (MiB)
Setting batch=1 input of shape (1, 3, 640, 640)
[34m[1mval: [0mFast image access ✅ (ping: 0.5±0.1 ms, read: 37.8±18.3 MB/s, size: 194.4 KB)
[K[34m[1mval: [0mScanning /data/datasets/coco/labels/val2017.cache... 4952 images, 48 backgrounds, 0 corrupt: 100% ━━━━━━━━━━━━ 5000/5000 635.5Mit/s 0.0s[K[34m[1mval: [0mScanning /data/datasets/coco/labels/val2017.cache... 4952 images, 48 backgrounds, 0 corrupt: 100% ━━━━━━━━━━━━ 5000/5000 60.6Mit/s 0.0s
[K                 Class     Images  Instances      Box(P          R      mAP50  mAP50-95): 0% ──────────── 10/5000 26.3it/s 0.1s<3:09[K                 Class     Images  Instances      Box(P          R      mAP50  mAP50-95): 1% ──────────── 27/5000 68.1it/s 0.2s<1:13[K                 Class     Images  Instances      Box(P          R      mAP50  mAP50-95): 1% ──────────── 42/5000 91.7it/s 0.3s<54.1s[K                 Class     Images  Instances      Box(P          R      mAP50  mAP50-95): 1% ──────────── 56/5000 104.4it/s 0.4s<47.4s[K                 Class     Images  Instances      Box(P          R      mAP50  mAP50-95): 1% ──────────── 70/5000 115.0it/s 0.5s<42.9s[K                 Class     Images  Instances      Box(P          R      mAP50  mAP50-95): 2% ──────────── 85/5000 123.0it/s 0.6s<40.0s[K                 Class     Images  Instances      Box(P          R      mAP50  mAP50-95): 2% ──────────── 99/5000 126.5it/s 0.7s<38.8s[K                 Class     Images  Instances      Box(P          R      mAP50  mAP50-95): 2% ──────────── 113/5000 129.1it/s 0.8s<37.8s[K                 Class     Images  Instances      Box(P          R      mAP50  mAP50-95): 3% ──────────── 127/5000 130.2it/s 0.9s<37.4s[K                 Class     Images  Instances      Box(P          R      mAP50  mAP50-95): 3% ──────────── 141/5000 131.1it/s 1.0s<37.1s[K                 Class     Images  Instances      Box(P          R      mAP50  mAP50-95): 3% ──────────── 156/5000 135.3it/s 1.2s<35.8s[K                 Class     Images  Instances      Box(P          R      mAP50  mAP50-95): 3% ──────────── 171/5000 136.9it/s 1.3s<35.3s[K                 Class     Images  Instances      Box(P          R      mAP50  mAP50-95): 4% ──────────── 182/5000 122.4it/s 1.4s<39.4s[K                 Class     Images  Instances      Box(P          R      mAP50  mAP50-95): 4% ──────────── 196/5000 124.9it/s 1.5s<38.5s[K                 Class     Images  Instances      Box(P          R      mAP50  mAP50-95): 4% ╸─────────── 210/5000 128.4it/s 1.6s<37.3s[K                 Class     Images  Instances      Box(P          R      mAP50  mAP50-95): 4% ╸─────────── 225/5000 132.9it/s 1.7s<35.9s[K                 Class     Images  Instances      Box(P          R      mAP50  mAP50-95): 5% ╸─────────── 239/5000 134.7it/s 1.8s<35.3s[K                 Class     Images  Instances      Box(P          R      mAP50  mAP50-95): 5% ╸─────────── 253/5000 135.6it/s 1.9s<35.0s[K                 Class     Images  Instances      Box(P          R      mAP50  mAP50-95): 5% ╸─────────── 267/5000 135.4it/s 2.0s<34.9s[K                 Class     Images  Instances      Box(P          R      mAP50  mAP50-95): 6% ╸─────────── 281/5000 135.0it/s 2.1s<34.9s[K                 Class     Images  Instances      Box(P          R      mAP50  mAP50-95): 6% ╸─────────── 295/5000 133.9it/s 2.2s<35.1s[K                 Class     Images  Instances      Box(P          R      mAP50  mAP50-95): 6% ╸─────────── 310/5000 136.0it/s 2.3s<34.5s[K                 Class     Images  Instances      Box(P          R      mAP50  mAP50-95): 6% ╸─────────── 324/5000 135.0it/s 2.4s<34.6s[K                 Class     Images  Instances      Box(P          R      mAP50  mAP50-95): 7% ╸─────────── 338/5000 134.3it/s 2.5s<34.7s[K                 Class     Images  Instances      Box(P          R      mAP50  mAP50-95): 7% ╸─────────── 352/5000 133.8it/s 2.6s<34.7s[K                 Class     Images  Instances      Box(P          R      mAP50  mAP50-95): 7% ╸─────────── 366/5000 134.3it/s 2.7s<34.5s[K                 Class     Images  Instances      Box(P          R      mAP50  mAP50-95): 8% ╸─────────── 380/5000 135.0it/s 2.8s<34.2s[K                 Class     Images  Instances      Box(P          R      mAP50  mAP50-95): 8% ╸─────────── 395/5000 136.1it/s 3.0s<33.8s[K                 Class     Images  Instances      Box(P          R      mAP50  mAP50-95): 8% ╸─────────── 409/5000 135.5it/s 3.1s<33.9s[K                 Class     Images  Instances      Box(P          R      mAP50  mAP50-95): 8% ━─────────── 423/5000 135.1it/s 3.2s<33.9s[K                 Class     Images  Instances      Box(P          R      mAP50  mAP50-95): 9% ━─────────── 438/5000 138.9it/s 3.3s<32.8s[K                 Class     Images  Instances      Box(P          R      mAP50  mAP50-95): 9% ━─────────── 452/5000 138.1it/s 3.4s<32.9s[K                 Class     Images  Instances      Box(P          R      mAP50  mAP50-95): 9% ━─────────── 466/5000 137.8it/s 3.5s<32.9s[K                 Class     Images  Instances      Box(P          R      mAP50  mAP50-95): 10% ━─────────── 481/5000 139.1it/s 3.6s<32.5s[K                 Class     Images  Instances      Box(P          R      mAP50  mAP50-95): 10% ━─────────── 495/5000 138.0it/s 3.7s<32.6s[K                 Class     Images  Instances      Box(P          R      mAP50  mAP50-95): 10% ━─────────── 509/5000 135.5it/s 3.8s<33.1s[K                 Class     Images  Instances      Box(P          R      mAP50  mAP50-95): 10% ━─────────── 521/5000 130.5it/s 3.9s<34.3s[K                 Class     Images  Instances      Box(P          R      mAP50  mAP50-95): 11% ━─────────── 533/5000 126.7it/s 4.0s<35.2s[K                 Class     Images  Instances      Box(P          R      mAP50  mAP50-95): 11% ━─────────── 547/5000 130.0it/s 4.1s<34.2s[K                 Class     Images  Instances      Box(P          R      mAP50  mAP50-95): 11% ━─────────── 561/5000 132.6it/s 4.2s<33.5s[K                 Class     Images  Instances      Box(P          R      mAP50  mAP50-95): 12% ━─────────── 575/5000 134.5it/s 4.3s<32.9s[K                 Class     Images  Instances      Box(P          R      mAP50  mAP50-95): 12% ━─────────── 589/5000 134.7it/s 4.4s<32.7s[K                 Class     Images  Instances      Box(P          R      mAP50  mAP50-95): 12% ━─────────── 604/5000 136.5it/s 4.5s<32.2s[K                 Class     Images  Instances      Box(P          R      mAP50  mAP50-95): 12% ━─────────── 618/5000 136.6it/s 4.6s<32.1s[K                 Class     Images  Instances      Box(P          R      mAP50  mAP50-95): 13% ━╸────────── 633/5000 137.6it/s 4.7s<31.7s[K                 Class     Images  Instances      Box(P          R      mAP50  mAP50-95): 13% ━╸────────── 647/5000 136.4it/s 4.8s<31.9s[K                 Class     Images  Instances      Box(P          R      mAP50  mAP50-95): 13% ━╸────────── 661/5000 137.1it/s 4.9s<31.6s[K                 Class     Images  Instances      Box(P          R      mAP50  mAP50-95): 14% ━╸────────── 675/5000 137.7it/s 5.0s<31.4s[K                 Class     Images  Instances      Box(P          R      mAP50  mAP50-95): 14% ━╸────────── 690/5000 137.9it/s 5.1s<31.3s[K                 Class     Images  Instances      Box(P          R      mAP50  mAP50-95): 14% ━╸────────── 705/5000 139.7it/s 5.2s<30.7s[K                 Class     Images  Instances      Box(P          R      mAP50  mAP50-95): 14% ━╸────────── 719/5000 137.7it/s 5.3s<31.1s[K                 Class     Images  Instances      Box(P          R      mAP50  mAP50-95): 15% ━╸────────── 733/5000 137.9it/s 5.4s<30.9s[K                 Class     Images  Instances      Box(P          R      mAP50  mAP50-95): 15% ━╸────────── 747/5000 138.0it/s 5.5s<30.8s[K                 Class     Images  Instances      Box(P          R      mAP50  mAP50-95): 15% ━╸────────── 762/5000 139.6it/s 5.6s<30.4s[K                 Class     Images  Instances      Box(P          R      mAP50  mAP50-95): 16% ━╸────────── 776/5000 138.7it/s 5.7s<30.5s[K                 Class     Images  Instances      Box(P          R      mAP50  mAP50-95): 16% ━╸────────── 790/5000 137.9it/s 5.8s<30.5s[K                 Class     Images  Instances      Box(P          R      mAP50  mAP50-95): 16% ━╸────────── 804/5000 137.3it/s 5.9s<30.6s[K                 Class     Images  Instances      Box(P          R      mAP50  mAP50-95): 16% ━╸────────── 819/5000 138.6it/s 6.1s<30.2s[K                 Class     Images  Instances      Box(P          R      mAP50  mAP50-95): 17% ━╸────────── 833/5000 138.2it/s 6.2s<30.1s[K                 Class     Images  Instances      Box(P          R      mAP50  mAP50-95): 17% ━━────────── 848/5000 139.7it/s 6.3s<29.7s[K                 Class     Images  Instances      Box(P          R      mAP50  mAP50-95): 17% ━━────────── 862/5000 139.1it/s 6.4s<29.7s[K                 Class     Images  Instances      Box(P          R      mAP50  mAP50-95): 18% ━━────────── 877/5000 140.7it/s 6.5s<29.3s[K                 Class     Images  Instances      Box(P          R      mAP50  mAP50-95): 18% ━━────────── 892/5000 141.1it/s 6.6s<29.1s[K                 Class     Images  Instances      Box(P          R      mAP50  mAP50-95): 18% ━━────────── 907/5000 141.2it/s 6.7s<29.0s[K                 Class     Images  Instances      Box(P          R      mAP50  mAP50-95): 18% ━━────────── 922/5000 141.5it/s 6.8s<28.8s[K                 Class     Images  Instances      Box(P          R      mAP50  mAP50-95): 19% ━━────────── 937/5000 141.0it/s 6.9s<28.8s[K                 Class     Images  Instances      Box(P          R      mAP50  mAP50-95): 19% ━━────────── 951/5000 139.8it/s 7.0s<29.0s[K                 Class     Images  Instances      Box(P          R      mAP50  mAP50-95): 19% ━━────────── 965/5000 138.2it/s 7.1s<29.2s[K                 Class     Images  Instances      Box(P          R      mAP50  mAP50-95): 20% ━━────────── 979/5000 135.8it/s 7.2s<29.6s[K                 Class     Images  Instances      Box(P          R      mAP50  mAP50-95): 20% ━━────────── 993/5000 136.6it/s 7.3s<29.3s[K                 Class     Images  Instances      Box(P          R      mAP50  mAP50-95): 20% ━━────────── 1007/5000 136.7it/s 7.4s<29.2s[K                 Class     Images  Instances      Box(P          R      mAP50  mAP50-95): 20% ━━────────── 1021/5000 136.7it/s 7.5s<29.1s[K                 Class     Images  Instances      Box(P          R      mAP50  mAP50-95): 21% ━━────────── 1034/5000 134.6it/s 7.6s<29.5s[K                 Class     Images  Instances      Box(P          R      mAP50  mAP50-95): 21% ━━╸───────── 1048/5000 135.0it/s 7.7s<29.3s[K                 Class     Images  Instances      Box(P          R      mAP50  mAP50-95): 21% ━━╸───────── 1062/5000 135.4it/s 7.8s<29.1s[K                 Class     Images  Instances      Box(P          R      mAP50  mAP50-95): 22% ━━╸───────── 1076/5000 135.6it/s 7.9s<28.9s[K                 Class     Images  Instances      Box(P          R      mAP50  mAP50-95): 22% ━━╸───────── 1090/5000 136.4it/s 8.0s<28.7s[K                 Class     Images  Instances      Box(P          R      mAP50  mAP50-95): 22% ━━╸───────── 1104/5000 136.8it/s 8.1s<28.5s[K                 Class     Images  Instances      Box(P          R      mAP50  mAP50-95): 22% ━━╸───────── 1119/5000 137.8it/s 8.2s<28.2s[K                 Class     Images  Instances      Box(P          R      mAP50  mAP50-95): 23% ━━╸───────── 1133/5000 136.9it/s 8.3s<28.3s[K                 Class     Images  Instances      Box(P          R      mAP50  mAP50-95): 23% ━━╸───────── 1148/5000 137.7it/s 8.4s<28.0s[K                 Class     Images  Instances      Box(P          R      mAP50  mAP50-95): 23% ━━╸───────── 1163/5000 138.4it/s 8.5s<27.7s[K                 Class     Images  Instances      Box(P          R      mAP50  mAP50-95): 24% ━━╸───────── 1177/5000 137.5it/s 8.7s<27.8s[K                 Class     Images  Instances      Box(P          R      mAP50  mAP50-95): 24% ━━╸───────── 1191/5000 137.0it/s 8.8s<27.8s[K                 Class     Images  Instances      Box(P          R      mAP50  mAP50-95): 24% ━━╸───────── 1205/5000 136.3it/s 8.9s<27.8s[K                 Class     Images  Instances      Box(P          R      mAP50  mAP50-95): 24% ━━╸───────── 1219/5000 134.6it/s 9.0s<28.1s[K                 Class     Images  Instances      Box(P          R      mAP50  mAP50-95): 25% ━━╸───────── 1232/5000 131.1it/s 9.1s<28.7s[K                 Class     Images  Instances      Box(P          R      mAP50  mAP50-95): 25% ━━╸───────── 1244/5000 126.4it/s 9.2s<29.7s[K                 Class     Images  Instances      Box(P          R      mAP50  mAP50-95): 25% ━━━───────── 1258/5000 127.9it/s 9.3s<29.2s[K                 Class     Images  Instances      Box(P          R      mAP50  mAP50-95): 25% ━━━───────── 1272/5000 129.5it/s 9.4s<28.8s[K                 Class     Images  Instances      Box(P          R      mAP50  mAP50-95): 26% ━━━───────── 1287/5000 134.0it/s 9.5s<27.7s[K                 Class     Images  Instances      Box(P          R      mAP50  mAP50-95): 26% ━━━───────── 1302/5000 136.5it/s 9.6s<27.1s[K                 Class     Images  Instances      Box(P          R      mAP50  mAP50-95): 26% ━━━───────── 1317/5000 138.7it/s 9.7s<26.6s[K                 Class     Images  Instances      Box(P          R      mAP50  mAP50-95): 27% ━━━───────── 1332/5000 140.7it/s 9.8s<26.1s[K                 Class     Images  Instances      Box(P          R      mAP50  mAP50-95): 27% ━━━───────── 1346/5000 139.1it/s 9.9s<26.3s[K                 Class     Images  Instances      Box(P          R      mAP50  mAP50-95): 27% ━━━───────── 1361/5000 141.2it/s 10.0s<25.8s[K                 Class     Images  Instances      Box(P          R      mAP50  mAP50-95): 28% ━━━───────── 1376/5000 142.5it/s 10.1s<25.4s[K                 Class     Images  Instances      Box(P          R      mAP50  mAP50-95): 28% ━━━───────── 1391/5000 143.0it/s 10.2s<25.2s[K                 Class     Images  Instances      Box(P          R      mAP50  mAP50-95): 28% ━━━───────── 1406/5000 142.0it/s 10.3s<25.3s[K                 Class     Images  Instances      Box(P          R      mAP50  mAP50-95): 28% ━━━───────── 1421/5000 142.5it/s 10.4s<25.1s[K                 Class     Images  Instances      Box(P          R      mAP50  mAP50-95): 29% ━━━───────── 1435/5000 141.5it/s 10.5s<25.2s[K                 Class     Images  Instances      Box(P          R      mAP50  mAP50-95): 29% ━━━───────── 1450/5000 141.4it/s 10.6s<25.1s[K                 Class     Images  Instances      Box(P          R      mAP50  mAP50-95): 29% ━━━╸──────── 1465/5000 143.0it/s 10.7s<24.7s[K                 Class     Images  Instances      Box(P          R      mAP50  mAP50-95): 30% ━━━╸──────── 1479/5000 140.6it/s 10.8s<25.0s[K                 Class     Images  Instances      Box(P          R      mAP50  mAP50-95): 30% ━━━╸──────── 1493/5000 139.1it/s 10.9s<25.2s[K                 Class     Images  Instances      Box(P          R      mAP50  mAP50-95): 30% ━━━╸──────── 1507/5000 138.4it/s 11.0s<25.2s[K                 Class     Images  Instances      Box(P          R      mAP50  mAP50-95): 30% ━━━╸──────── 1522/5000 140.4it/s 11.1s<24.8s[K                 Class     Images  Instances      Box(P          R      mAP50  mAP50-95): 31% ━━━╸──────── 1537/5000 141.4it/s 11.3s<24.5s[K                 Class     Images  Instances      Box(P          R      mAP50  mAP50-95): 31% ━━━╸──────── 1551/5000 140.9it/s 11.4s<24.5s[K                 Class     Images  Instances      Box(P          R      mAP50  mAP50-95): 31% ━━━╸──────── 1565/5000 139.1it/s 11.5s<24.7s[K                 Class     Images  Instances      Box(P          R      mAP50  mAP50-95): 32% ━━━╸──────── 1579/5000 137.9it/s 11.6s<24.8s[K                 Class     Images  Instances      Box(P          R      mAP50  mAP50-95): 32% ━━━╸──────── 1593/5000 138.0it/s 11.7s<24.7s[K                 Class     Images  Instances      Box(P          R      mAP50  mAP50-95): 32% ━━━╸──────── 1607/5000 137.7it/s 11.8s<24.6s[K                 Class     Images  Instances      Box(P          R      mAP50  mAP50-95): 32% ━━━╸──────── 1622/5000 139.5it/s 11.9s<24.2s[K                 Class     Images  Instances      Box(P          R      mAP50  mAP50-95): 33% ━━━╸──────── 1636/5000 139.0it/s 12.0s<24.2s[K                 Class     Images  Instances      Box(P          R      mAP50  mAP50-95): 33% ━━━╸──────── 1651/5000 139.3it/s 12.1s<24.0s[K                 Class     Images  Instances      Box(P          R      mAP50  mAP50-95): 33% ━━━╸──────── 1665/5000 138.0it/s 12.2s<24.2s[K                 Class     Images  Instances      Box(P          R      mAP50  mAP50-95): 34% ━━━━──────── 1679/5000 137.3it/s 12.3s<24.2s[K                 Class     Images  Instances      Box(P          R      mAP50  mAP50-95): 34% ━━━━──────── 1693/5000 135.4it/s 12.4s<24.4s[K                 Class     Images  Instances      Box(P          R      mAP50  mAP50-95): 34% ━━━━──────── 1707/5000 135.3it/s 12.5s<24.3s[K                 Class     Images  Instances      Box(P          R      mAP50  mAP50-95): 34% ━━━━──────── 1720/5000 133.1it/s 12.6s<24.7s[K                 Class     Images  Instances      Box(P          R      mAP50  mAP50-95): 35% ━━━━──────── 1734/5000 134.3it/s 12.7s<24.3s[K                 Class     Images  Instances      Box(P          R      mAP50  mAP50-95): 35% ━━━━──────── 1749/5000 137.0it/s 12.8s<23.7s[K                 Class     Images  Instances      Box(P          R      mAP50  mAP50-95): 35% ━━━━──────── 1764/5000 139.0it/s 12.9s<23.3s[K                 Class     Images  Instances      Box(P          R      mAP50  mAP50-95): 36% ━━━━──────── 1779/5000 139.7it/s 13.0s<23.1s[K                 Class     Images  Instances      Box(P          R      mAP50  mAP50-95): 36% ━━━━──────── 1794/5000 140.4it/s 13.1s<22.8s[K                 Class     Images  Instances      Box(P          R      mAP50  mAP50-95): 36% ━━━━──────── 1809/5000 141.0it/s 13.2s<22.6s[K                 Class     Images  Instances      Box(P          R      mAP50  mAP50-95): 36% ━━━━──────── 1822/5000 136.4it/s 13.3s<23.3s[K                 Class     Images  Instances      Box(P          R      mAP50  mAP50-95): 37% ━━━━──────── 1836/5000 135.9it/s 13.4s<23.3s[K                 Class     Images  Instances      Box(P          R      mAP50  mAP50-95): 37% ━━━━──────── 1851/5000 138.3it/s 13.5s<22.8s[K                 Class     Images  Instances      Box(P          R      mAP50  mAP50-95): 37% ━━━━──────── 1864/5000 135.4it/s 13.6s<23.2s[K                 Class     Images  Instances      Box(P          R      mAP50  mAP50-95): 38% ━━━━╸─────── 1878/5000 136.6it/s 13.7s<22.9s[K                 Class     Images  Instances      Box(P          R      mAP50  mAP50-95): 38% ━━━━╸─────── 1892/5000 136.7it/s 13.8s<22.7s[K                 Class     Images  Instances      Box(P          R      mAP50  mAP50-95): 38% ━━━━╸─────── 1906/5000 136.7it/s 13.9s<22.6s[K                 Class     Images  Instances      Box(P          R      mAP50  mAP50-95): 38% ━━━━╸─────── 1921/5000 139.7it/s 14.0s<22.0s[K                 Class     Images  Instances      Box(P          R      mAP50  mAP50-95): 39% ━━━━╸─────── 1935/5000 138.0it/s 14.1s<22.2s[K                 Class     Images  Instances      Box(P          R      mAP50  mAP50-95): 39% ━━━━╸─────── 1949/5000 137.5it/s 14.3s<22.2s[K                 Class     Images  Instances      Box(P          R      mAP50  mAP50-95): 39% ━━━━╸─────── 1963/5000 138.2it/s 14.4s<22.0s[K                 Class     Images  Instances      Box(P          R      mAP50  mAP50-95): 40% ━━━━╸─────── 1977/5000 136.0it/s 14.5s<22.2s[K                 Class     Images  Instances      Box(P          R      mAP50  mAP50-95): 40% ━━━━╸─────── 1992/5000 138.4it/s 14.6s<21.7s[K                 Class     Images  Instances      Box(P          R      mAP50  mAP50-95): 40% ━━━━╸─────── 2006/5000 138.0it/s 14.7s<21.7s[K                 Class     Images  Instances      Box(P          R      mAP50  mAP50-95): 40% ━━━━╸─────── 2020/5000 135.4it/s 14.8s<22.0s[K                 Class     Images  Instances      Box(P          R      mAP50  mAP50-95): 41% ━━━━╸─────── 2034/5000 136.7it/s 14.9s<21.7s[K                 Class     Images  Instances      Box(P          R      mAP50  mAP50-95): 41% ━━━━╸─────── 2048/5000 135.1it/s 15.0s<21.9s[K                 Class     Images  Instances      Box(P          R      mAP50  mAP50-95): 41% ━━━━╸─────── 2062/5000 135.0it/s 15.1s<21.8s[K                 Class     Images  Instances      Box(P          R      mAP50  mAP50-95): 42% ━━━━╸─────── 2076/5000 134.7it/s 15.2s<21.7s[K                 Class     Images  Instances      Box(P          R      mAP50  mAP50-95): 42% ━━━━━─────── 2089/5000 133.0it/s 15.3s<21.9s[K                 Class     Images  Instances      Box(P          R      mAP50  mAP50-95): 42% ━━━━━─────── 2103/5000 133.7it/s 15.4s<21.7s[K                 Class     Images  Instances      Box(P          R      mAP50  mAP50-95): 42% ━━━━━─────── 2116/5000 132.1it/s 15.5s<21.8s[K                 Class     Images  Instances      Box(P          R      mAP50  mAP50-95): 43% ━━━━━─────── 2130/5000 132.5it/s 15.6s<21.7s[K                 Class     Images  Instances      Box(P          R      mAP50  mAP50-95): 43% ━━━━━─────── 2144/5000 132.7it/s 15.7s<21.5s[K                 Class     Images  Instances      Box(P          R      mAP50  mAP50-95): 43% ━━━━━─────── 2158/5000 133.7it/s 15.8s<21.3s[K                 Class     Images  Instances      Box(P          R      mAP50  mAP50-95): 43% ━━━━━─────── 2172/5000 134.9it/s 15.9s<21.0s[K                 Class     Images  Instances      Box(P          R      mAP50  mAP50-95): 44% ━━━━━─────── 2186/5000 134.9it/s 16.0s<20.9s[K                 Class     Images  Instances      Box(P          R      mAP50  mAP50-95): 44% ━━━━━─────── 2200/5000 135.1it/s 16.1s<20.7s[K                 Class     Images  Instances      Box(P          R      mAP50  mAP50-95): 44% ━━━━━─────── 2213/5000 132.4it/s 16.2s<21.1s[K                 Class     Images  Instances      Box(P          R      mAP50  mAP50-95): 45% ━━━━━─────── 2226/5000 131.6it/s 16.3s<21.1s[K                 Class     Images  Instances      Box(P          R      mAP50  mAP50-95): 45% ━━━━━─────── 2240/5000 132.1it/s 16.4s<20.9s[K                 Class     Images  Instances      Box(P          R      mAP50  mAP50-95): 45% ━━━━━─────── 2253/5000 130.0it/s 16.5s<21.1s[K                 Class     Images  Instances      Box(P          R      mAP50  mAP50-95): 45% ━━━━━─────── 2267/5000 131.6it/s 16.6s<20.8s[K                 Class     Images  Instances      Box(P          R      mAP50  mAP50-95): 46% ━━━━━─────── 2281/5000 132.3it/s 16.7s<20.5s[K                 Class     Images  Instances      Box(P          R      mAP50  mAP50-95): 46% ━━━━━╸────── 2295/5000 133.9it/s 16.8s<20.2s[K                 Class     Images  Instances      Box(P          R      mAP50  mAP50-95): 46% ━━━━━╸────── 2309/5000 134.2it/s 16.9s<20.1s[K                 Class     Images  Instances      Box(P          R      mAP50  mAP50-95): 46% ━━━━━╸────── 2323/5000 135.4it/s 17.0s<19.8s[K                 Class     Images  Instances      Box(P          R      mAP50  mAP50-95): 47% ━━━━━╸────── 2338/5000 137.5it/s 17.1s<19.4s[K                 Class     Images  Instances      Box(P          R      mAP50  mAP50-95): 47% ━━━━━╸────── 2352/5000 135.9it/s 17.3s<19.5s[K                 Class     Images  Instances      Box(P          R      mAP50  mAP50-95): 47% ━━━━━╸────── 2365/5000 133.2it/s 17.4s<19.8s[K                 Class     Images  Instances      Box(P          R      mAP50  mAP50-95): 48% ━━━━━╸────── 2378/5000 131.8it/s 17.5s<19.9s[K                 Class     Images  Instances      Box(P          R      mAP50  mAP50-95): 48% ━━━━━╸────── 2392/5000 131.9it/s 17.6s<19.8s[K                 Class     Images  Instances      Box(P          R      mAP50  mAP50-95): 48% ━━━━━╸────── 2406/5000 131.2it/s 17.7s<19.8s[K                 Class     Images  Instances      Box(P          R      mAP50  mAP50-95): 48% ━━━━━╸────── 2420/5000 131.4it/s 17.8s<19.6s[K                 Class     Images  Instances      Box(P          R      mAP50  mAP50-95): 49% ━━━━━╸────── 2434/5000 131.3it/s 17.9s<19.5s[K                 Class     Images  Instances      Box(P          R      mAP50  mAP50-95): 49% ━━━━━╸────── 2448/5000 131.4it/s 18.0s<19.4s[K                 Class     Images  Instances      Box(P          R      mAP50  mAP50-95): 49% ━━━━━╸────── 2461/5000 130.5it/s 18.1s<19.5s[K                 Class     Images  Instances      Box(P          R      mAP50  mAP50-95): 50% ━━━━━╸────── 2475/5000 130.3it/s 18.2s<19.4s[K                 Class     Images  Instances      Box(P          R      mAP50  mAP50-95): 50% ━━━━━╸────── 2489/5000 130.8it/s 18.3s<19.2s[K                 Class     Images  Instances      Box(P          R      mAP50  mAP50-95): 50% ━━━━━━────── 2503/5000 131.9it/s 18.4s<18.9s[K                 Class     Images  Instances      Box(P          R      mAP50  mAP50-95): 50% ━━━━━━────── 2517/5000 131.5it/s 18.5s<18.9s[K                 Class     Images  Instances      Box(P          R      mAP50  mAP50-95): 51% ━━━━━━────── 2531/5000 131.5it/s 18.6s<18.8s[K                 Class     Images  Instances      Box(P          R      mAP50  mAP50-95): 51% ━━━━━━────── 2545/5000 132.1it/s 18.7s<18.6s[K                 Class     Images  Instances      Box(P          R      mAP50  mAP50-95): 51% ━━━━━━────── 2559/5000 132.4it/s 18.8s<18.4s[K                 Class     Images  Instances      Box(P          R      mAP50  mAP50-95): 51% ━━━━━━────── 2573/5000 131.5it/s 18.9s<18.5s[K                 Class     Images  Instances      Box(P          R      mAP50  mAP50-95): 52% ━━━━━━────── 2587/5000 132.8it/s 19.0s<18.2s[K                 Class     Images  Instances      Box(P          R      mAP50  mAP50-95): 52% ━━━━━━────── 2601/5000 133.2it/s 19.1s<18.0s[K                 Class     Images  Instances      Box(P          R      mAP50  mAP50-95): 52% ━━━━━━────── 2615/5000 132.9it/s 19.3s<17.9s[K                 Class     Images  Instances      Box(P          R      mAP50  mAP50-95): 53% ━━━━━━────── 2629/5000 132.2it/s 19.4s<17.9s[K                 Class     Images  Instances      Box(P          R      mAP50  mAP50-95): 53% ━━━━━━────── 2643/5000 133.8it/s 19.5s<17.6s[K                 Class     Images  Instances      Box(P          R      mAP50  mAP50-95): 53% ━━━━━━────── 2657/5000 133.1it/s 19.6s<17.6s[K                 Class     Images  Instances      Box(P          R      mAP50  mAP50-95): 53% ━━━━━━────── 2672/5000 135.1it/s 19.7s<17.2s[K                 Class     Images  Instances      Box(P          R      mAP50  mAP50-95): 54% ━━━━━━────── 2686/5000 135.3it/s 19.8s<17.1s[K                 Class     Images  Instances      Box(P          R      mAP50  mAP50-95): 54% ━━━━━━────── 2701/5000 137.7it/s 19.9s<16.7s[K                 Class     Images  Instances      Box(P          R      mAP50  mAP50-95): 54% ━━━━━━╸───── 2715/5000 137.7it/s 20.0s<16.6s[K                 Class     Images  Instances      Box(P          R      mAP50  mAP50-95): 55% ━━━━━━╸───── 2729/5000 136.8it/s 20.1s<16.6s[K                 Class     Images  Instances      Box(P          R      mAP50  mAP50-95): 55% ━━━━━━╸───── 2743/5000 137.5it/s 20.2s<16.4s[K                 Class     Images  Instances      Box(P          R      mAP50  mAP50-95): 55% ━━━━━━╸───── 2757/5000 137.2it/s 20.3s<16.4s[K                 Class     Images  Instances      Box(P          R      mAP50  mAP50-95): 55% ━━━━━━╸───── 2772/5000 138.4it/s 20.4s<16.1s[K                 Class     Images  Instances      Box(P          R      mAP50  mAP50-95): 56% ━━━━━━╸───── 2786/5000 136.7it/s 20.5s<16.2s[K                 Class     Images  Instances      Box(P          R      mAP50  mAP50-95): 56% ━━━━━━╸───── 2800/5000 137.2it/s 20.6s<16.0s[K                 Class     Images  Instances      Box(P          R      mAP50  mAP50-95): 56% ━━━━━━╸───── 2814/5000 137.0it/s 20.7s<16.0s[K                 Class     Images  Instances      Box(P          R      mAP50  mAP50-95): 57% ━━━━━━╸───── 2826/5000 131.6it/s 20.8s<16.5s[K                 Class     Images  Instances      Box(P          R      mAP50  mAP50-95): 57% ━━━━━━╸───── 2840/5000 131.6it/s 20.9s<16.4s[K                 Class     Images  Instances      Box(P          R      mAP50  mAP50-95): 57% ━━━━━━╸───── 2853/5000 131.1it/s 21.0s<16.4s[K                 Class     Images  Instances      Box(P          R      mAP50  mAP50-95): 57% ━━━━━━╸───── 2867/5000 132.9it/s 21.1s<16.0s[K                 Class     Images  Instances      Box(P          R      mAP50  mAP50-95): 58% ━━━━━━╸───── 2881/5000 133.6it/s 21.2s<15.9s[K                 Class     Images  Instances      Box(P          R      mAP50  mAP50-95): 58% ━━━━━━╸───── 2895/5000 134.8it/s 21.3s<15.6s[K                 Class     Images  Instances      Box(P          R      mAP50  mAP50-95): 58% ━━━━━━╸───── 2909/5000 134.6it/s 21.4s<15.5s[K                 Class     Images  Instances      Box(P          R      mAP50  mAP50-95): 58% ━━━━━━━───── 2923/5000 133.3it/s 21.5s<15.6s[K                 Class     Images  Instances      Box(P          R      mAP50  mAP50-95): 59% ━━━━━━━───── 2937/5000 133.8it/s 21.6s<15.4s[K                 Class     Images  Instances      Box(P          R      mAP50  mAP50-95): 59% ━━━━━━━───── 2951/5000 132.4it/s 21.7s<15.5s[K                 Class     Images  Instances      Box(P          R      mAP50  mAP50-95): 59% ━━━━━━━───── 2965/5000 133.9it/s 21.9s<15.2s[K                 Class     Images  Instances      Box(P          R      mAP50  mAP50-95): 60% ━━━━━━━───── 2979/5000 133.6it/s 22.0s<15.1s[K                 Class     Images  Instances      Box(P          R      mAP50  mAP50-95): 60% ━━━━━━━───── 2993/5000 132.6it/s 22.1s<15.1s[K                 Class     Images  Instances      Box(P          R      mAP50  mAP50-95): 60% ━━━━━━━───── 3008/5000 135.8it/s 22.2s<14.7s[K                 Class     Images  Instances      Box(P          R      mAP50  mAP50-95): 60% ━━━━━━━───── 3021/5000 133.4it/s 22.3s<14.8s[K                 Class     Images  Instances      Box(P          R      mAP50  mAP50-95): 61% ━━━━━━━───── 3035/5000 134.0it/s 22.4s<14.7s[K                 Class     Images  Instances      Box(P          R      mAP50  mAP50-95): 61% ━━━━━━━───── 3049/5000 135.3it/s 22.5s<14.4s[K                 Class     Images  Instances      Box(P          R      mAP50  mAP50-95): 61% ━━━━━━━───── 3063/5000 136.0it/s 22.6s<14.2s[K                 Class     Images  Instances      Box(P          R      mAP50  mAP50-95): 62% ━━━━━━━───── 3077/5000 136.2it/s 22.7s<14.1s[K                 Class     Images  Instances      Box(P          R      mAP50  mAP50-95): 62% ━━━━━━━───── 3091/5000 136.0it/s 22.8s<14.0s[K                 Class     Images  Instances      Box(P          R      mAP50  mAP50-95): 62% ━━━━━━━───── 3105/5000 135.7it/s 22.9s<14.0s[K                 Class     Images  Instances      Box(P          R      mAP50  mAP50-95): 62% ━━━━━━━───── 3119/5000 135.9it/s 23.0s<13.8s[K                 Class     Images  Instances      Box(P          R      mAP50  mAP50-95): 63% ━━━━━━━╸──── 3132/5000 133.8it/s 23.1s<14.0s[K                 Class     Images  Instances      Box(P          R      mAP50  mAP50-95): 63% ━━━━━━━╸──── 3146/5000 134.7it/s 23.2s<13.8s[K                 Class     Images  Instances      Box(P          R      mAP50  mAP50-95): 63% ━━━━━━━╸──── 3161/5000 136.3it/s 23.3s<13.5s[K                 Class     Images  Instances      Box(P          R      mAP50  mAP50-95): 64% ━━━━━━━╸──── 3175/5000 135.8it/s 23.4s<13.4s[K                 Class     Images  Instances      Box(P          R      mAP50  mAP50-95): 64% ━━━━━━━╸──── 3189/5000 134.9it/s 23.5s<13.4s[K                 Class     Images  Instances      Box(P          R      mAP50  mAP50-95): 64% ━━━━━━━╸──── 3203/5000 135.3it/s 23.6s<13.3s[K                 Class     Images  Instances      Box(P          R      mAP50  mAP50-95): 64% ━━━━━━━╸──── 3217/5000 134.9it/s 23.7s<13.2s[K                 Class     Images  Instances      Box(P          R      mAP50  mAP50-95): 65% ━━━━━━━╸──── 3230/5000 131.1it/s 23.8s<13.5s[K                 Class     Images  Instances      Box(P          R      mAP50  mAP50-95): 65% ━━━━━━━╸──── 3244/5000 132.1it/s 23.9s<13.3s[K                 Class     Images  Instances      Box(P          R      mAP50  mAP50-95): 65% ━━━━━━━╸──── 3258/5000 131.7it/s 24.0s<13.2s[K                 Class     Images  Instances      Box(P          R      mAP50  mAP50-95): 65% ━━━━━━━╸──── 3271/5000 129.9it/s 24.1s<13.3s[K                 Class     Images  Instances      Box(P          R      mAP50  mAP50-95): 66% ━━━━━━━╸──── 3285/5000 130.1it/s 24.2s<13.2s[K                 Class     Images  Instances      Box(P          R      mAP50  mAP50-95): 66% ━━━━━━━╸──── 3298/5000 129.5it/s 24.3s<13.1s[K                 Class     Images  Instances      Box(P          R      mAP50  mAP50-95): 66% ━━━━━━━╸──── 3312/5000 129.9it/s 24.5s<13.0s[K                 Class     Images  Instances      Box(P          R      mAP50  mAP50-95): 66% ━━━━━━━╸──── 3325/5000 129.5it/s 24.6s<12.9s[K                 Class     Images  Instances      Box(P          R      mAP50  mAP50-95): 67% ━━━━━━━━──── 3339/5000 130.4it/s 24.7s<12.7s[K                 Class     Images  Instances      Box(P          R      mAP50  mAP50-95): 67% ━━━━━━━━──── 3353/5000 132.0it/s 24.8s<12.5s[K                 Class     Images  Instances      Box(P          R      mAP50  mAP50-95): 67% ━━━━━━━━──── 3367/5000 131.8it/s 24.9s<12.4s[K                 Class     Images  Instances      Box(P          R      mAP50  mAP50-95): 68% ━━━━━━━━──── 3381/5000 131.6it/s 25.0s<12.3s[K                 Class     Images  Instances      Box(P          R      mAP50  mAP50-95): 68% ━━━━━━━━──── 3395/5000 134.1it/s 25.1s<12.0s[K                 Class     Images  Instances      Box(P          R      mAP50  mAP50-95): 68% ━━━━━━━━──── 3409/5000 134.6it/s 25.2s<11.8s[K                 Class     Images  Instances      Box(P          R      mAP50  mAP50-95): 68% ━━━━━━━━──── 3423/5000 134.0it/s 25.3s<11.8s[K                 Class     Images  Instances      Box(P          R      mAP50  mAP50-95): 69% ━━━━━━━━──── 3435/5000 129.1it/s 25.4s<12.1s[K                 Class     Images  Instances      Box(P          R      mAP50  mAP50-95): 69% ━━━━━━━━──── 3447/5000 125.4it/s 25.5s<12.4s[K                 Class     Images  Instances      Box(P          R      mAP50  mAP50-95): 69% ━━━━━━━━──── 3461/5000 129.5it/s 25.6s<11.9s[K                 Class     Images  Instances      Box(P          R      mAP50  mAP50-95): 70% ━━━━━━━━──── 3476/5000 132.5it/s 25.7s<11.5s[K                 Class     Images  Instances      Box(P          R      mAP50  mAP50-95): 70% ━━━━━━━━──── 3491/5000 134.3it/s 25.8s<11.2s[K                 Class     Images  Instances      Box(P          R      mAP50  mAP50-95): 70% ━━━━━━━━──── 3505/5000 133.8it/s 25.9s<11.2s[K                 Class     Images  Instances      Box(P          R      mAP50  mAP50-95): 70% ━━━━━━━━──── 3519/5000 133.4it/s 26.0s<11.1s[K                 Class     Images  Instances      Box(P          R      mAP50  mAP50-95): 71% ━━━━━━━━──── 3533/5000 133.5it/s 26.1s<11.0s[K                 Class     Images  Instances      Box(P          R      mAP50  mAP50-95): 71% ━━━━━━━━╸─── 3547/5000 134.1it/s 26.2s<10.8s[K                 Class     Images  Instances      Box(P          R      mAP50  mAP50-95): 71% ━━━━━━━━╸─── 3561/5000 133.2it/s 26.3s<10.8s[K                 Class     Images  Instances      Box(P          R      mAP50  mAP50-95): 72% ━━━━━━━━╸─── 3575/5000 133.0it/s 26.4s<10.7s[K                 Class     Images  Instances      Box(P          R      mAP50  mAP50-95): 72% ━━━━━━━━╸─── 3589/5000 131.9it/s 26.5s<10.7s[K                 Class     Images  Instances      Box(P          R      mAP50  mAP50-95): 72% ━━━━━━━━╸─── 3603/5000 133.8it/s 26.6s<10.4s[K                 Class     Images  Instances      Box(P          R      mAP50  mAP50-95): 72% ━━━━━━━━╸─── 3617/5000 133.8it/s 26.8s<10.3s[K                 Class     Images  Instances      Box(P          R      mAP50  mAP50-95): 73% ━━━━━━━━╸─── 3631/5000 132.8it/s 26.9s<10.3s[K                 Class     Images  Instances      Box(P          R      mAP50  mAP50-95): 73% ━━━━━━━━╸─── 3645/5000 133.3it/s 27.0s<10.2s[K                 Class     Images  Instances      Box(P          R      mAP50  mAP50-95): 73% ━━━━━━━━╸─── 3659/5000 133.7it/s 27.1s<10.0s[K                 Class     Images  Instances      Box(P          R      mAP50  mAP50-95): 73% ━━━━━━━━╸─── 3673/5000 133.6it/s 27.2s<9.9s[K                 Class     Images  Instances      Box(P          R      mAP50  mAP50-95): 74% ━━━━━━━━╸─── 3687/5000 133.1it/s 27.3s<9.9s[K                 Class     Images  Instances      Box(P          R      mAP50  mAP50-95): 74% ━━━━━━━━╸─── 3701/5000 134.5it/s 27.4s<9.7s[K                 Class     Images  Instances      Box(P          R      mAP50  mAP50-95): 74% ━━━━━━━━╸─── 3714/5000 132.8it/s 27.5s<9.7s[K                 Class     Images  Instances      Box(P          R      mAP50  mAP50-95): 75% ━━━━━━━━╸─── 3729/5000 136.4it/s 27.6s<9.3s[K                 Class     Images  Instances      Box(P          R      mAP50  mAP50-95): 75% ━━━━━━━━╸─── 3743/5000 137.1it/s 27.7s<9.2s[K                 Class     Images  Instances      Box(P          R      mAP50  mAP50-95): 75% ━━━━━━━━━─── 3753/5000 124.9it/s 27.8s<10.0s[K                 Class     Images  Instances      Box(P          R      mAP50  mAP50-95): 75% ━━━━━━━━━─── 3768/5000 130.6it/s 27.9s<9.4s[K                 Class     Images  Instances      Box(P          R      mAP50  mAP50-95): 76% ━━━━━━━━━─── 3783/5000 133.8it/s 28.0s<9.1s[K                 Class     Images  Instances      Box(P          R      mAP50  mAP50-95): 76% ━━━━━━━━━─── 3797/5000 135.6it/s 28.1s<8.9s[K                 Class     Images  Instances      Box(P          R      mAP50  mAP50-95): 76% ━━━━━━━━━─── 3812/5000 137.2it/s 28.2s<8.7s[K                 Class     Images  Instances      Box(P          R      mAP50  mAP50-95): 77% ━━━━━━━━━─── 3827/5000 138.9it/s 28.3s<8.4s[K                 Class     Images  Instances      Box(P          R      mAP50  mAP50-95): 77% ━━━━━━━━━─── 3842/5000 140.4it/s 28.4s<8.2s[K                 Class     Images  Instances      Box(P          R      mAP50  mAP50-95): 77% ━━━━━━━━━─── 3857/5000 141.1it/s 28.5s<8.1s[K                 Class     Images  Instances      Box(P          R      mAP50  mAP50-95): 77% ━━━━━━━━━─── 3871/5000 140.3it/s 28.6s<8.0s[K                 Class     Images  Instances      Box(P          R      mAP50  mAP50-95): 78% ━━━━━━━━━─── 3886/5000 141.3it/s 28.7s<7.9s[K                 Class     Images  Instances      Box(P          R      mAP50  mAP50-95): 78% ━━━━━━━━━─── 3901/5000 141.2it/s 28.8s<7.8s[K                 Class     Images  Instances      Box(P          R      mAP50  mAP50-95): 78% ━━━━━━━━━─── 3916/5000 140.9it/s 28.9s<7.7s[K                 Class     Images  Instances      Box(P          R      mAP50  mAP50-95): 79% ━━━━━━━━━─── 3931/5000 140.8it/s 29.0s<7.6s[K                 Class     Images  Instances      Box(P          R      mAP50  mAP50-95): 79% ━━━━━━━━━─── 3946/5000 140.9it/s 29.2s<7.5s[K                 Class     Images  Instances      Box(P          R      mAP50  mAP50-95): 79% ━━━━━━━━━╸── 3961/5000 141.6it/s 29.3s<7.3s[K                 Class     Images  Instances      Box(P          R      mAP50  mAP50-95): 80% ━━━━━━━━━╸── 3976/5000 142.8it/s 29.4s<7.2s[K                 Class     Images  Instances      Box(P          R      mAP50  mAP50-95): 80% ━━━━━━━━━╸── 3991/5000 143.8it/s 29.5s<7.0s[K                 Class     Images  Instances      Box(P          R      mAP50  mAP50-95): 80% ━━━━━━━━━╸── 4005/5000 142.6it/s 29.6s<7.0s[K                 Class     Images  Instances      Box(P          R      mAP50  mAP50-95): 80% ━━━━━━━━━╸── 4020/5000 142.1it/s 29.7s<6.9s[K                 Class     Images  Instances      Box(P          R      mAP50  mAP50-95): 80% ━━━━━━━━━╸── 4025/5000 108.9it/s 29.8s<9.0s[K                 Class     Images  Instances      Box(P          R      mAP50  mAP50-95): 81% ━━━━━━━━━╸── 4033/5000 99.3it/s 29.9s<9.7s[K                 Class     Images  Instances      Box(P          R      mAP50  mAP50-95): 81% ━━━━━━━━━╸── 4046/5000 107.6it/s 30.0s<8.9s[K                 Class     Images  Instances      Box(P          R      mAP50  mAP50-95): 81% ━━━━━━━━━╸── 4060/5000 116.9it/s 30.1s<8.0s[K                 Class     Images  Instances      Box(P          R      mAP50  mAP50-95): 81% ━━━━━━━━━╸── 4073/5000 118.6it/s 30.2s<7.8s[K                 Class     Images  Instances      Box(P          R      mAP50  mAP50-95): 82% ━━━━━━━━━╸── 4086/5000 121.9it/s 30.3s<7.5s[K                 Class     Images  Instances      Box(P          R      mAP50  mAP50-95): 82% ━━━━━━━━━╸── 4100/5000 124.7it/s 30.4s<7.2s[K                 Class     Images  Instances      Box(P          R      mAP50  mAP50-95): 82% ━━━━━━━━━╸── 4114/5000 127.9it/s 30.6s<6.9s[K                 Class     Images  Instances      Box(P          R      mAP50  mAP50-95): 83% ━━━━━━━━━╸── 4128/5000 130.8it/s 30.7s<6.7s[K                 Class     Images  Instances      Box(P          R      mAP50  mAP50-95): 83% ━━━━━━━━━╸── 4142/5000 131.5it/s 30.8s<6.5s[K                 Class     Images  Instances      Box(P          R      mAP50  mAP50-95): 83% ━━━━━━━━━╸── 4156/5000 130.7it/s 30.9s<6.5s[K                 Class     Images  Instances      Box(P          R      mAP50  mAP50-95): 83% ━━━━━━━━━━── 4170/5000 132.7it/s 31.0s<6.3s[K                 Class     Images  Instances      Box(P          R      mAP50  mAP50-95): 84% ━━━━━━━━━━── 4184/5000 133.1it/s 31.1s<6.1s[K                 Class     Images  Instances      Box(P          R      mAP50  mAP50-95): 84% ━━━━━━━━━━── 4197/5000 130.6it/s 31.2s<6.1s[K                 Class     Images  Instances      Box(P          R      mAP50  mAP50-95): 84% ━━━━━━━━━━── 4211/5000 130.9it/s 31.3s<6.0s[K                 Class     Images  Instances      Box(P          R      mAP50  mAP50-95): 84% ━━━━━━━━━━── 4224/5000 130.4it/s 31.4s<6.0s[K                 Class     Images  Instances      Box(P          R      mAP50  mAP50-95): 85% ━━━━━━━━━━── 4238/5000 130.7it/s 31.5s<5.8s[K                 Class     Images  Instances      Box(P          R      mAP50  mAP50-95): 85% ━━━━━━━━━━── 4252/5000 131.9it/s 31.6s<5.7s[K                 Class     Images  Instances      Box(P          R      mAP50  mAP50-95): 85% ━━━━━━━━━━── 4266/5000 132.9it/s 31.7s<5.5s[K                 Class     Images  Instances      Box(P          R      mAP50  mAP50-95): 86% ━━━━━━━━━━── 4280/5000 134.6it/s 31.8s<5.3s[K                 Class     Images  Instances      Box(P          R      mAP50  mAP50-95): 86% ━━━━━━━━━━── 4294/5000 134.9it/s 31.9s<5.2s[K                 Class     Images  Instances      Box(P          R      mAP50  mAP50-95): 86% ━━━━━━━━━━── 4308/5000 135.2it/s 32.0s<5.1s[K                 Class     Images  Instances      Box(P          R      mAP50  mAP50-95): 86% ━━━━━━━━━━── 4322/5000 135.4it/s 32.1s<5.0s[K                 Class     Images  Instances      Box(P          R      mAP50  mAP50-95): 87% ━━━━━━━━━━── 4336/5000 135.7it/s 32.2s<4.9s[K                 Class     Images  Instances      Box(P          R      mAP50  mAP50-95): 87% ━━━━━━━━━━── 4351/5000 137.9it/s 32.3s<4.7s[K                 Class     Images  Instances      Box(P          R      mAP50  mAP50-95): 87% ━━━━━━━━━━── 4366/5000 137.6it/s 32.4s<4.6s[K                 Class     Images  Instances      Box(P          R      mAP50  mAP50-95): 88% ━━━━━━━━━━╸─ 4380/5000 137.4it/s 32.5s<4.5s[K                 Class     Images  Instances      Box(P          R      mAP50  mAP50-95): 88% ━━━━━━━━━━╸─ 4394/5000 137.8it/s 32.6s<4.4s[K                 Class     Images  Instances      Box(P          R      mAP50  mAP50-95): 88% ━━━━━━━━━━╸─ 4408/5000 137.4it/s 32.7s<4.3s[K                 Class     Images  Instances      Box(P          R      mAP50  mAP50-95): 88% ━━━━━━━━━━╸─ 4422/5000 137.5it/s 32.8s<4.2s[K                 Class     Images  Instances      Box(P          R      mAP50  mAP50-95): 89% ━━━━━━━━━━╸─ 4436/5000 137.3it/s 32.9s<4.1s[K                 Class     Images  Instances      Box(P          R      mAP50  mAP50-95): 89% ━━━━━━━━━━╸─ 4450/5000 136.5it/s 33.0s<4.0s[K                 Class     Images  Instances      Box(P          R      mAP50  mAP50-95): 89% ━━━━━━━━━━╸─ 4459/5000 104.2it/s 33.4s<5.2s[K                 Class     Images  Instances      Box(P          R      mAP50  mAP50-95): 89% ━━━━━━━━━━╸─ 4473/5000 113.1it/s 33.5s<4.7s[K                 Class     Images  Instances      Box(P          R      mAP50  mAP50-95): 90% ━━━━━━━━━━╸─ 4487/5000 118.5it/s 33.6s<4.3s[K                 Class     Images  Instances      Box(P          R      mAP50  mAP50-95): 90% ━━━━━━━━━━╸─ 4500/5000 121.8it/s 33.7s<4.1s[K                 Class     Images  Instances      Box(P          R      mAP50  mAP50-95): 90% ━━━━━━━━━━╸─ 4514/5000 124.9it/s 33.8s<3.9s[K                 Class     Images  Instances      Box(P          R      mAP50  mAP50-95): 91% ━━━━━━━━━━╸─ 4528/5000 126.8it/s 33.9s<3.7s[K                 Class     Images  Instances      Box(P          R      mAP50  mAP50-95): 91% ━━━━━━━━━━╸─ 4541/5000 127.5it/s 34.0s<3.6s[K                 Class     Images  Instances      Box(P          R      mAP50  mAP50-95): 91% ━━━━━━━━━━╸─ 4554/5000 127.9it/s 34.1s<3.5s[K                 Class     Images  Instances      Box(P          R      mAP50  mAP50-95): 91% ━━━━━━━━━━╸─ 4568/5000 128.6it/s 34.2s<3.4s[K                 Class     Images  Instances      Box(P          R      mAP50  mAP50-95): 92% ━━━━━━━━━━╸─ 4582/5000 129.7it/s 34.3s<3.2s[K                 Class     Images  Instances      Box(P          R      mAP50  mAP50-95): 92% ━━━━━━━━━━━─ 4596/5000 130.7it/s 34.4s<3.1s[K                 Class     Images  Instances      Box(P          R      mAP50  mAP50-95): 92% ━━━━━━━━━━━─ 4610/5000 130.8it/s 34.5s<3.0s[K                 Class     Images  Instances      Box(P          R      mAP50  mAP50-95): 92% ━━━━━━━━━━━─ 4624/5000 132.2it/s 34.6s<2.8s[K                 Class     Images  Instances      Box(P          R      mAP50  mAP50-95): 93% ━━━━━━━━━━━─ 4637/5000 130.0it/s 34.7s<2.8s[K                 Class     Images  Instances      Box(P          R      mAP50  mAP50-95): 93% ━━━━━━━━━━━─ 4650/5000 127.7it/s 34.8s<2.7s[K                 Class     Images  Instances      Box(P          R      mAP50  mAP50-95): 93% ━━━━━━━━━━━─ 4664/5000 128.8it/s 34.9s<2.6s[K                 Class     Images  Instances      Box(P          R      mAP50  mAP50-95): 94% ━━━━━━━━━━━─ 4678/5000 129.1it/s 35.0s<2.5s[K                 Class     Images  Instances      Box(P          R      mAP50  mAP50-95): 94% ━━━━━━━━━━━─ 4691/5000 128.9it/s 35.1s<2.4s[K                 Class     Images  Instances      Box(P          R      mAP50  mAP50-95): 94% ━━━━━━━━━━━─ 4704/5000 128.5it/s 35.2s<2.3s[K                 Class     Images  Instances      Box(P          R      mAP50  mAP50-95): 94% ━━━━━━━━━━━─ 4717/5000 128.7it/s 35.3s<2.2s[K                 Class     Images  Instances      Box(P          R      mAP50  mAP50-95): 95% ━━━━━━━━━━━─ 4730/5000 129.0it/s 35.4s<2.1s[K                 Class     Images  Instances      Box(P          R      mAP50  mAP50-95): 95% ━━━━━━━━━━━─ 4744/5000 130.4it/s 35.5s<2.0s[K                 Class     Images  Instances      Box(P          R      mAP50  mAP50-95): 95% ━━━━━━━━━━━─ 4757/5000 129.2it/s 35.6s<1.9s[K                 Class     Images  Instances      Box(P          R      mAP50  mAP50-95): 95% ━━━━━━━━━━━─ 4772/5000 132.5it/s 35.7s<1.7s[K                 Class     Images  Instances      Box(P          R      mAP50  mAP50-95): 96% ━━━━━━━━━━━─ 4785/5000 130.8it/s 35.9s<1.6s[K                 Class     Images  Instances      Box(P          R      mAP50  mAP50-95): 96% ━━━━━━━━━━━╸ 4799/5000 131.8it/s 36.0s<1.5s[K                 Class     Images  Instances      Box(P          R      mAP50  mAP50-95): 96% ━━━━━━━━━━━╸ 4812/5000 129.5it/s 36.1s<1.5s[K                 Class     Images  Instances      Box(P          R      mAP50  mAP50-95): 97% ━━━━━━━━━━━╸ 4826/5000 130.9it/s 36.2s<1.3s[K                 Class     Images  Instances      Box(P          R      mAP50  mAP50-95): 97% ━━━━━━━━━━━╸ 4840/5000 131.6it/s 36.3s<1.2s[K                 Class     Images  Instances      Box(P          R      mAP50  mAP50-95): 97% ━━━━━━━━━━━╸ 4854/5000 132.4it/s 36.4s<1.1s[K                 Class     Images  Instances      Box(P          R      mAP50  mAP50-95): 97% ━━━━━━━━━━━╸ 4868/5000 133.3it/s 36.5s<1.0s[K                 Class     Images  Instances      Box(P          R      mAP50  mAP50-95): 98% ━━━━━━━━━━━╸ 4882/5000 133.9it/s 36.6s<0.9s[K                 Class     Images  Instances      Box(P          R      mAP50  mAP50-95): 98% ━━━━━━━━━━━╸ 4895/5000 132.6it/s 36.7s<0.8s[K                 Class     Images  Instances      Box(P          R      mAP50  mAP50-95): 98% ━━━━━━━━━━━╸ 4909/5000 132.2it/s 36.8s<0.7s[K                 Class     Images  Instances      Box(P          R      mAP50  mAP50-95): 98% ━━━━━━━━━━━╸ 4923/5000 133.9it/s 36.9s<0.6s[K                 Class     Images  Instances      Box(P          R      mAP50  mAP50-95): 99% ━━━━━━━━━━━╸ 4936/5000 132.3it/s 37.0s<0.5s[K                 Class     Images  Instances      Box(P          R      mAP50  mAP50-95): 99% ━━━━━━━━━━━╸ 4950/5000 133.8it/s 37.1s<0.4s[K                 Class     Images  Instances      Box(P          R      mAP50  mAP50-95): 99% ━━━━━━━━━━━╸ 4964/5000 134.7it/s 37.2s<0.3s[K                 Class     Images  Instances      Box(P          R      mAP50  mAP50-95): 100% ━━━━━━━━━━━╸ 4978/5000 134.9it/s 37.3s<0.2s[K                 Class     Images  Instances      Box(P          R      mAP50  mAP50-95): 100% ━━━━━━━━━━━╸ 4992/5000 134.7it/s 37.4s<0.1s[K                 Class     Images  Instances      Box(P          R      mAP50  mAP50-95): 100% ━━━━━━━━━━━━ 5000/5000 133.5it/s 37.5s[K                 Class     Images  Instances      Box(P          R      mAP50  mAP50-95): 100% ━━━━━━━━━━━━ 5000/5000 133.5it/s 37.5s
                   all       5000      36335      0.685      0.528       0.58      0.416
Speed: 0.8ms preprocess, 2.8ms inference, 0.0ms loss, 1.0ms postprocess per image
[int8-qdq model] 2.231ms  mAP50 0.5805  mAP50-95 0.4164  size 21.0MB
